event	date	fighter	opponent	verdict	evidence_note
KROSS×OVER.29 -2024 CLIMAX-	2024-12-15	若原 聖	森本 直哉	NOT_MMA	PRO-KICK -57kg
KROSS×OVER.29 -2024 CLIMAX-	2024-12-15	平原 陸	斎藤 龍鬼	NOT_MMA	PRO-KICK Flyweight
KROSS×OVER.29 -2024 CLIMAX-	2024-12-15	旭野 穂	林 眞平	NOT_MMA	PRO-KICK -61.5kg
KROSS×OVER.29 -2024 CLIMAX-	2024-12-15	石川 直樹	中島 凛太郎	NOT_MMA	PRO-MUAY THAI -55kg
KROSS×OVER.29 -2024 CLIMAX-	2024-12-15	永松進之介	一輝	NOT_MMA	PRO-KICK Featherweight
KROSS×OVER.29 -2024 CLIMAX-	2024-12-15	田勢 ジャイル	神谷 瑠以	NOT_MMA	KICK S-Class -60kg
KROSS×OVER.29 -2024 CLIMAX-	2024-12-15	松本徐倫	Uver∞miyU	NOT_MMA	GIRLS-KICK -43.5kg
KROSS×OVER.29 -2024 CLIMAX-	2024-12-15	横山 晏輝	山下 明涼真	NOT_MMA	PRO-KICK Featherweight
KROSS×OVER.29 -2024 CLIMAX-	2024-12-15	小川悠太	乾 秀人	NOT_MMA	KICKウェルター級タイトルマッチ
KROSS×OVER.29 -2024 CLIMAX-	2024-12-15	髙口 賢史郎	白谷フィッシュ征也	NOT_MMA	PRO-KICK Super Featherweight
KROSS×OVER.29 -2024 CLIMAX-	2024-12-15	谷田貝海吏	藤巻 凱	NOT_MMA	Junior Muay Thai -46kg
KROSS×OVER.29 -2024 CLIMAX-	2024-12-15	森本 直哉	若原 聖	NOT_MMA	dup, PRO-KICK -57kg
KROSS×OVER.29 -2024 CLIMAX-	2024-12-15	横山典雄	石川 章太郎	NOT_MMA	OFG MUAY THAI -62kg
KROSS×OVER.29 -2024 CLIMAX-	2024-12-15	工藤 勇樹	Picapeixe	NOT_MMA	PRO-KICK Cruiserweight
KROSS×OVER.29 -2024 CLIMAX-	2024-12-15	神谷 勇輝	土谷 哲星	NOT_MMA	PRO-KICK Super Bantamweight
KROSS×OVER.29 -2024 CLIMAX-	2024-12-15	林 眞平	旭野 穂	NOT_MMA	dup, PRO-KICK -61.5kg
KROSS×OVER.29 -2024 CLIMAX-	2024-12-15	佐野 純平	トミーケン	NOT_MMA	PRO-KICK -63kg
KROSS×OVER.29 -2024 CLIMAX-	2024-12-15	中平 卓見	GUNTHER KALUNDA	NOT_MMA	KICKヘビー級タイトルマッチ
KROSS×OVER.29 -2024 CLIMAX-	2024-12-15	Uver∞miyU	松本 徐倫	NOT_MMA	dup, GIRLS-KICK -43.5kg
KROSS×OVER.29 -2024 CLIMAX-	2024-12-15	般若HASHIMOTO	テレカ∞	NOT_MMA	KICKライト級タイトルマッチ
KROSS×OVER.29 -2024 CLIMAX-	2024-12-15	中島 凛太郎	石川 直樹	NOT_MMA	dup, PRO-MUAY THAI -55kg
KROSS×OVER.29 -2024 CLIMAX-	2024-12-15	チャン	加賀 丞	NOT_MMA	PRO-KICKヘビー級
KROSS×OVER.29 -2024 CLIMAX-	2024-12-15	鈴木 翔大	中村 玲人	NOT_MMA	ジュニアムエタイトーナメント決勝
KROSS×OVER.29 -2024 CLIMAX-	2024-12-15	鈴木 翔大	荒川 凛之介	NOT_MMA	ジュニアムエタイトーナメント準決勝
KROSS×OVER.33	2025-12-07	久郷トオル	恩田 力斗	NOT_MMA	KICK Sクラス-60kg
KROSS×OVER.33	2025-12-07	平原 陸	酒井 柚樹	NOT_MMA	PRO-KICK フライ級王座決定T決勝
KROSS×OVER.33	2025-12-07	瀧山 悠斗	仙波 昌希	NOT_MMA	PRO-KICK -52kg
KROSS×OVER.33	2025-12-07	中澤 誠弥	小野 祥平	NOT_MMA	PRO-KICK -54kg
KROSS×OVER.33	2025-12-07	SEIDO	石川 蓮太	NOT_MMA	PRO-KICK LIGHT WEIGHT T準決勝
KROSS×OVER.33	2025-12-07	翔	竜雅	NOT_MMA	PRO-KICK BANTAMWEIGHT
KROSS×OVER.33	2025-12-07	仙波昌希	瀧山 悠斗	NOT_MMA	dup, PRO-KICK -52kg
KROSS×OVER.33	2025-12-07	酒井柚樹	平原 陸	NOT_MMA	dup, フライ級決勝
KROSS×OVER.33	2025-12-07	田中 秀汰	andrew	NOT_MMA	PRO-KICK SUPERFEATHERWEIGHT
KROSS×OVER.33	2025-12-07	竜雅	翔	NOT_MMA	dup, PRO-KICK -53kg
KROSS×OVER.33	2025-12-07	KENTA	隼人	NOT_MMA	PRO-KICK -76kg
KROSS×OVER.33	2025-12-07	鈴木 力也	夏目 竜雅	NOT_MMA	PRO-KICK SUPERBANTAMWEIGHTタイトルマッチ
KROSS×OVER.33	2025-12-07	小野祥平	中澤 誠弥	NOT_MMA	dup, PRO-KICK -54kg
KROSS×OVER.33	2025-12-07	夏目竜雅	鈴木 力也	NOT_MMA	dup, タイトルマッチ
KROSS×OVER 15	2021-12-05	清水俊貴	石川 滉大	NOT_MMA	Muay Thai -57kg
KROSS×OVER 15	2021-12-05	武 裕太	遠藤 健太郎	NOT_MMA	Kick S-class -63.5kg
KROSS×OVER 15	2021-12-05	冨沢 貴人	濱道 亮太	NOT_MMA	BOX Rules -67kg
KROSS×OVER 15	2021-12-05	遠藤 健太郎	武 裕太	NOT_MMA	dup, Kick S-class
KROSS×OVER 15	2021-12-05	石川 慶	白井 嶺虎	NOT_MMA	Kick S-class -60.5kg
KROSS×OVER 15	2021-12-05	眞暢	不動明王岸田	NOT_MMA	Kickboxing -62.5kg
KROSS×OVER 15	2021-12-05	森本 直哉	小林 京介	NOT_MMA	Kickboxing -60kg
KROSS×OVER 15	2021-12-05	藤本新	Gravedigger	MMA	MMA Welterweight -77.1kg
KROSS×OVER 15	2021-12-05	坂本 寿希	水野 一矢	NOT_MMA	Kickboxing -55kg王座決定T決勝
KROSS×OVER 15	2021-12-05	大久保 祐	曽我 昂史【コウシ・ウォーワンチャイ】	NOT_MMA	Junior Muay Thai -45kg
KROSS×OVER 15	2021-12-05	星野 航大	ハリィ永田	NOT_MMA	Kickboxing -53kg
KROSS×OVER 15	2021-12-05	AIKO	松本 徐倫	NOT_MMA	Kickboxing Girls -44kg
KROSS×OVER 17	2022-04-17	清水俊貴	ガイヤーンMFC	NOT_MMA	Pro Muay Thai -57kg
KROSS×OVER 17	2022-04-17	遠藤 健太郎	我謝 真人	NOT_MMA	Pro-Kick -65kg
KROSS×OVER 17	2022-04-17	雅治	篠原 賢	NOT_MMA	Kickboxing S-Class -58kg
KROSS×OVER 17	2022-04-17	長谷川 豊	倉光 改	NOT_MMA	Pro-Kick -69kg
KROSS×OVER 17	2022-04-17	森本 直哉	不動明王岸田	NOT_MMA	PRO-KICK -60kg
KROSS×OVER 17	2022-04-17	渋江 健司	小椋 柊磨	NOT_MMA	Pro Muay Thai -55kg
KROSS×OVER 17	2022-04-17	藤本新	松信 亮次	NOT_MMA	Pro-Kick -80kg
KROSS×OVER 17	2022-04-17	矢島 直弥	サイモン・シェ	NOT_MMA	PRO-KICK -53kg
KROSS×OVER 17	2022-04-17	渡部 蕾	高木 礼司	NOT_MMA	JUNIOR-MUAYTHAI-45kg
KROSS×OVER 17	2022-04-17	星野 航大	星 憂雅	NOT_MMA	Pro-Kick -53kg
KROSS×OVER -CAGE.8- GENスポーツパレス大会	2026-03-01	久郷トオル	加藤 宥希	NOT_MMA	KICK PART -61kg
KROSS×OVER -CAGE.8- GENスポーツパレス大会	2026-03-01	草野 浩二郎	次田 壮汰	NOT_MMA	KICK PART -52kg
KROSS×OVER -CAGE.8- GENスポーツパレス大会	2026-03-01	瀧山 悠斗	稲垣 優	NOT_MMA	KICK PART -53kg
KROSS×OVER -CAGE.8- GENスポーツパレス大会	2026-03-01	山元剣心	小柳 俊和	NOT_MMA	KICK PART -57.5kg
KROSS×OVER -CAGE.8- GENスポーツパレス大会	2026-03-01	木村 太地	がやお	NOT_MMA	KICK PARTヘビー級
KROSS×OVER -CAGE.8- GENスポーツパレス大会	2026-03-01	谷田貝海吏	竹中 悠獅	NOT_MMA	KICK PART -55kg
KROSS×OVER -CAGE.8- GENスポーツパレス大会	2026-03-01	坂本 寿希	原 拓海	MMA	KROSS×OVER MMA Sクラス-55kg
KROSS×OVER -CAGE.8- GENスポーツパレス大会	2026-03-01	竜雅	田山 侑希	NOT_MMA	PRO-KICK -53.5kg
KROSS×OVER -CAGE.8- GENスポーツパレス大会	2026-03-01	優空	兄	NOT_MMA	KICK PART -51.5kg Fly
KROSS×OVER 14	2021-10-03	武 裕太	村松 寛昌	NOT_MMA	KICK Sクラス-63kg
KROSS×OVER 14	2021-10-03	アンドリュー"KEN"ブリュースター	遠藤 由春	NOT_MMA	PRO-KICK -57kg
KROSS×OVER 14	2021-10-03	小野寺 隼	林 寛太郎	NOT_MMA	KICK Sクラス-57.5kg
KROSS×OVER 14	2021-10-03	緒方 惇	TAMURA	NOT_MMA	メインイベントKICK初代-67.5kgT
KROSS×OVER 14	2021-10-03	小野琥大	山下 榮斗	NOT_MMA	JUNIOR-MUAYTHAI -36kg
KROSS×OVER 14	2021-10-03	坂本 寿希	サイモン・シェ	NOT_MMA	セミファイナルKICK初代-55kgT
KROSS×OVER 14	2021-10-03	大久保 祐	暖東	NOT_MMA	ジュニアムエタイ スーパーファイト
KROSS×OVER 14	2021-10-03	安田 学登	埜口 孝稀	NOT_MMA	PRO-KICK -63kg
KROSS×OVER 14	2021-10-03	落合 正司	水野 一矢	NOT_MMA	メインイベントKICK初代-55kgT
KROSS×OVER -EXTRA.3-	2023-03-05	KAZUNORI	矢島 直弥	NOT_MMA	メインイベントPRO-KICK -55kg
KROSS×OVER -EXTRA.3-	2023-03-05	矢島 直弥	KAZUNORI	NOT_MMA	dup
KROSS×OVER -EXTRA.3-	2023-03-05	林 眞平	清水 聡之晟	NOT_MMA	PRO-KICK -58.5kg
KROSS×OVER -EXTRA.3-	2023-03-05	Uver∞miyU	町屋 杏	NOT_MMA	PRO-GIRLSKICK -44kg
KROSS×OVER -EXTRA.3-	2023-03-05	羽鳥 仁	堀内 代輝	NOT_MMA	PRO-KICK -62.5kg
KROSS×OVER -EXTRA.3-	2023-03-05	山根 武夫	針谷 耕	NOT_MMA	セミファイナルPRO-KICK HEAVYWEIGHT
KROSS×OVER -EXTRA.2-＆Level-G zero	2022-11-27	竹腰 一麻	透	NOT_MMA	PRO-MUAYTHAI -63.5kg
KROSS×OVER -EXTRA.2-＆Level-G zero	2022-11-27	知良	不動明王岸田	NOT_MMA	PRO-KICK -60kg
KROSS×OVER -EXTRA.2-＆Level-G zero	2022-11-27	渡部 蕾	大久保 祐	NOT_MMA	JUNIOR-MUAYTHAI -50kg
KROSS×OVER -EXTRA.2-＆Level-G zero	2022-11-27	大久保 祐	渡部 蕾	NOT_MMA	dup
KROSS×OVER -EXTRA.2-＆Level-G zero	2022-11-27	中平 卓見	GUNTHER KALUNDA	NOT_MMA	メインイベントPRO-KICK
【 KROSS×OVER CAGE.9】	2026-06-21	吉田 圭佑	クボジム太郎	NOT_MMA	PRO-KICK SUPERLIGHTWEIGHT
【 KROSS×OVER CAGE.9】	2026-06-21	浜崎 瞬太	ペガサス木本	NOT_MMA	PRO-KICK WELTERWEIGHT
【 KROSS×OVER CAGE.9】	2026-06-21	ブハリ亜輝留	藤虎	NOT_MMA	KICK PARTメインイベントPRO-KICK MIDDLEWEIGHT
KROSS×OVER – EXTRA.1	2022-07-17	辻井和花	池田 想夏	NOT_MMA	GIRLSKICK -45.5kg
KROSS×OVER – EXTRA.1	2022-07-17	小西 陵太	松信 亮次	NOT_MMA	PRO-KICK -76kg
KROSS×OVER 19	2022-10-16	陸刃	シンイチ・ウォーワンチャイ	NOT_MMA	KROSS×OVER MUAYTHAI 肘あり
KROSS×OVER 19	2022-10-16	遠藤健太郎	RUKA。	NOT_MMA	KICK -65kg
KROSS×OVER 19	2022-10-16	鳰翼	村松寛昌	NOT_MMA	KICK Sクラス -65kg
KROSS×OVER 19	2022-10-16	雅治	RYU	NOT_MMA	PRO-KICK -57.5kg
KROSS×OVER 19	2022-10-16	鳰陽斗	山下明涼真	NOT_MMA	KICK Sクラス -60kg
KROSS×OVER 19	2022-10-16	田中康友	曽我好健	NOT_MMA	JUNIOR-MUAYTHAI -48kg
KROSS×OVER 19	2022-10-16	森本直哉	直哉	NOT_MMA	KICK -60kg
KROSS×OVER 19	2022-10-16	足立麻衣子	小笠原綾子	NOT_MMA	GIRLS KICK -51kg
KROSS×OVER 19	2022-10-16	テレカ∞	中泉翔	NOT_MMA	KICK -63kg
KROSS×OVER 19	2022-10-16	矢島直弥	星憂雅	NOT_MMA	KICK -53kgタイトル
KROSS×OVER 19	2022-10-16	星野航大	獅子丸	NOT_MMA	KICK -53kg
KROSS×OVER 19	2022-10-16	獅子丸	星野航大	NOT_MMA	dup
KROSS×OVER 19	2022-10-16	Uver∞miyU	黒川真里裳	NOT_MMA	GIRLS KICK -47kg
KROSS×OVER 19	2022-10-16	金子久美子	小川香奈子	NOT_MMA	GIRLS KICK -52kg
KROSS×OVER 19	2022-10-16	瑠華	戸田史	NOT_MMA	GIRLS MUAYTHAI -48kg
KROSS×OVER 5	2019-02-24	瀧川リョウ	功成	NOT_MMA	キック王座決定T一回戦
KROSS×OVER 5	2019-02-24	藤本新	中野謙	MMA	MMA部門、ヒジ有り
KROSS×OVER 5	2019-02-24	中平卓見	坂本英則	NOT_MMA	キック王座T決勝進出戦
KROSS×OVER 5	2019-02-24	松岡翔大	菊地陽太	NOT_MMA	Kickboxing -65kg
KROSS×OVER.23	2023-10-22	松本徐倫	辻井和花	NOT_MMA	Girls-Kick Atomweight -45kg
KROSS×OVER.26	2024-07-07	清水俊貴	中澤誠弥	NOT_MMA	PRO-KICK SUPERBANTAM WEIGHT
KROSS×OVER.26	2024-07-07	遠藤健太郎	林眞平	NOT_MMA	PRO-KICK -62.5kg
KROSS×OVER.26	2024-07-07	朝日彗仁	笠原秋澄	NOT_MMA	PRO-KICK SUPERBANTAM WEIGHT
KROSS×OVER.26	2024-07-07	中澤誠弥	清水俊貴	NOT_MMA	dup
KROSS×OVER.26	2024-07-07	渡部惺	竹中悠獅	NOT_MMA	JUNIOR-MUAYTHAI -54kg
KROSS×OVER.26	2024-07-07	神田賢吾	鈴木力也	NOT_MMA	PRO-KICK
KROSS×OVER.26	2024-07-07	藤本新	左禅丸	NOT_MMA	KICK -77kg
KROSS×OVER.26	2024-07-07	林眞平	遠藤健太郎	NOT_MMA	dup
KROSS×OVER.26	2024-07-07	鈴木力也	神田賢吾	NOT_MMA	dup
KROSS×OVER.26	2024-07-07	堀佑太郎	安田貢志	NOT_MMA	KICK Sクラス -62kg
KROSS×OVER EXTRA.6＆MUAYTHAI FESTA	2025-07-27	鳥居大珠	羅司	NOT_MMA	PRO-KICK BANTAMWEIGHT
KROSS×OVER EXTRA.6＆MUAYTHAI FESTA	2025-07-27	木村太地	加賀丞	NOT_MMA	PRO-KICK HEAVYWEIGHT
KROSS×OVER EXTRA.6＆MUAYTHAI FESTA	2025-07-27	酒井柚樹	HIROKAZU	NOT_MMA	KICK フライ級王座決定T
KROSS×OVER EXTRA.6＆MUAYTHAI FESTA	2025-07-27	福僚太	龍希	NOT_MMA	PRO-KICK -52kg
KROSS×OVER EXTRA.6＆MUAYTHAI FESTA	2025-07-27	優心	コウシ・ノーナクシン	NOT_MMA	PRO-MUAYTHAI FLYWEIGHT
KROSS×OVER EXTRA.6＆MUAYTHAI FESTA	2025-07-27	工藤勇樹	GUNTHER KALUNDA	NOT_MMA	PRO-KICK CRUISERWEIGHT
KROSS×OVER EXTRA.6＆MUAYTHAI FESTA	2025-07-27	羅司	鳥居大珠	NOT_MMA	dup
KROSS×OVER EXTRA.6＆MUAYTHAI FESTA	2025-07-27	龍希	福僚太	NOT_MMA	dup
KROSS×OVER EXTRA.6＆MUAYTHAI FESTA	2025-07-27	コウシ・ノーナクシン	優心	NOT_MMA	dup
KROSS×OVER-CAGE.3	2024-06-16	松本徐倫	AIKO	NOT_MMA	KICK PART GIRLS-KICK -43.5kg
KROSS×OVER-CAGE.3	2024-06-16	渡部惺	藤巻心	NOT_MMA	KICK PART JUNIOR-MUAYTHAI -54kg
KROSS×OVER-CAGE.3	2024-06-16	KENTA	山根武夫	NOT_MMA	KICK PART ヘビー級
KROSS×OVER-CAGE.3	2024-06-16	山根武夫	KENTA	NOT_MMA	dup
KROSS×OVER-CAGE.3	2024-06-16	AIKO	松本徐倫	NOT_MMA	dup
KROSS×OVER-CAGE.7	2025-11-16	白雪ゆき	岩切菜々美	NOT_MMA	KICK PART GIRLS KICKアトム級
KROSS×OVER-CAGE.7	2025-11-16	谷田貝海吏	三橋暖希	NOT_MMA	KICK PART KICK S級
KROSS×OVER-CAGE.7	2025-11-16	小倉えりか	熊谷麻理奈	NOT_MMA	KICK PART GIRLS ムエタイ
KROSS×OVER 10	2020-12-20	冨沢 貴人	眞暢	NOT_MMA	KICK-63kg初代王座決定戦
KROSS×OVER 10	2020-12-20	蘭丸	首藤 賢吾	NOT_MMA	Pro-Kick-56kg
KROSS×OVER 10	2020-12-20	小川悠太	千 翔宇	NOT_MMA	Pro-Kick-63kg
KROSS×OVER 10	2020-12-20	眞暢	冨沢 貴人	NOT_MMA	dup
KROSS×OVER 10	2020-12-20	森本 直哉	桂 英慈	NOT_MMA	Pro-Muaythai-53.5kg
KROSS×OVER 10	2020-12-20	高橋 幸光	安田 学登	NOT_MMA	Pro-Kick-65kg
KROSS×OVER 10	2020-12-20	安田 学登	高橋 幸光	NOT_MMA	dup
KROSS×OVER 10	2020-12-20	中平 卓見	雄人	NOT_MMA	KICK-85kg王座決定戦
KROSS×OVER 10	2020-12-20	藤原あらし	ユウ・ウォーワンチャイ	NOT_MMA	ムエタイバンタム級T決勝
KROSS×OVER 10	2020-12-20	Kiho	亜美	NOT_MMA	Pro-Kick-46.5kg
KROSSxOVER KICK -60kg次期王座挑戦者決定戦	2020-02-23	石月祐作	冨沢貴人	NOT_MMA	Kick -60kg Challenger Bout
KROSSxOVER KICK -60kg次期王座挑戦者決定戦	2020-02-23	冨沢貴人	石月祐作	NOT_MMA	dup
KROSSxOVER KICK -60kg次期王座挑戦者決定戦	2020-02-23	野村勇人	中元優成	NOT_MMA	地域選抜対抗戦ジュニアキック
KROSSxOVER KICK -60kg次期王座挑戦者決定戦	2020-02-23	長谷川豊	藤本新	NOT_MMA	Pro Kickboxing -72kg
KROSSxOVER KICK -60kg次期王座挑戦者決定戦	2020-02-23	塚本望夢	柿崎瑠	NOT_MMA	地域選抜対抗戦ジュニアキック
KROSSxOVER KICK -60kg次期王座挑戦者決定戦	2020-02-23	乙津陸	長谷川海翔	NOT_MMA	-50kgキックタイトル戦
KROSSxOVER KICK -60kg次期王座挑戦者決定戦	2020-02-23	眞暢	宗次郎	NOT_MMA	Pro Kick -63.5kg
KROSSxOVER KICK -60kg次期王座挑戦者決定戦	2020-02-23	長谷川海翔	乙津陸	NOT_MMA	dup
KROSSxOVER KICK -60kg次期王座挑戦者決定戦	2020-02-23	藤本新	長谷川豊	NOT_MMA	dup
KROSSxOVER KICK -60kg次期王座挑戦者決定戦	2020-02-23	中元優成	野村勇人	NOT_MMA	dup
KROSSxOVER KICK -60kg次期王座挑戦者決定戦	2020-02-23	坂本英則	ちゃん	NOT_MMA	Pro Kick Heavyweight
KROSSxOVER KICK -60kg次期王座挑戦者決定戦	2020-02-23	藤原あらし	山口隆弥	NOT_MMA	Pro Kick Muay Thai Rules
KROSSxOVER KICK -60kg次期王座挑戦者決定戦	2020-02-23	AIKO	ピーポー梨乃	NOT_MMA	Pro Kick -42kg
KROSSxOVER.25	2024-03-03	剣夜	實方 拓海	NOT_MMA	Pro-Kick Welterweight
KROSSxOVER.25	2024-03-03	中澤 誠弥	大久保 峻	NOT_MMA	Bantam Weight -53kg
KROSSxOVER.25	2024-03-03	一輝	森本 直哉	NOT_MMA	Superfeather Weight -60kg
KROSSxOVER.25	2024-03-03	渡部 惺	平野 功樹	NOT_MMA	Junior Muay Thai -50kg
KROSSxOVER.25	2024-03-03	針谷 耕	加賀 丞	NOT_MMA	Heavyweight
KROSSxOVER.25	2024-03-03	森本 直哉	一輝	NOT_MMA	dup
KROSSxOVER.25	2024-03-03	智史	熊谷 大輔	NOT_MMA	Kick -59.5kg
KROSSxOVER.25	2024-03-03	HARU	田中 春翔	NOT_MMA	Junior Muay Thai -33kg
【KROSS×OVER-EXTRA.7】試合結果&レポート	2026-07-26	GRAVY未宇	中澤 諒香	NOT_MMA	GIRLS-KICK -48kg
【KROSS×OVER-EXTRA.7】試合結果&レポート	2026-07-26	山元剣心	村上 祐馬	NOT_MMA	KICK FEATHERWEIGHT
【KROSS×OVER-EXTRA.7】試合結果&レポート	2026-07-26	北原 有起	石川 龍之介	NOT_MMA	KICK -61kg
【KROSS×OVER-EXTRA.7】試合結果&レポート	2026-07-26	杉山豪基	嵩史	NOT_MMA	KICK SUPERBANTAMWEIGHT
【KROSS×OVER-EXTRA.7】試合結果&レポート	2026-07-26	佐野 勇海	がやお	NOT_MMA	KICK HEAVYWEIGHT
【KROSS×OVER-EXTRA.7】試合結果&レポート	2026-07-26	綾芽	錦 知沙	NOT_MMA	GIRLS-KICK ATOMWEIGHT
KROSS×OVER 21	2023-04-16	島田知佳	宇野あいり	NOT_MMA	GIRLS KICK -50kg
KROSS×OVER 21	2023-04-16	中平卓見	前田悠	NOT_MMA	KICKヘビー級T準決勝
KROSS×OVER 21	2023-04-16	Uver∞miyU	辻井和花	NOT_MMA	PRO-GIRLSKICK -45kg
KROSS×OVER 21	2023-04-16	宇野あいり	島田知佳	NOT_MMA	dup
KROSS×OVER 21	2023-04-16	チャン	真島達也	NOT_MMA	KICKヘビー級T準決勝
KROSS×OVER 21	2023-04-16	立嶋篤史	松元仁志	NOT_MMA	PRO-MUAYTHAI -57.15kg
KROSSxOVER 9	2020-10-25	足利正和	石月祐作	NOT_MMA	KICK -60kg第2代王座決定戦
KROSSxOVER 9	2020-10-25	高橋幸光	武巳	NOT_MMA	PRO-MUAYTHAI -65kg
KROSSxOVER.22	2023-08-13	荻原愛	華	NOT_MMA	PRO-KICK Women's Flyweight
KROSSxOVER.22	2023-08-13	長谷川豊	大谷真弘	NOT_MMA	PRO-KICK -70kg
KROSSxOVER.22	2023-08-13	森本直哉	小久保裕気	NOT_MMA	PRO-KICK -60kg
KROSSxOVER.22	2023-08-13	足立麻衣子	登島優音	NOT_MMA	PRO-KICK Women's Flyweight tourney
KROSSxOVER.22	2023-08-13	小久保裕気	森本直哉	NOT_MMA	dup
KROSSxOVER.22	2023-08-13	宗雅	直哉	NOT_MMA	PRO-KICK -60kg
KROSSxOVER.22	2023-08-13	今井良次	獅子丸	NOT_MMA	PRO-KICK FEATHERWEIGHT
KROSSxOVER.22	2023-08-13	獅子丸	今井良次	NOT_MMA	dup
KROSSxOVER.22	2023-08-13	HARU	須賀博喜	NOT_MMA	JUNIOR-MUAYTHAI team match
KROSS×OVER 11	2021-03-07	レンタ・ウォーワンチャイ	ラックチャイ・GTジム	NOT_MMA	Pro Muay Thai -61.2kg
KROSS×OVER 11	2021-03-07	塚本望夢	若原快	NOT_MMA	Junior Muay Thai -50kg
KROSS×OVER 11	2021-03-07	梅田将成	ダンナー	NOT_MMA	Pro KICK -55kg
KROSS×OVER 11	2021-03-07	聖也	不動明王岸田	NOT_MMA	Pro KICK -62kg
KROSS×OVER 11	2021-03-07	工藤勇樹	坂本英則	NOT_MMA	KICK Heavyweightタイトル
KROSS×OVER 11	2021-03-07	高橋幸光	我謝真人	NOT_MMA	Pro KICK -65kg
KROSS×OVER 11	2021-03-07	空龍	ダイヤ・ウォーワンチャイ	NOT_MMA	Pro Muay Thai -52kg
KROSS×OVER 11	2021-03-07	藤原あらし	佐藤執斗	NOT_MMA	Pro Muay Thaiタイトル
KROSS×OVER 3	2018-07-01	旭野穂	高橋宏幸	NOT_MMA	Kickboxing -60kgタイトル
KROSS×OVER 3	2018-07-01	冨沢貴人	大出剛生	NOT_MMA	dup
KROSS×OVER 3	2018-07-01	緒方惇	ポッシブルK	NOT_MMA	Kickboxing -65kg
KROSS×OVER 3	2018-07-01	ポッシブルK	緒方惇	NOT_MMA	dup
KROSS×OVER 3	2018-07-01	松谷梛	竹中悠獅	NOT_MMA	ジュニアキックスーパーファイト
KROSS×OVER 3	2018-07-01	中平卓見	瀧川翎	NOT_MMA	Kickboxing -85kg
KROSS×OVER-CAGE.2-	2023-11-26	彪羽	颯馬	NOT_MMA	KICK S-Class -53kg
KROSS×OVER-CAGE.2-	2023-11-26	オカハンバラ	成瀬晴規	NOT_MMA	PRO-KICK WELTERWEIGHT
KROSS×OVER-CAGE.2-	2023-11-26	森本直哉	笠原淳矢	NOT_MMA	PRO-MUAYTHAI -60kg
KROSS×OVER-CAGE.2-	2023-11-26	福井達郎	太田翔一郎	MMA	MMA -62kg (Elbows Allowed)
KROSS×OVER-CAGE.2-	2023-11-26	星野航大	野村リトル知生	NOT_MMA	PRO-KICK BANTAMWEIGHT
KROSS×OVER 1	2021-07-18	武 裕太	小林 啓吾	NOT_MMA	共に立ち技専門選手と確認
KROSS×OVER 1	2021-07-18	辻井和花	宇野 あいり	NOT_MMA	共に立ち技専門選手と確認
KROSS×OVER 1	2021-07-18	緒方 惇	丹内 寛之	INCONCLUSIVE	一次資料に到達できず
KROSS×OVER 1	2021-07-18	森本 直哉	中島 浩之	NOT_MMA	PRO-KICK -57kg
KROSS×OVER 1	2021-07-18	宇野 あいり	辻井 和花	NOT_MMA	dup
KROSS×OVER-EXTRA.4-	2023-07-02	中澤 誠弥	野村リトル知生	NOT_MMA	PRO-KICK -53kg
KROSS×OVER-EXTRA.4-	2023-07-02	大久保 祐	松崎 光輝	NOT_MMA	KICK Sクラス -53kg
KROSS×OVER-EXTRA.4-	2023-07-02	星野 航大	大久保 峻	NOT_MMA	KICK -53kgタイトル挑戦者決定T
KROSS×OVER-EXTRA.4-	2023-07-02	HARU	北野ひなた	NOT_MMA	JUNIOR MUAYTHAI -32.5kg
KROSS×OVER 6	2019-07-07	KAZUNORI	足利 和正	NOT_MMA	PRO-KICK -57kg
KROSS×OVER.31 -SHINJUKU FACE 20th Anniversary-	2025-07-13	純樹	五十嵐 真弥	NOT_MMA	PRO-KICK-69kg
KROSS×OVER.31 -SHINJUKU FACE 20th Anniversary-	2025-07-13	平原 陸	山本 蓮	NOT_MMA	Flyweight Tournament
KROSS×OVER.31 -SHINJUKU FACE 20th Anniversary-	2025-07-13	井樋 大介	野川 寛人	NOT_MMA	PRO-KICK-61kg
KROSS×OVER.31 -SHINJUKU FACE 20th Anniversary-	2025-07-13	大島広也	森本 直哉	NOT_MMA	PRO-KICK-56kg
KROSS×OVER.31 -SHINJUKU FACE 20th Anniversary-	2025-07-13	小西江美香	内藤 未宇	NOT_MMA	GIRLS KICK CUP
KROSS×OVER.31 -SHINJUKU FACE 20th Anniversary-	2025-07-13	彪羽	星 憂雅	NOT_MMA	Bantamweight Title Match
KROSS×OVER.31 -SHINJUKU FACE 20th Anniversary-	2025-07-13	朝日彗仁	中澤 誠弥	NOT_MMA	PRO-KICK-55kg
KROSS×OVER.31 -SHINJUKU FACE 20th Anniversary-	2025-07-13	中澤 誠弥	朝日 彗仁	NOT_MMA	dup
KROSS×OVER.31 -SHINJUKU FACE 20th Anniversary-	2025-07-13	安達 元貴	林 眞平	NOT_MMA	Superfeatherweight Title
KROSS×OVER.31 -SHINJUKU FACE 20th Anniversary-	2025-07-13	北原 有起	倉本 皐聖	NOT_MMA	PRO-KICK-62.5kg
KROSS×OVER.31 -SHINJUKU FACE 20th Anniversary-	2025-07-13	白雪 ゆき	石岡 真理絵	NOT_MMA	GIRLS KICK-43.5kg
KROSS×OVER.31 -SHINJUKU FACE 20th Anniversary-	2025-07-13	谷田貝海吏	桜臥	NOT_MMA	JUNIOR-MUAYTHAI-50kg
KROSS×OVER.31 -SHINJUKU FACE 20th Anniversary-	2025-07-13	YOSHIHIRO	小柳 俊和	NOT_MMA	PRO-KICK-58kg
KROSS×OVER.31 -SHINJUKU FACE 20th Anniversary-	2025-07-13	森本 直哉	大島 広也	NOT_MMA	dup
KROSS×OVER.31 -SHINJUKU FACE 20th Anniversary-	2025-07-13	横山典雄	白谷フィッシュ征也	NOT_MMA	PRO-KICK SUPERFEATHERWEIGHT-60kg
KROSS×OVER.31 -SHINJUKU FACE 20th Anniversary-	2025-07-13	神谷 勇輝	CHIHIRO	NOT_MMA	OFG MUAY THAI-59kg
KROSS×OVER.31 -SHINJUKU FACE 20th Anniversary-	2025-07-13	林 眞平	安達 元貴	NOT_MMA	dup
KROSS×OVER.28 新宿FACE	2024-11-10	平原 陸	星 幸樹	NOT_MMA	KICK PART
KROSS×OVER.28 新宿FACE	2024-11-10	彪羽	飯田 陸斗	NOT_MMA	KICK PART
KROSS×OVER.28 新宿FACE	2024-11-10	朝日彗仁	神谷 勇輝	NOT_MMA	KICK PART
KROSS×OVER.28 新宿FACE	2024-11-10	中澤 誠弥	鈴木 力也	NOT_MMA	KICK PARTメインイベント
KROSS×OVER.28 新宿FACE	2024-11-10	愛斗	YOSHIHIRO	NOT_MMA	KICK PART
KROSS×OVER.28 新宿FACE	2024-11-10	坂上 りま	傳法 里帆	NOT_MMA	GIRLS KICK PART
KROSS×OVER.28 新宿FACE	2024-11-10	怜虎	ウォーム ONE LINK	NOT_MMA	MUAY THAI PART
KROSS×OVER.28 新宿FACE	2024-11-10	髙口 賢史郎	ごりちゅう	NOT_MMA	KICK PART
KROSS×OVER.28 新宿FACE	2024-11-10	田中 康友	藤巻 心	NOT_MMA	KICK PART第2部
KROSS×OVER.28 新宿FACE	2024-11-10	YOSHIHIRO	愛斗	NOT_MMA	dup
KROSS×OVER.28 新宿FACE	2024-11-10	ブラックシーサー颯太朗	大久保 峻	NOT_MMA	KICK PART
KROSS×OVER.28 新宿FACE	2024-11-10	田中 秀汰	林 眞平	NOT_MMA	KICK PART
KROSS×OVER.28 新宿FACE	2024-11-10	大久保 祐	東山 廉	NOT_MMA	KICK PART
KROSS×OVER.28 新宿FACE	2024-11-10	神谷 勇輝	朝日 彗仁	NOT_MMA	dup
KROSS×OVER.28 新宿FACE	2024-11-10	林 眞平	田中 秀汰	NOT_MMA	dup
KROSS×OVER.28 新宿FACE	2024-11-10	鈴木 力也	中澤 誠弥	NOT_MMA	dup
KROSS×OVER.28 新宿FACE	2024-11-10	般若HASHIMOTO	石川 章太郎	NOT_MMA	KICK PART第2部メインイベント
KROSS×OVER 20 ５周年記念-BATTLE OF THE NEW ERA-	2022-12-18	撫子	松本 徐倫	NOT_MMA	PRO-GIRLSKICK-44.75kg
KROSS×OVER 20 ５周年記念-BATTLE OF THE NEW ERA-	2022-12-18	陸刃	須鎗 海羅	NOT_MMA	アマチュアムエタイ-57kg
KROSS×OVER 20 ５周年記念-BATTLE OF THE NEW ERA-	2022-12-18	鳰 翼	RYUTO	NOT_MMA	KICK Sクラス-65kg
KROSS×OVER 20 ５周年記念-BATTLE OF THE NEW ERA-	2022-12-18	鳰 陽斗	小林 啓吾	NOT_MMA	KICK Sクラス-63kg
KROSS×OVER 20 ５周年記念-BATTLE OF THE NEW ERA-	2022-12-18	紗耶香	小笠原 綾子	NOT_MMA	女子キック-51kg
KROSS×OVER 20 ５周年記念-BATTLE OF THE NEW ERA-	2022-12-18	訓 -NORI-	工藤 勇樹	NOT_MMA	KICKヘビー級タイトル
KROSS×OVER 20 ５周年記念-BATTLE OF THE NEW ERA-	2022-12-18	田中 康友	齊藤 蓮	NOT_MMA	AMATEUR-MUAYTHAI-49kg
KROSS×OVER 20 ５周年記念-BATTLE OF THE NEW ERA-	2022-12-18	森本 直哉	田中 秀汰	NOT_MMA	PRO-KICK-60kg
KROSS×OVER 20 ５周年記念-BATTLE OF THE NEW ERA-	2022-12-18	田中 秀汰	森本 直哉	NOT_MMA	dup
KROSS×OVER 20 ５周年記念-BATTLE OF THE NEW ERA-	2022-12-18	工藤 勇樹	訓 -NORI-	NOT_MMA	dup
KROSS×OVER 20 ５周年記念-BATTLE OF THE NEW ERA-	2022-12-18	渡部 蕾	曽我 好健	NOT_MMA	AMATEUR-MUAYTHAI-50kg
KROSS×OVER 20 ５周年記念-BATTLE OF THE NEW ERA-	2022-12-18	大久保 祐	士龍	NOT_MMA	AMATEUR-MUAYTHAI-52kg
KROSS×OVER 20 ５周年記念-BATTLE OF THE NEW ERA-	2022-12-18	獅子丸	笠原 秋澄	NOT_MMA	PRO-KICK-54kg
KROSS×OVER 20 ５周年記念-BATTLE OF THE NEW ERA-	2022-12-18	立嶋篤史	ベンツ飯田	NOT_MMA	PRO-MUAYTHAI-57.15kg
KROSS×OVER CAGE.6 KICK PART・MMA PART	2025-07-13	久郷トオル	牧山 陽一	NOT_MMA	KICK PART
KROSS×OVER CAGE.6 KICK PART・MMA PART	2025-07-13	若原 聖	夏目 竜雅	NOT_MMA	KICK PARTメインイベント
KROSS×OVER CAGE.6 KICK PART・MMA PART	2025-07-13	撫子	松本 徐倫	NOT_MMA	KICK PART
KROSS×OVER CAGE.6 KICK PART・MMA PART	2025-07-13	草野 浩二郎	松﨑 光輝	NOT_MMA	KICK PART
KROSS×OVER CAGE.6 KICK PART・MMA PART	2025-07-13	紗彩	Hiyori	NOT_MMA	KICK PART
KROSS×OVER CAGE.6 KICK PART・MMA PART	2025-07-13	田勢 ジャイル	菅野 真央	NOT_MMA	KICK PART
KROSS×OVER CAGE.6 KICK PART・MMA PART	2025-07-13	松本徐倫	撫子	NOT_MMA	dup
KROSS×OVER CAGE.6 KICK PART・MMA PART	2025-07-13	一輝	三上 聖也	NOT_MMA	KICK PART
KROSS×OVER CAGE.6 KICK PART・MMA PART	2025-07-13	HIYORI	紗彩	NOT_MMA	dup
KROSS×OVER CAGE.6 KICK PART・MMA PART	2025-07-13	遠山翔太	須藤 智也	NOT_MMA	KICK PART
KROSS×OVER CAGE.6 KICK PART・MMA PART	2025-07-13	夏目竜雅	若原 聖	NOT_MMA	dup
KROSS×OVER 12	2021-06-06	松本 徐倫	田島 美咲	NOT_MMA	ガールズKICK
KROSS×OVER 12	2021-06-06	緒方 惇	安部 路人	NOT_MMA	KICK BOXING
KROSS×OVER 12	2021-06-06	MASA BRAVELY	藤原 あらし	NOT_MMA	MUAY THAI
KROSS×OVER 12	2021-06-06	小野琥大	SORAランバー・ルークカムイ	NOT_MMA	ジュニアムエタイ
KROSS×OVER 12	2021-06-06	眞暢	菊地 陽太	NOT_MMA	メインイベントKICK
KROSS×OVER 12	2021-06-06	藤本新	宮城 政之	NOT_MMA	KICK BOXING
KROSS×OVER 12	2021-06-06	坂本 寿希	水野 一矢	NOT_MMA	KICK BOXING
KROSS×OVER 12	2021-06-06	谷津 晴之	シンイチ・ウォーワンチャイ	NOT_MMA	ムエタイ対抗戦
KROSS×OVER 12	2021-06-06	藤原あらし	MASA BRAVELY	NOT_MMA	dup
KROSS×OVER 12	2021-06-06	AKIRA	ケイシー	NOT_MMA	KICK BOXING
KROSS×OVER CAGE.5 KICK・MMA PART	2025-03-09	若原 聖	中澤 誠弥	NOT_MMA	KICK PART
KROSS×OVER CAGE.5 KICK・MMA PART	2025-03-09	草野 浩二郎	小佐野 翔	NOT_MMA	KICK PART
KROSS×OVER CAGE.5 KICK・MMA PART	2025-03-09	朝日彗仁	森本 直哉	NOT_MMA	KICK PART
KROSS×OVER CAGE.5 KICK・MMA PART	2025-03-09	田勢 ジャイル	松下 龍義	NOT_MMA	KICK PART
KROSS×OVER CAGE.5 KICK・MMA PART	2025-03-09	中澤 誠弥	若原 聖	NOT_MMA	dup
KROSS×OVER CAGE.5 KICK・MMA PART	2025-03-09	森本 直哉	朝日 彗仁	NOT_MMA	dup
KROSS×OVER 4	2018-10-20	旭野 穂	大出 剛生	NOT_MMA	KICK王座T決勝
KROSS×OVER 4	2018-10-20	堀井 翼	中尾 満	NOT_MMA	KICKセミファイナル
KROSS×OVER 4	2018-10-20	勇治	花塚 智雄	NOT_MMA	KICK -60kg
KROSS×OVER 4	2018-10-20	緒方 惇	野村 一男	NOT_MMA	KICK -67kg
KROSS×OVER 4	2018-10-20	獅子丸	Simon TSE	NOT_MMA	KICK -53kg
KROSS×OVER 4	2018-10-20	中尾満	堀井 翼	NOT_MMA	dup
KROSS×OVER 2	2018-02-25	旭野 穂	下東 悠馬	NOT_MMA	KICK王座T一回戦
KROSS×OVER 2	2018-02-25	冨沢 貴人	我謝 真人	NOT_MMA	KICK王座T一回戦
KROSS×OVER 2	2018-02-25	堀井 翼	高橋 裕三	NOT_MMA	Kickboxing-65kg
KROSS×OVER 2	2018-02-25	アンドリュー"KEN"ブリュースター	須賀 裕一朗	NOT_MMA	Kickboxing-58kg
KROSS×OVER 2	2018-02-25	中平 卓見	中尾 暢夫	NOT_MMA	Kickboxing-78kg
KROSS×OVER -CAGE- GENスポーツパレス大会	2023-06-11	鈴木 健太郎	松信 亮次	NOT_MMA	PRO-KICK-76kg
KROSS×OVER -CAGE- GENスポーツパレス大会	2023-06-11	森本一陽	實方拓海	NOT_MMA	PRO-KICK-69kg
KROSS×OVER -CAGE- GENスポーツパレス大会	2023-06-11	TOMO	貫井 義規	MMA	MMA FEATHERWEIGHT
KROSS×OVER -CAGE- GENスポーツパレス大会	2023-06-11	藤本新	中井 光義	MMA	MMA部門
KROSS×OVER -CAGE- GENスポーツパレス大会	2023-06-11	山根 武夫	加賀 丞	NOT_MMA	PRO-KICK HEAVYWEIGHT
KROSS×OVER CAGE4＆Level-G PRO	2024-11-10	吉田 圭佑	岡田 仁	NOT_MMA	PRO-KICK-65kg
KROSS×OVER CAGE4＆Level-G PRO	2024-11-10	藤本新	平田 学	NOT_MMA	PRO-KICK-75kg
KROSS×OVER.35 新宿FACE大会	2026-04-19	清水俊貴	鈴木 力也	NOT_MMA	Fight13 Superbantamweight
KROSS×OVER.35 新宿FACE大会	2026-04-19	彪羽	竜雅	NOT_MMA	Fight13 Fly級T準決勝
KROSS×OVER.35 新宿FACE大会	2026-04-19	武 裕太	石川 蓮太	NOT_MMA	Fight11 OFG Muay Thai
KROSS×OVER.35 新宿FACE大会	2026-04-19	横山 晏輝	アックス斧田	NOT_MMA	Semi-Final Superfeatherweight
KROSS×OVER.35 新宿FACE大会	2026-04-19	SEIDO	ヤン マイケル	NOT_MMA	Semi-Final Lightweight T決勝
KROSS×OVER.35 新宿FACE大会	2026-04-19	白雪 ゆき	KAI	NOT_MMA	Girls Kick Atomweight
KROSS×OVER.35 新宿FACE大会	2026-04-19	髙口 賢史郎	andrew	NOT_MMA	Superfeatherweight
KROSS×OVER.35 新宿FACE大会	2026-04-19	谷田貝海吏	横山 琉希	NOT_MMA	Kick S-Class
KROSS×OVER.35 新宿FACE大会	2026-04-19	杉山豪基	新川 祥太	NOT_MMA	-56kg
KROSS×OVER.35 新宿FACE大会	2026-04-19	アックス斧田	横山 晏輝	NOT_MMA	dup
KROSS×OVER.35 新宿FACE大会	2026-04-19	酒井柚樹	山本 蓮	NOT_MMA	Fly級T準決勝
KROSS×OVER.35 新宿FACE大会	2026-04-19	金子 桂	東 義和	NOT_MMA	Kick S-Class
KROSS×OVER.35 新宿FACE大会	2026-04-19	竜雅	彪羽	NOT_MMA	dup
KROSS×OVER.35 新宿FACE大会	2026-04-19	KAI	白雪 ゆき	NOT_MMA	dup
KROSS×OVER.35 新宿FACE大会	2026-04-19	KENTA	平田 学	NOT_MMA	Middleweight
KROSS×OVER.35 新宿FACE大会	2026-04-19	浅井春香	本田 ななか	NOT_MMA	Girls Kick
KROSS×OVER.35 新宿FACE大会	2026-04-19	鈴木 力也	清水 俊貴	NOT_MMA	dup
KROSS×OVER.35 新宿FACE大会	2026-04-19	稲村 健心	山田 莉玖	NOT_MMA	Kick S-Class
KROSS×OVER.35 新宿FACE大会	2026-04-19	本田ななか	浅井 春香	NOT_MMA	dup
KROSS×OVER.35 新宿FACE大会	2026-04-19	貴哉	白谷フィッシュ征也	NOT_MMA	-59kg
KROSS×OVER.35 新宿FACE大会	2026-04-19	バシ・カニ・エビ	中路 悠斗	NOT_MMA	Superwelterweight
KROSSxOVER-CAGE.8	2025-12-14	草野 浩二郎	三橋 暖希	NOT_MMA	実体はKROSS×OVER.34 FINAL、KICK Sクラス
KROSSxOVER-CAGE.8	2025-12-14	山元剣心	森本 直哉	NOT_MMA	PRO-KICK FEATHERWEIGHT
KROSSxOVER-CAGE.8	2025-12-14	武 裕太	田中 勇利	NOT_MMA	PRO-KICK SUPERLIGHTWEIGHT
KROSSxOVER-CAGE.8	2025-12-14	谷田貝海吏	落合 靖将	NOT_MMA	KICK Sクラス
KROSSxOVER-CAGE.8	2025-12-14	森本一陽	吉宗	NOT_MMA	PRO-KICK SUPERWELTERWEIGHT
KROSSxOVER-CAGE.8	2025-12-14	森本 直哉	山元 剣心	NOT_MMA	dup
KROSSxOVER-CAGE.8	2025-12-14	坂本 寿希	坂本 誠弥	MMA	KROSS×OVER MMA Sクラス-56.7kg明記
KROSSxOVER-CAGE.8	2025-12-14	岡田 彬宏	佐藤 洸杜	NOT_MMA	MUAYTHAI LIGHTWEIGHT
KROSSxOVER-CAGE.8	2025-12-14	吉宗	森本 一陽	NOT_MMA	dup
KROSSxOVER-CAGE.8	2025-12-14	佐野 純平	岡部 祥太	NOT_MMA	PRO-KICK -64kg
KROSSxOVER-CAGE.8	2025-12-14	井原 駿平	レイ	NOT_MMA	PRO-MUAY THAI
KROSSxOVER-CAGE.8	2025-12-14	齊藤 律	重田 友希	NOT_MMA	PRO-KICK FEATHERWEIGHT
KROSS×OVER-CAGE.7	2025-12-14	白雪 ゆき	岩切 菜々美	NOT_MMA	実体は2025-11-16開催CAGE.7 KICK PART
KROSS×OVER-CAGE.7	2025-12-14	谷田貝海吏	三橋 暖希	NOT_MMA	KICK PART S級-55kg
KROSS×OVER-CAGE.7	2025-12-14	小倉 えりか	熊谷 麻理奈	NOT_MMA	KICK PART Girls Muaythai
『KROSS×OVER.27』公式記録	2024-10-06	哲志	大谷 真弘	NOT_MMA	PRO-KICK WELTERWEIGHT
『KROSS×OVER.27』公式記録	2024-10-06	藤橋 光	辰次郎	NOT_MMA	PRO-KICK SUPERFEATHER
『KROSS×OVER.27』公式記録	2024-10-06	斎藤 千種	辻井 和花	NOT_MMA	GIRLS-KICK
『KROSS×OVER.27』公式記録	2024-10-06	辻井和花	斎藤 千種	NOT_MMA	dup
『KROSS×OVER.27』公式記録	2024-10-06	坂上 りま	内藤 未宇	NOT_MMA	GIRLS KICK Sクラス
『KROSS×OVER.27』公式記録	2024-10-06	横山 晏輝	松下 竜之助	NOT_MMA	PRO-KICK FEATHERWEIGHT
『KROSS×OVER.27』公式記録	2024-10-06	一輝	仙一	NOT_MMA	PRO-KICK SUPERFEATHER
『KROSS×OVER.27』公式記録	2024-10-06	怜虎	オーシャン・ウジハラ	NOT_MMA	MUAY THAI LIGHTWEIGHT
『KROSS×OVER.27』公式記録	2024-10-06	植村 真弥	針谷 耕	NOT_MMA	PRO-KICK HEAVYWEIGHT
『KROSS×OVER.27』公式記録	2024-10-06	針谷 耕	植村 真弥	NOT_MMA	dup
『KROSS×OVER.27』公式記録	2024-10-06	田上健太	石川 章太郎	NOT_MMA	OFG MUAY THAI
『KROSS×OVER.27』公式記録	2024-10-06	Yo-hei	海登	NOT_MMA	KICK Sクラス
『KROSS×OVER.27』公式記録	2024-10-06	山本"魂武羅"知美	KOKOZ	NOT_MMA	GIRLS MUAY THAI
『KROSS×OVER.27』公式記録	2024-10-06	松下竜之助	横山 晏輝	NOT_MMA	dup
『KROSS×OVER.27』公式記録	2024-10-06	田中 将士	土屋 信志	NOT_MMA	PRO KICK
『KROSS×OVER.27』公式記録	2024-10-06	坂尻桃音	登島 優音	NOT_MMA	PRO-GIRLS KICK FLYWEIGHT
『KROSS×OVER.27』公式記録	2024-10-06	KOKOZ	山本"魂武羅"知美	NOT_MMA	dup
『KROSS×OVER.27』公式記録	2024-10-06	坂根 卓弥	小山内 大輝	NOT_MMA	PRO-MUAYTHAI
『KROSS×OVER.27』公式記録	2024-10-06	辰次郎	藤橋 光	NOT_MMA	dup
『KROSS×OVER.27』公式記録	2024-10-06	登島優音	坂尻 桃音	NOT_MMA	dup
KROSS×OVER 16	2022-03-06	戸田龍将	早川 淳也	NOT_MMA	Pro-Muaythai
KROSS×OVER 16	2022-03-06	勇治	斉藤 遼太	NOT_MMA	Pro-Kick
KROSS×OVER 16	2022-03-06	石川 慶	勇成	NOT_MMA	Pro-Kick
KROSS×OVER 16	2022-03-06	田中 康友	杉山 海瑠	NOT_MMA	Junior Muaythai
KROSS×OVER 16	2022-03-06	柿﨑 瑠	須鎗 海羅	NOT_MMA	Amateur Muaythai
KROSS×OVER 16	2022-03-06	田中 秀汰	渦巻 DATE	NOT_MMA	Pro-Kick
KROSS×OVER 16	2022-03-06	勇成	石川 慶	NOT_MMA	dup
KROSS×OVER 16	2022-03-06	工藤 勇樹	庵谷"出美流漫"鷹志	NOT_MMA	KICK Heavyweight Title
KROSS×OVER 16	2022-03-06	渡部 蕾	曽我 好健	NOT_MMA	Junior Muaythai
KROSS×OVER 16	2022-03-06	大久保 祐	裕次郎	NOT_MMA	Junior Muaythai
KROSS×OVER 16	2022-03-06	高橋 幸光	畠山 育朗	NOT_MMA	Pro-Muaythai
KROSS×OVER 16	2022-03-06	中平 卓見	山根 武夫	NOT_MMA	Pro-Kick Heavyweight
KROSS×OVER 16	2022-03-06	山根 武夫	中平 卓見	NOT_MMA	dup
KROSS×OVER 3	2018-07-01	緒方 惇	ポッシブルＫ	NOT_MMA	boutreview Kick Bouts -65kg
KROSS×OVER.30	2025-04-06	平原 陸	大久保 峻	NOT_MMA	PRO-KICK FLYWEIGHT
KROSS×OVER.30	2025-04-06	清水俊貴	横山 晏輝	NOT_MMA	PRO-KICK FEATHERWEIGHT
KROSS×OVER.30	2025-04-06	吉田 圭佑	ゴングマン	NOT_MMA	PRO-KICK SUPERLIGHTWEIGHT
KROSS×OVER.30	2025-04-06	小西江美香	村田 萌衣	NOT_MMA	GIRLS KICK
KROSS×OVER.30	2025-04-06	彪羽	川野 龍輝	NOT_MMA	PRO-KICK
KROSS×OVER.30	2025-04-06	永松進之介	怜虎	NOT_MMA	KICK T準決勝
KROSS×OVER.30	2025-04-06	鳰 翼	北原 有起	NOT_MMA	PRO-KICK
KROSS×OVER.30	2025-04-06	安達 元貴	田中 秀汰	NOT_MMA	PRO-KICK SUPERFEATHER
KROSS×OVER.30	2025-04-06	横山 晏輝	清水 俊貴	NOT_MMA	dup
KROSS×OVER.30	2025-04-06	渋谷 茜	グウェンドリン・ルジェフスキー	NOT_MMA	GIRLS KICK
KROSS×OVER.30	2025-04-06	原田 ゆうな	まりも	NOT_MMA	PRO-GIRLS KICK
KROSS×OVER.30	2025-04-06	北原 有起	鳰 翼	NOT_MMA	dup
KROSS×OVER.30	2025-04-06	谷田貝海吏	孫田 歩我	NOT_MMA	JUNIOR-MUAYTHAI
KROSS×OVER.30	2025-04-06	川野 龍輝	彪羽	NOT_MMA	dup
KROSS×OVER.30	2025-04-06	田中 秀汰	安達 元貴	NOT_MMA	dup
KROSS×OVER.30	2025-04-06	吉宗	新井 惇之	NOT_MMA	PRO-KICK SUPERWELTERWEIGHT
KROSS×OVER.30	2025-04-06	中平 卓見	がやお	NOT_MMA	PRO-KICK HEAVYWEIGHT
KROSS×OVER.30	2025-04-06	智史	小柳 俊和	NOT_MMA	PRO-KICK
KROSS×OVER.30	2025-04-06	鈴木 翔大	中村 玲人	NOT_MMA	JUNIOR-MUAYTHAI
KROSS×OVER.32	2025-09-28	純樹	オーガニック菊﨑	NOT_MMA	PART2 Welterweight Kickboxing
KROSS×OVER.32	2025-09-28	平原 陸	斎藤 龍鬼	NOT_MMA	PART2 Flyweight Kickboxing T
KROSS×OVER.32	2025-09-28	清水俊貴	夏目 竜雅	NOT_MMA	PART2 Superbantamweight
KROSS×OVER.32	2025-09-28	オカハン バラ	KENTA	NOT_MMA	PART2 Middleweight
KROSS×OVER.32	2025-09-28	中澤 誠弥	水野 一矢	NOT_MMA	PART2 Superbantamweight
KROSS×OVER.32	2025-09-28	安達 元貴	ハルク大城	NOT_MMA	PART2 Superfeatherweight Title
KROSS×OVER.32	2025-09-28	横山 晏輝	怜虎	NOT_MMA	PART2 Featherweight Title
KROSS×OVER.32	2025-09-28	杉山豪基	横山みさと	NOT_MMA	PART2 Kickboxing
KROSS×OVER.32	2025-09-28	酒井柚樹	大久保 峻	NOT_MMA	PART2 Flyweight T
KROSS×OVER.32	2025-09-28	田中 秀汰	白谷フィッシュ征也	NOT_MMA	PART2 Superfeatherweight
KROSS×OVER.32	2025-09-28	KENTA	オカハン・バラ	NOT_MMA	dup
KROSS×OVER.32	2025-09-28	MIO LaReyna	亀井 美子	NOT_MMA	PRO-GIRLS KICK
KROSS×OVER.32	2025-09-28	夏目竜雅	清水 俊貴	NOT_MMA	dup
KROSS×OVER 18	2022-07-31	渡部 翔太	畠山 育朗	NOT_MMA	Pro Muaythai
KROSS×OVER 18	2022-07-31	鳰 翼	冨田 賢輔	NOT_MMA	KICK S-class
KROSS×OVER 18	2022-07-31	雅治	佳功	NOT_MMA	Pro Kick
KROSS×OVER 18	2022-07-31	堀井 翼	中泉 翔	NOT_MMA	Pro Kick
KROSS×OVER 18	2022-07-31	鳰 陽斗	村松 宏昌	NOT_MMA	KICK S-class
KROSS×OVER 18	2022-07-31	石川 慶	森本 直哉	NOT_MMA	Pro Kick
KROSS×OVER 18	2022-07-31	森本 直哉	石川 慶	NOT_MMA	dup
KROSS×OVER 18	2022-07-31	藤本新	GUNTHER KALUNDA	MMA	MMA -82kg明記
KROSS×OVER 18	2022-07-31	田中 秀汰	小林 京介	NOT_MMA	Pro Kick
KROSS×OVER 18	2022-07-31	矢島 直弥	山口 隆弥	NOT_MMA	KICK T準決勝
KROSS×OVER 18	2022-07-31	獅子丸	齊藤 友	NOT_MMA	Pro Kick
KROSSxOVER-CAGE.3	2024-04-21	平原 陸	紀空	NOT_MMA	Kickバンタム
KROSSxOVER-CAGE.3	2024-04-21	海凪	星 幸樹	NOT_MMA	Kick
KROSSxOVER-CAGE.3	2024-04-21	彪羽	小野 祥平	NOT_MMA	Kickバンタム
KROSSxOVER-CAGE.3	2024-04-21	藤橋 光	林 眞平	NOT_MMA	Kickスーパーフェザー
KROSSxOVER-CAGE.3	2024-04-21	安達 元貴	仙一	NOT_MMA	Kickスーパーバンタム
KROSSxOVER-CAGE.3	2024-04-21	横山 晏輝	神谷 勇輝	NOT_MMA	フェザー級挑戦者T KICK
KROSSxOVER-CAGE.3	2024-04-21	夜叉猿	小松 幸粋	NOT_MMA	Kickミドル級タイトル
KROSSxOVER-CAGE.3	2024-04-21	髙口 賢史郎	田中 勇利	NOT_MMA	Kick
KROSSxOVER-CAGE.3	2024-04-21	田中 康友	松﨑 光輝	NOT_MMA	Kick S級
KROSSxOVER-CAGE.3	2024-04-21	森本 直哉	小山内 大輝	NOT_MMA	Kick
KROSSxOVER-CAGE.3	2024-04-21	神谷 勇輝	横山 晏輝	NOT_MMA	dup
KROSSxOVER-CAGE.3	2024-04-21	KENTA	濱辺 稜矢	NOT_MMA	Kick
KROSSxOVER-CAGE.3	2024-04-21	林 眞平	藤橋 光	NOT_MMA	dup
KROSSxOVER-CAGE.3	2024-04-21	鈴木 力也	獅子丸	NOT_MMA	Kickスーパーバンタム
KROSSxOVER-CAGE.3	2024-04-21	今井 良次	ハリィ永田	NOT_MMA	プロムエタイバンタム
KROSSxOVER-CAGE.3	2024-04-21	獅子丸	鈴木 力也	NOT_MMA	dup
KROSSxOVER-CAGE.3	2024-04-21	小野祥平	彪羽	NOT_MMA	dup
【KROSS×OVER.36】試合結果&レポート	2026-07-05	瀧山 悠斗	小野 祥平	NOT_MMA	バンタム級T準決勝KICK
【KROSS×OVER.36】試合結果&レポート	2026-07-05	彪羽	酒井 柚樹	NOT_MMA	フライ級T決勝KICK
【KROSS×OVER.36】試合結果&レポート	2026-07-05	武 裕太	石川 章太郎	NOT_MMA	OFG-KICKルール
【KROSS×OVER.36】試合結果&レポート	2026-07-05	中澤 誠弥	森本 直哉	NOT_MMA	KICK
【KROSS×OVER.36】試合結果&レポート	2026-07-05	夏気	andrew	NOT_MMA	KICK
【KROSS×OVER.36】試合結果&レポート	2026-07-05	安達 元貴	ハルク大城	NOT_MMA	スーパーフェザー級タイトルKICK
【KROSS×OVER.36】試合結果&レポート	2026-07-05	坂上 りま	田中 真尋	NOT_MMA	KICK
【KROSS×OVER.36】試合結果&レポート	2026-07-05	菊地美乃里	岩本 蘭	NOT_MMA	女子アトム級タイトルKICK
【KROSS×OVER.36】試合結果&レポート	2026-07-05	遠山翔太	鬼久保 海斗流	NOT_MMA	KICK
【KROSS×OVER.36】試合結果&レポート	2026-07-05	森本 直哉	中澤 誠弥	NOT_MMA	dup
【KROSS×OVER.36】試合結果&レポート	2026-07-05	酒井柚樹	彪羽	NOT_MMA	dup
【KROSS×OVER.36】試合結果&レポート	2026-07-05	神谷 勇輝	石川 蓮太	NOT_MMA	KICK
【KROSS×OVER.36】試合結果&レポート	2026-07-05	本田ななか	MOMO	NOT_MMA	KICK
【KROSS×OVER.36】試合結果&レポート	2026-07-05	MOMO	本田 ななか	NOT_MMA	dup
【KROSS×OVER.36】試合結果&レポート	2026-07-05	小野祥平	瀧山 悠斗	NOT_MMA	dup
KROSS×OVER.24 -2023 CLIMAX-	2023-12-17	平原 陸	陸刃	NOT_MMA	Kick
KROSS×OVER.24 -2023 CLIMAX-	2023-12-17	陸刃	平原 陸	NOT_MMA	dup
KROSS×OVER.24 -2023 CLIMAX-	2023-12-17	YOSHIHIRO	小山内 大輝	NOT_MMA	Kick S級
KROSS×OVER.24 -2023 CLIMAX-	2023-12-17	渋江 健司	コウキ・オーチャロンチャイ	NOT_MMA	ムエタイ級
KROSS×OVER.24 -2023 CLIMAX-	2023-12-17	テレカ∞	石川 章太郎	NOT_MMA	ライト級タイトルKICK
KROSS×OVER.24 -2023 CLIMAX-	2023-12-17	工藤 勇樹	中平 卓見	NOT_MMA	ヘビー級タイトルKICKメイン
KROSS×OVER.24 -2023 CLIMAX-	2023-12-17	中平 卓見	工藤 勇樹	NOT_MMA	dup
KROSS×OVER.24 -2023 CLIMAX-	2023-12-17	Uver∞miyU	ロウ・イツブン	NOT_MMA	Girls Kick
KROSS×OVER.24 -2023 CLIMAX-	2023-12-17	宇野 あいり	久保薗 彩	NOT_MMA	Girls Kick
