criterion_id,name,primary_brand,total_appearances,most_recent_date,brands
A,中島太一,DEEP TOKYO IMPACT,1,2026-05-24,"DEEP TOKYO IMPACT"
A,安井飛馬,DEEP TOKYO IMPACT,1,2026-04-19,"DEEP TOKYO IMPACT"
A,飴山聖也,DEEP OSAKA IMPACT,1,2026-03-08,"DEEP OSAKA IMPACT"
A,海飛,DEEP TOKYO IMPACT,1,2026-02-23,"DEEP TOKYO IMPACT"
A,山崎弥十朗,DEEP TOKYO IMPACT,2,2026-02-23,"DEEP TOKYO IMPACT"
A,中務太陽,DEEP TOKYO IMPACT,1,2025-12-14,"DEEP TOKYO IMPACT"
A,青井人,DEEP OSAKA IMPACT,1,2025-09-21,"DEEP OSAKA IMPACT"
B1,中島太一,DEEP TOKYO IMPACT,1,2026-05-24,"DEEP TOKYO IMPACT"
B1,鹿志村仁之介,DEEP IMPACT,1,2026-05-04,"DEEP IMPACT"
B1,角野晃平,DEEP IMPACT,1,2026-05-04,"DEEP IMPACT"
B1,瀧澤謙太,DEEP IMPACT,1,2026-05-04,"DEEP IMPACT"
B1,雅駿介,DEEP IMPACT,1,2026-05-04,"DEEP IMPACT"
B1,中村大介,DEEP IMPACT,1,2026-05-04,"DEEP IMPACT"
B1,狩野優,DEEP IMPACT,1,2026-05-04,"DEEP IMPACT"
B1,泉武志,DEEP IMPACT,1,2026-05-04,"DEEP IMPACT"
B1,山本颯志,DEEP IMPACT,1,2026-05-04,"DEEP IMPACT"
B1,金田一孝介,DEEP IMPACT,1,2026-05-04,"DEEP IMPACT"
B1,窪田泰斗,DEEP IMPACT,1,2026-05-04,"DEEP IMPACT"
B1,タンク内藤,DEEP IMPACT,1,2026-05-04,"DEEP IMPACT"
B1,安井飛馬,DEEP TOKYO IMPACT,1,2026-04-19,"DEEP TOKYO IMPACT"
B1,荒東”怪獣キラー”英貴,DEEP IMPACT,1,2026-03-20,"DEEP IMPACT"
B1,飴山聖也,DEEP OSAKA IMPACT,1,2026-03-08,"DEEP OSAKA IMPACT"
B1,海飛,DEEP TOKYO IMPACT,1,2026-02-23,"DEEP TOKYO IMPACT"
B1,中務太陽,DEEP TOKYO IMPACT,1,2025-12-14,"DEEP TOKYO IMPACT"
B1,武田光司,DEEP IMPACT,1,2025-12-14,"DEEP IMPACT"
B1,石司晃一,DEEP IMPACT,1,2025-12-14,"DEEP IMPACT"
B1,杉山廣平,DEEP IMPACT,1,2025-12-14,"DEEP IMPACT"
B1,パク・シウ,DEEP JEWELS,1,2025-11-23,"DEEP JEWELS"
B1,北岡悟,DEEP IMPACT,1,2025-11-02,"DEEP IMPACT"
B1,青井人,DEEP OSAKA IMPACT,1,2025-09-21,"DEEP OSAKA IMPACT"
B1,ストラッサー起一,DEEP IMPACT,1,2025-09-15,"DEEP IMPACT"
B1,大島沙緒里,DEEP IMPACT,1,2025-09-15,"DEEP IMPACT"
B1,ケイト・ロータス,DEEP JEWELS,1,2025-09-07,"DEEP JEWELS"
B1,KENTA,DEEP IMPACT,1,2025-08-17,"DEEP IMPACT"
B1,北方大地,DEEP IMPACT,1,2025-08-17,"DEEP IMPACT"
B1,佐々木大,DEEP IMPACT,1,2025-08-17,"DEEP IMPACT"
B1,本田良介,DEEP IMPACT,1,2025-08-17,"DEEP IMPACT"
B2,猿寿健太,DEEP IMPACT,2,2026-07-05,"DEEP IMPACT"
B2,イ・イェジ,DEEP JEWELS,2,2026-05-24,"DEEP JEWELS"
B2,中島太一,DEEP TOKYO IMPACT,1,2026-05-24,"DEEP TOKYO IMPACT"
B2,日比野”エビ中”純也,DEEP TOKYO IMPACT,2,2026-05-24,"DEEP TOKYO IMPACT|DEEP IMPACT"
B2,牛久絢太郎,DEEP IMPACT,2,2026-05-04,"DEEP IMPACT"
B2,水野新太,DEEP IMPACT,2,2026-05-04,"DEEP IMPACT"
B2,大原樹理,DEEP IMPACT,2,2026-05-04,"DEEP IMPACT"
B2,倉本大悟,DEEP IMPACT,2,2026-05-04,"DEEP IMPACT"
B2,村元友太郎,DEEP IMPACT,2,2026-05-04,"DEEP IMPACT"
B2,平松翔,DEEP IMPACT,2,2026-05-04,"DEEP IMPACT"
B2,鹿志村仁之介,DEEP IMPACT,1,2026-05-04,"DEEP IMPACT"
B2,阿部大治,DEEP IMPACT,2,2026-05-04,"DEEP IMPACT|DEEP TOKYO IMPACT"
B2,角野晃平,DEEP IMPACT,1,2026-05-04,"DEEP IMPACT"
B2,瀧澤謙太,DEEP IMPACT,1,2026-05-04,"DEEP IMPACT"
B2,雅駿介,DEEP IMPACT,1,2026-05-04,"DEEP IMPACT"
B2,中村大介,DEEP IMPACT,1,2026-05-04,"DEEP IMPACT"
B2,狩野優,DEEP IMPACT,1,2026-05-04,"DEEP IMPACT"
B2,泉武志,DEEP IMPACT,1,2026-05-04,"DEEP IMPACT"
B2,山本颯志,DEEP IMPACT,1,2026-05-04,"DEEP IMPACT"
B2,赤沢幸典,DEEP IMPACT,2,2026-05-04,"DEEP IMPACT|DEEP TOKYO IMPACT"
B2,金田一孝介,DEEP IMPACT,1,2026-05-04,"DEEP IMPACT"
B2,窪田泰斗,DEEP IMPACT,1,2026-05-04,"DEEP IMPACT"
B2,誠悟,DEEP IMPACT,2,2026-05-04,"DEEP IMPACT"
B2,タンク内藤,DEEP IMPACT,1,2026-05-04,"DEEP IMPACT"
B2,安井飛馬,DEEP TOKYO IMPACT,1,2026-04-19,"DEEP TOKYO IMPACT"
B2,酒井リョウ,DEEP IMPACT,2,2026-03-20,"DEEP IMPACT"
B2,荒東”怪獣キラー”英貴,DEEP IMPACT,1,2026-03-20,"DEEP IMPACT"
B2,椿飛鳥,DEEP IMPACT,2,2026-03-20,"DEEP IMPACT"
B2,木下カラテ,DEEP IMPACT,2,2026-03-20,"DEEP IMPACT"
B2,直樹,DEEP IMPACT,2,2026-03-20,"DEEP IMPACT"
B2,中谷優我,DEEP IMPACT,2,2026-03-20,"DEEP IMPACT|DEEP TOKYO IMPACT"
B2,須田萌里,DEEP OSAKA IMPACT,2,2026-03-08,"DEEP OSAKA IMPACT|DEEP IMPACT"
B2,飴山聖也,DEEP OSAKA IMPACT,1,2026-03-08,"DEEP OSAKA IMPACT"
B2,海飛,DEEP TOKYO IMPACT,1,2026-02-23,"DEEP TOKYO IMPACT"
B2,山崎弥十朗,DEEP TOKYO IMPACT,2,2026-02-23,"DEEP TOKYO IMPACT"
B2,中務太陽,DEEP TOKYO IMPACT,1,2025-12-14,"DEEP TOKYO IMPACT"
B2,武田光司,DEEP IMPACT,1,2025-12-14,"DEEP IMPACT"
B2,石司晃一,DEEP IMPACT,1,2025-12-14,"DEEP IMPACT"
B2,杉山廣平,DEEP IMPACT,1,2025-12-14,"DEEP IMPACT"
B2,パク・シウ,DEEP JEWELS,1,2025-11-23,"DEEP JEWELS"
B2,北岡悟,DEEP IMPACT,1,2025-11-02,"DEEP IMPACT"
B2,青井人,DEEP OSAKA IMPACT,1,2025-09-21,"DEEP OSAKA IMPACT"
B2,ストラッサー起一,DEEP IMPACT,1,2025-09-15,"DEEP IMPACT"
B2,大島沙緒里,DEEP IMPACT,1,2025-09-15,"DEEP IMPACT"
B2,ケイト・ロータス,DEEP JEWELS,1,2025-09-07,"DEEP JEWELS"
B2,KENTA,DEEP IMPACT,1,2025-08-17,"DEEP IMPACT"
B2,北方大地,DEEP IMPACT,1,2025-08-17,"DEEP IMPACT"
B2,佐々木大,DEEP IMPACT,1,2025-08-17,"DEEP IMPACT"
B2,本田良介,DEEP IMPACT,1,2025-08-17,"DEEP IMPACT"
D,相本宗輝,DEEP IMPACT,3,2026-07-05,"DEEP IMPACT"
D,猿寿健太,DEEP IMPACT,2,2026-07-05,"DEEP IMPACT"
D,火の鳥,DEEP IMPACT,3,2026-07-05,"DEEP IMPACT|DEEP TOKYO IMPACT"
D,五明宏人,DEEP IMPACT,3,2026-07-05,"DEEP IMPACT"
D,神田コウヤ,DEEP IMPACT,4,2026-07-05,"DEEP IMPACT|DEEP TOKYO IMPACT"
D,ケンシロウ,DEEP IMPACT,3,2026-07-05,"DEEP IMPACT"
D,鈴木大晟,DEEP TOKYO IMPACT,3,2026-07-05,"DEEP IMPACT|DEEP TOKYO IMPACT"
D,寺崎昇龍,DEEP IMPACT,3,2026-06-21,"DEEP OSAKA IMPACT|DEEP IMPACT"
D,イ・イェジ,DEEP JEWELS,2,2026-05-24,"DEEP JEWELS"
D,三井俊希,DEEP TOKYO IMPACT,3,2026-05-24,"DEEP TOKYO IMPACT|DEEP IMPACT"
D,中島太一,DEEP TOKYO IMPACT,1,2026-05-24,"DEEP TOKYO IMPACT"
D,日比野”エビ中”純也,DEEP TOKYO IMPACT,2,2026-05-24,"DEEP TOKYO IMPACT|DEEP IMPACT"
D,牛久絢太郎,DEEP IMPACT,2,2026-05-04,"DEEP IMPACT"
D,水野新太,DEEP IMPACT,2,2026-05-04,"DEEP IMPACT"
D,平松翔,DEEP IMPACT,2,2026-05-04,"DEEP IMPACT"
D,鹿志村仁之介,DEEP IMPACT,1,2026-05-04,"DEEP IMPACT"
D,阿部大治,DEEP IMPACT,2,2026-05-04,"DEEP IMPACT|DEEP TOKYO IMPACT"
D,角野晃平,DEEP IMPACT,1,2026-05-04,"DEEP IMPACT"
D,関原翔,DEEP IMPACT,3,2026-05-04,"DEEP IMPACT"
D,瀧澤謙太,DEEP IMPACT,1,2026-05-04,"DEEP IMPACT"
D,雅駿介,DEEP IMPACT,1,2026-05-04,"DEEP IMPACT"
D,中村大介,DEEP IMPACT,1,2026-05-04,"DEEP IMPACT"
D,狩野優,DEEP IMPACT,1,2026-05-04,"DEEP IMPACT"
D,泉武志,DEEP IMPACT,1,2026-05-04,"DEEP IMPACT"
D,山本颯志,DEEP IMPACT,1,2026-05-04,"DEEP IMPACT"
D,赤沢幸典,DEEP IMPACT,2,2026-05-04,"DEEP IMPACT|DEEP TOKYO IMPACT"
D,金田一孝介,DEEP IMPACT,1,2026-05-04,"DEEP IMPACT"
D,窪田泰斗,DEEP IMPACT,1,2026-05-04,"DEEP IMPACT"
D,小崎連,DEEP IMPACT,3,2026-05-04,"DEEP IMPACT|DEEP TOKYO IMPACT|DEEP OSAKA IMPACT"
D,誠悟,DEEP IMPACT,2,2026-05-04,"DEEP IMPACT"
D,タンク内藤,DEEP IMPACT,1,2026-05-04,"DEEP IMPACT"
D,諏訪部哲平,DEEP IMPACT,3,2026-05-04,"DEEP IMPACT|DEEP TOKYO IMPACT"
D,杉野亜蓮,DEEP IMPACT,3,2026-05-04,"DEEP IMPACT"
D,ダイヤ,DEEP IMPACT,3,2026-05-04,"DEEP IMPACT|DEEP FIGHT CHALLENGE|DEEP TOKYO IMPACT"
D,安井飛馬,DEEP TOKYO IMPACT,1,2026-04-19,"DEEP TOKYO IMPACT"
D,荒東”怪獣キラー”英貴,DEEP IMPACT,1,2026-03-20,"DEEP IMPACT"
D,椿飛鳥,DEEP IMPACT,2,2026-03-20,"DEEP IMPACT"
D,木下カラテ,DEEP IMPACT,2,2026-03-20,"DEEP IMPACT"
D,直樹,DEEP IMPACT,2,2026-03-20,"DEEP IMPACT"
D,中谷優我,DEEP IMPACT,2,2026-03-20,"DEEP IMPACT|DEEP TOKYO IMPACT"
D,須田萌里,DEEP OSAKA IMPACT,2,2026-03-08,"DEEP OSAKA IMPACT|DEEP IMPACT"
D,飴山聖也,DEEP OSAKA IMPACT,1,2026-03-08,"DEEP OSAKA IMPACT"
D,海飛,DEEP TOKYO IMPACT,1,2026-02-23,"DEEP TOKYO IMPACT"
D,山崎弥十朗,DEEP TOKYO IMPACT,2,2026-02-23,"DEEP TOKYO IMPACT"
D,中務太陽,DEEP TOKYO IMPACT,1,2025-12-14,"DEEP TOKYO IMPACT"
D,武田光司,DEEP IMPACT,1,2025-12-14,"DEEP IMPACT"
D,石司晃一,DEEP IMPACT,1,2025-12-14,"DEEP IMPACT"
D,杉山廣平,DEEP IMPACT,1,2025-12-14,"DEEP IMPACT"
D,パク・シウ,DEEP JEWELS,1,2025-11-23,"DEEP JEWELS"
D,北岡悟,DEEP IMPACT,1,2025-11-02,"DEEP IMPACT"
D,青井人,DEEP OSAKA IMPACT,1,2025-09-21,"DEEP OSAKA IMPACT"
D,ストラッサー起一,DEEP IMPACT,1,2025-09-15,"DEEP IMPACT"
D,大島沙緒里,DEEP IMPACT,1,2025-09-15,"DEEP IMPACT"
D,ケイト・ロータス,DEEP JEWELS,1,2025-09-07,"DEEP JEWELS"
D,北方大地,DEEP IMPACT,1,2025-08-17,"DEEP IMPACT"
D,佐々木大,DEEP IMPACT,1,2025-08-17,"DEEP IMPACT"
D,本田良介,DEEP IMPACT,1,2025-08-17,"DEEP IMPACT"
E,中島太一,DEEP TOKYO IMPACT,1,2026-05-24,"DEEP TOKYO IMPACT"
E,安井飛馬,DEEP TOKYO IMPACT,1,2026-04-19,"DEEP TOKYO IMPACT"
E,飴山聖也,DEEP OSAKA IMPACT,1,2026-03-08,"DEEP OSAKA IMPACT"
E,海飛,DEEP TOKYO IMPACT,1,2026-02-23,"DEEP TOKYO IMPACT"
E,山崎弥十朗,DEEP TOKYO IMPACT,2,2026-02-23,"DEEP TOKYO IMPACT"
E,中務太陽,DEEP TOKYO IMPACT,1,2025-12-14,"DEEP TOKYO IMPACT"
E,青井人,DEEP OSAKA IMPACT,1,2025-09-21,"DEEP OSAKA IMPACT"
