slug,name,history_index,date,event,opponent,result,org,events_on_that_date
horiguchi-kyoji,堀口 恭司,32,2013-03-16,修斗 2013年第2戦 【修斗世界フェザー級チャンピオンシップ】,扇久保博正,win,SHOOTO,(none)
horiguchi-kyoji,堀口 恭司,34,2012-07-16,修斗,井上学,win,SHOOTO,(none)
horiguchi-kyoji,堀口 恭司,35,2012-03-10,修斗,徹肌ィ郎,win,SHOOTO,(none)
horiguchi-kyoji,堀口 恭司,36,2012-01-08,修斗 サバイバートーナメント決勝,上田将勝,loss,SHOOTO,(none)
horiguchi-kyoji,堀口 恭司,37,2011-09-23,修斗 SHOOTOR'S LEGACY 04,直撃我聞,win,SHOOTO,(none)
horiguchi-kyoji,堀口 恭司,38,2011-07-18,修斗 SHOOTOR'S LEGACY 03,根津優太,win,SHOOTO,(none)
horiguchi-kyoji,堀口 恭司,39,2011-04-29,修斗伝承 2011,細井鷹飛呂,win,SHOOTO,(none)
horiguchi-kyoji,堀口 恭司,40,2010-12-18,修斗 THE ROOKIE TOURNAMENT 10 FINAL 【新人王決定トーナメント フェザー級 決勝】,赤尾セイジ,win,SHOOTO,(none)
horiguchi-kyoji,堀口 恭司,41,2010-08-07,修斗 SHOOTO GIG TOKYO Vol.5 【新人王決定トーナメント フェザー級準決勝】,石橋佳大,win,SHOOTO,(none)
horiguchi-kyoji,堀口 恭司,42,2010-05-09,修斗 龍争虎闘 Vol.3 【新人王決定トーナメント フェザー級2回戦】,川名蘭輝,win,SHOOTO,(none)
asakura-kai,朝倉 海,27,2012-09-16,DEEP CAGE IMPACT 浜松,鈴木智也,win,DEEP,(none)
asakura-mikuru,朝倉 未来,25,2012-09-18,DEEP CAGE IMPACT 2012 in HAMAMATSU,板垣守計,win,DEEP,(none)
koike-kleber,クレベル・コイケ,27,2014-09-14,DEEP HAMAMATSU IMPACT,別府セブン,win,DEEP,(none)
koike-kleber,クレベル・コイケ,29,2013-09-15,DEEP CAGE IMPACT 2013 IN HAMAMATSU,植田豊,win,DEEP,(none)
koike-kleber,クレベル・コイケ,35,2011-09-18,DEEP CAGE IMPACT 2011 IN HAMAMATSU,小池秀信,win,DEEP,(none)
koike-kleber,クレベル・コイケ,36,2011-02-06,DEEP SHIZUOKA IMPACT,田中慎一郎,win,DEEP,(none)
koike-kleber,クレベル・コイケ,38,2010-09-19,DEEP CAGE IMPACT 2010 IN HAMAMATSU,梶田高裕,draw,DEEP,(none)
koike-kleber,クレベル・コイケ,39,2009-10-10,DEEP 44 IMPACT,北田俊亮,loss,DEEP,(none)
koike-kleber,クレベル・コイケ,40,2009-09-27,DEEP HAMAMATSU IMPACT,藤井嵩士,win,DEEP,(none)
koike-kleber,クレベル・コイケ,41,2009-08-30,DEEP OSAKA IMPACT,前田吉朗,loss,DEEP,(none)
koike-kleber,クレベル・コイケ,42,2009-06-05,DEEP 42 IMPACT,ISE,loss,DEEP,(none)
koike-kleber,クレベル・コイケ,45,2008-08-28,Club DEEP 浜松,和田まさき,win,DEEP,(none)
inoue-naoki,井上 直樹,19,2016-10-09,DEEP CAGE IMPACT 2016 in OSAKA,"柴田""MONKEY""有哉",win,DEEP,(none)
inoue-naoki,井上 直樹,21,2016-06-12,DEEP NAGOYA IMPACT 公武堂ファイト,加藤直之,win,DEEP,(none)
inoue-naoki,井上 直樹,25,2015-03-08,DEEP NAGOYA IMPACT 公武堂ファイト,カン・サトー,win,DEEP,(none)
izawa-seika,伊澤 星花,14,2021-10-24,DEEP 104 IMPACT,パク・シウ,win,DEEP,(none)
rena,RENA,2,2024-03-26,RIZIN LANDMARK 9,シン・ユリ,win,RIZIN,(none)
rena,RENA,20,2015-12-31,RIZIN FIGHTING WORLD GRAND-PRIX 2015 さいたま3DAYS,イリアーナ・ヴァレンティーノ,win,RIZIN,(none)
saito-yutaka,斎藤 裕,19,2015-05-03,プロフェッショナル修斗 【修斗環太平洋フェザー級タイトルマッチ】,中村ジュニア,win,SHOOTO,(none)
saito-yutaka,斎藤 裕,20,2014-12-21,プロフェッショナル修斗 インフィニティリーグ2014優勝決定戦＆THE ROOKIE TOURNAMENT FINAL 2014,藤田ブロディ,win,SHOOTO,(none)
saito-yutaka,斎藤 裕,21,2014-09-27,プロフェッショナル修斗 インフィニティリーグ2014,太田拓己,win,SHOOTO,(none)
saito-yutaka,斎藤 裕,22,2014-07-19,プロフェッショナル修斗新宿FACE大会,TOMA,win,SHOOTO,(none)
saito-yutaka,斎藤 裕,23,2014-03-16,プロフェッショナル修斗 インフィニティリーグ2014,城田和秀,draw,SHOOTO,(none)
saito-yutaka,斎藤 裕,24,2013-11-09,プロフェッショナル修斗,村津孝徳,win,SHOOTO,(none)
saito-yutaka,斎藤 裕,25,2013-09-22,プロフェッショナル修斗,独眼竜刺牙,win,SHOOTO,(none)
saito-yutaka,斎藤 裕,26,2013-06-08,プロフェッショナル修斗,鷹島大樹,win,SHOOTO,(none)
saito-yutaka,斎藤 裕,27,2013-02-23,プロフェッショナル修斗,河野啓太,draw,SHOOTO,(none)
saito-yutaka,斎藤 裕,28,2012-09-30,プロフェッショナル修斗 【新人王決定トーナメント 準決勝】,ユータ&ロック,loss,SHOOTO,(none)
saito-yutaka,斎藤 裕,29,2012-06-30,プロフェッショナル修斗 【新人王決定トーナメント 2回戦】,地浜敏郎,win,SHOOTO,(none)
saito-yutaka,斎藤 裕,30,2012-01-21,プロフェッショナル修斗 【新人王決定トーナメント 1回戦】,吉田真也,win,SHOOTO,(none)
saito-yutaka,斎藤 裕,31,2011-11-27,プロフェッショナル修斗,佐々木郁矢,win,SHOOTO,(none)
hagiwara-kyohei,萩原 京平,21,2017-03-26,DEEP SAITAMA IMPACT 2017,荒井真人,loss,DEEP,(none)
majima-kazumasa,摩嶋 一整,11,2018-07-01,修斗 闘裸男22 ～DIRECTION OF THE CAGE 2～,天草ストロンガー四郎,win,SHOOTO,闘裸男22 Direction of the Cage2
majima-kazumasa,摩嶋 一整,16,2016-09-04,修斗 闘裸男19,田中半蔵,win,SHOOTO,BORDER-season8-「The2nd」
majima-kazumasa,摩嶋 一整,17,2016-06-12,修斗 闘裸男18,大野“虎眼”賢良,win,SHOOTO,(none)
majima-kazumasa,摩嶋 一整,19,2015-06-21,修斗 闘裸男15 ～DIRECTION OF THE CAGE～ 【修斗新人王決定トーナメント ライト級 1回戦】,岩本達彦,win,SHOOTO,VTJ in OSAKA
hiroya,ヒロヤ,17,2020-12-18,DEEP TOKYO IMPACT 2020,原虎徹,loss,DEEP,(none)
shinryu-makoto,神龍 誠,21,2018-10-27,DEEP 86 IMPACT,中山ハルキ,win,DEEP,(none)
shinryu-makoto,神龍 誠,24,2017-12-24,DEEP OSAKA IMPACT,獅庵,win,DEEP,(none)
ougikubo-hiromasa,扇久保 博正,17,2019-05-06,修斗 【修斗世界フライ級チャンピオンシップ】,清水清隆,win,SHOOTO,SHOOTO 30th ANNIVERSARY TOUR 30周年記念大会 第1部 Supported by ONE Championship; SHOOTO 30th ANNIVERSARY TOUR 30周年記念大会 第2部 Supported by ONE Championship
ougikubo-hiromasa,扇久保 博正,22,2015-11-29,修斗,猿田洋祐,win,SHOOTO,(none)
ougikubo-hiromasa,扇久保 博正,26,2013-03-16,修斗 2013年第2戦 【修斗世界フェザー級チャンピオンシップ】,堀口恭司,loss,SHOOTO,(none)
ougikubo-hiromasa,扇久保 博正,27,2012-05-18,修斗 【修斗世界フェザー級チャンピオンシップ】,岡嵜康悦,win,SHOOTO,(none)
ougikubo-hiromasa,扇久保 博正,28,2012-01-08,修斗 ISAMI presents サバイバートーナメント決勝戦 【修斗環太平洋フェザー級チャンピオンシップ】,徹肌ィ郎,win,SHOOTO,(none)
ougikubo-hiromasa,扇久保 博正,29,2011-04-03,修斗 BORDER -season 3- 「春雷」 【修斗環太平洋フェザー級チャンピオン決定戦】,松本輝之,win,SHOOTO,(none)
ougikubo-hiromasa,扇久保 博正,30,2010-09-23,"修斗 The Way of SHOOTO 05 〜Like a Tiger, Like a Dragon〜",田澤聡,win,SHOOTO,(none)
ougikubo-hiromasa,扇久保 博正,31,2010-05-30,"修斗 The Way of SHOOTO 03 〜Like a Tiger, Like a Dragon〜",エドゥアルド・ダンタス,loss,SHOOTO,(none)
ougikubo-hiromasa,扇久保 博正,32,2009-10-18,修斗 SHOOTO GIG TOKYO 3 【修斗環太平洋フェザー級チャンピオン決定戦】,岡嵜康悦,loss,SHOOTO,(none)
ougikubo-hiromasa,扇久保 博正,33,2009-03-20,"""修斗伝承 06"" ROAD TO 20th ANNIVERSARY",徹肌ィ郎,win,SHOOTO,(none)
ougikubo-hiromasa,扇久保 博正,34,2008-11-29,"""修斗伝承 04"" ROAD TO 20th ANNIVERSARY",田澤聡,draw,SHOOTO,(none)
ougikubo-hiromasa,扇久保 博正,35,2008-07-18,"""修斗伝承 02"" ROAD TO 20th ANNIVERSARY",田中ヒロユキ,win,SHOOTO,(none)
ougikubo-hiromasa,扇久保 博正,36,2007-12-08,修斗 【新人王決定トーナメント フェザー級 決勝】,金山康宏,win,SHOOTO,(none)
ougikubo-hiromasa,扇久保 博正,37,2007-09-22,修斗 BACK TO OUR ROOTS 05 【新人王決定トーナメント フェザー級 準決勝】,田村和也,win,SHOOTO,(none)
ougikubo-hiromasa,扇久保 博正,38,2007-06-30,修斗 【新人王決定トーナメント フェザー級 2回戦】,太田悟,win,SHOOTO,(none)
ougikubo-hiromasa,扇久保 博正,39,2007-03-04,修斗 下北沢修斗劇場 第17弾 〜男はつよいよ〜,矢作尚紀,draw,SHOOTO,(none)
ougikubo-hiromasa,扇久保 博正,40,2006-10-01,修斗 下北沢修斗劇場 第16弾 〜燃えろいい男〜,マイク・ハヤカワ,win,SHOOTO,(none)
motoya-yuki,元谷 友貴,27,2018-10-27,DEEP 86 IMPACT 【DEEPバンタム級王座決定戦】,釜谷真,win,DEEP,(none)
motoya-yuki,元谷 友貴,35,2015-12-29,RIZIN FIGHTING WORLD GRAND-PRIX 2015 さいたま3DAYS,フェリペ・エフライン,nc,RIZIN,(none)
motoya-yuki,元谷 友貴,37,2015-05-17,DEEP 72 IMPACT,チェ・ジョンホン,win,DEEP,(none)
motoya-yuki,元谷 友貴,44,2013-04-14,DEEP TOYAMA IMPACT 11,青山忍,win,DEEP,(none)
motoya-yuki,元谷 友貴,45,2012-12-08,DEEP CAGE IMPACT 2012 in TOKYO 2nd ROUND,"柴田""MONKEY""有哉",win,DEEP,(none)
motoya-yuki,元谷 友貴,46,2012-07-22,DEEP NAGOYA IMPACT 公武堂ファイト 【フライ級王者決定トーナメント 決勝戦】,木部亮,win,DEEP,(none)
motoya-yuki,元谷 友貴,47,2012-07-22,DEEP NAGOYA IMPACT 公武堂ファイト 【フライ級王者決定トーナメント 準決勝】,加藤直之,win,DEEP,(none)
motoya-yuki,元谷 友貴,48,2012-03-25,DEEP NAGOYA IMPACT 公武堂ファイト 【フライ級王者決定トーナメント 1回戦】,崎村暁東,win,DEEP,(none)
motoya-yuki,元谷 友貴,49,2011-11-27,DEEP CAGE IMPACT 2011 in TOYAMA,加藤直之,loss,DEEP,(none)
motoya-yuki,元谷 友貴,50,2011-10-09,club DEEP 公武堂ファイト,春日井“寒天”たけし,loss,DEEP,(none)
motoya-yuki,元谷 友貴,51,2011-08-21,Club DEEP in DIANA 2,板谷一樹,win,DEEP,(none)
motoya-yuki,元谷 友貴,52,2011-07-10,DEEP CAGE IMPACT 2011 in Nagoya,石田ガリット勝也,win,DEEP,(none)
yachi-yusuke,矢地 祐介,34,2013-03-16,修斗 2013年第2戦 【修斗環太平洋ライト級チャンピオンシップ】,星野勇二,win,SHOOTO,(none)
yachi-yusuke,矢地 祐介,35,2012-11-11,修斗 【修斗環太平洋ライト級チャンピオン決定戦】,美木航,win,SHOOTO,(none)
yachi-yusuke,矢地 祐介,36,2012-07-16,修斗,田村彰敏,win,SHOOTO,(none)
yachi-yusuke,矢地 祐介,37,2012-03-10,修斗,大澤茂樹,win,SHOOTO,(none)
yachi-yusuke,矢地 祐介,38,2011-12-18,修斗 THE ROOKIE TOURNAMENT 2011 FINAL,ジャングル伊藤,win,SHOOTO,(none)
yachi-yusuke,矢地 祐介,39,2011-05-18,修斗 SHOOTO GIG TOKYO Vol.6,ガイ・デルモ,loss,SHOOTO,(none)
yachi-yusuke,矢地 祐介,40,2010-12-18,修斗 THE ROOKIE TOURNAMENT 10 FINAL,門脇英基,loss,SHOOTO,(none)
yachi-yusuke,矢地 祐介,41,2010-09-23,修斗 The Way of SHOOTO 05,キム・ジンヒョン,win,SHOOTO,(none)
yachi-yusuke,矢地 祐介,42,2010-03-22,修斗 The Way of SHOOTO 02,戸井田カツヤ,loss,SHOOTO,(none)
yachi-yusuke,矢地 祐介,43,2009-12-13,修斗 THE ROOKIE TOURNAMENT 09 FINAL 【新人王決定トーナメント ライト級 決勝】,ジャックナイフツネオ,win,SHOOTO,(none)
yachi-yusuke,矢地 祐介,44,2009-09-22,修斗 REVOLUTIONARY EXCHANGES 2 【新人王決定トーナメント ライト級 準決勝】,小林ミツル,win,SHOOTO,(none)
yachi-yusuke,矢地 祐介,45,2009-04-10,修斗 SHOOTING DISCO 8 【新人王決定トーナメント ライト級 1回戦】,丸井憲一郎,win,SHOOTO,(none)
fukuda-ryuya,福田 龍彌,25,2017-04-09,修斗 香川大会『FORCE07』,パク・ミンゼ,win,SHOOTO,(none)
fukuda-ryuya,福田 龍彌,28,2014-07-06,修斗 SHOOTO GIG WEST 16,オニボウズ,win,SHOOTO,(none)
fukuda-ryuya,福田 龍彌,29,2014-04-27,修斗 BORDER-season6-「The 2nd」,呑谷尚平,win,SHOOTO,(none)
fukuda-ryuya,福田 龍彌,30,2013-12-15,修斗 THE ROOKIE TOURNAMENT FINAL 2013 【2013年度新人王決定トーナメント決勝戦】,征矢貴,loss,SHOOTO,(none)
fukuda-ryuya,福田 龍彌,31,2013-09-01,修斗 BORDER-season5-「The 2nd」 【2013年度新人王決定トーナメント準決勝】,タンク,win,SHOOTO,(none)
fukuda-ryuya,福田 龍彌,32,2013-04-07,修斗 BORDER-season5-「The first」,有本侑紀,win,SHOOTO,(none)
fukuda-ryuya,福田 龍彌,33,2012-12-09,修斗 BORDER-SEASON4-3rd 【2013年度新人王決定トーナメント1回戦】,いっきゅうさん,win,SHOOTO,(none)
oshima-saori,大島 沙緒里,10,2023-02-04,Black Combat 5: Song of the Sword 【DEEP×BLACK COMBAT対抗戦】,ホン・イェリン,win,DEEP,(none)
oshima-saori,大島 沙緒里,23,2020-01-26,プロフェッショナル修斗 2020 【修斗女子初代スーパーアトム級王座決定トーナメント1回戦】,小生由紀,win,SHOOTO,PROFESSONAL SHOOTO 2020 Supported by ONE Championship
sato-shoko,佐藤 将光,23,2015-11-29,修斗 後楽園ホール大会,竹中大地,loss,SHOOTO,(none)
sato-shoko,佐藤 将光,26,2015-05-03,修斗 MOBSTYLES 15th Anniversary TOUR FIGHT & MOSH,土屋大喜,win,SHOOTO,(none)
sato-shoko,佐藤 将光,27,2015-01-25,修斗 2015年第1戦,藤中淳司,win,SHOOTO,(none)
goto-joji,後藤 丈治,5,2024-12-08,DEEP 122 IMPACT,マンド・グティエレス,loss,DEEP,DEEP 123 IMPACT; DEEP TOKYO IMPACT 2024 6th ROUND
goto-joji,後藤 丈治,16,2020-04-17,SHOOTO ROAD TO ONE 2ND ABEMA,祖根寿麻,win,SHOOTO,(none)
ito-yuki,伊藤 裕樹,23,2019-05-26,DEEP NAGOYA IMPACT 公武堂ファイト,ヨシKING,win,DEEP,(none)
soya-takaki,征矢 貴,14,2015-01-25,修斗 2015年開幕戦,梶川卓,win,SHOOTO,(none)
soya-takaki,征矢 貴,15,2014-09-27,修斗 2014年第7戦,菅原雅顕,loss,SHOOTO,(none)
soya-takaki,征矢 貴,16,2014-05-05,修斗 25周年記念大会,ズ・ギョンズン,win,SHOOTO,(none)
soya-takaki,征矢 貴,17,2013-12-15,修斗 THE ROOKIE TOURNAMENT FINAL 2013 【2013年度新人王決定トーナメント決勝戦】,福田龍彌,win,SHOOTO,(none)
soya-takaki,征矢 貴,18,2013-09-01,修斗 BORDER -season5- The 2nd 【2013年度新人王決定トーナメント準決勝】,亀島聖児,win,SHOOTO,(none)
soya-takaki,征矢 貴,19,2013-06-08,修斗 SHOOTING DISCO 21 catch the moment ～今でしょ！～ 【2013年度新人王決定トーナメント2回戦】,鳥越顕,win,SHOOTO,(none)
soya-takaki,征矢 貴,21,2012-07-21,DEEP TOKYO IMPACT 2012 in DIFFER ARIAKE,伊藤貴昭,win,DEEP,(none)
nomura-shunta,野村 駿太,7,2022-12-22,DEEP TOKYO IMPACT 2022 7th Round,小金翔,win,DEEP,(none)
yamamoto-arsen,山本 アーセン,14,2015-12-31,RIZIN FIGHTING WORLD GRAND-PRIX 2015 さいたま3DAYS,クロン・グレイシー,loss,RIZIN,(none)
ando-tatsuya,安藤 達也,17,2015-11-29,SHOOTO the Comic vol. 1,服部謙一,win,SHOOTO,(none)
kintaro,金太郎,16,2017-12-24,PANCRASE vs DEEP 大阪大会,土肥潤,win,DEEP,(none)
kintaro,金太郎,20,2015-04-29,DEEP OSAKA IMPACT 2015,渡辺智史,win,DEEP,(none)
kintaro,金太郎,22,2014-10-19,DEEP CAGE IMPACT in OSAKA 2014,小松寛司,win,DEEP,(none)
kintaro,金太郎,24,2014-02-23,DEEP OSAKA IMPACT 2014,篠川晴成,draw,DEEP,(none)
kintaro,金太郎,29,2012-09-29,DEEP OSAKA IMPACT 2012,神龍,win,DEEP,(none)
suda-moeri,須田 萌里,20,2021-04-04,DEEP OSAKA IMPACT 2021,坂本美香,win,DEEP,(none)
takeda-koji,武田 光司,19,2018-10-27,DEEP 86 IMPACT 【DEEPライト級タイトルマッチ】,北岡悟,win,DEEP,(none)
tokoro-hideo,所 英男,9,2015-12-29,RIZIN FIGHTING WORLD GRAND-PRIX 2015 さいたま3DAYS,才賀紀左衛門,win,RIZIN,(none)
tokoro-hideo,所 英男,46,2005-04-07,Shooto Lithuania: Chaosas,エリカス・ペトライティス,win,SHOOTO,(none)
tokoro-hideo,所 英男,48,2004-11-20,Shooto Lithuania: Bushido」,ダリウス・スクリアウディス,loss,SHOOTO,(none)
tokoro-hideo,所 英男,53,2004-04-04,Shooto Lithuania: Vendetta,エリカス・ペトライティス,win,SHOOTO,(none)
miyagawa-hyuga,宮川 日向,11,2023-09-30,DEEP伝説のネタ物祭り,ジョビン,loss,DEEP,(none)
ohara-juri,大原樹理,11,2023-02-04,Black Combat 5: Song of the Sword 【DEEP×BLACK COMBAT対抗戦】,ユン・ダウォン,win,DEEP,(none)
ohara-juri,大原樹理,27,2018-10-27,DEEP 86 IMPACT,岡村幸範,draw,DEEP,(none)
ohara-juri,大原樹理,48,2013-07-20,DEEP TOKYO IMPACT 2013 【ライト級GPリザーブマッチ】,濱村健,win,DEEP,(none)
ohara-juri,大原樹理,49,2013-05-18,DEEP TOKYO IMPACT 2013 【ライト級GP二回戦】,福本よう一,win,DEEP,(none)
ohara-juri,大原樹理,50,2013-03-10,DEEP TOKYO IMPACT 2013 【ライト級GP一回戦】,田口公一,win,DEEP,(none)
ohara-juri,大原樹理,52,2012-07-21,DEEP TOKYO IMPACT 2012,大迫元喜,win,DEEP,(none)
ohara-juri,大原樹理,54,2012-04-07,DEEP CAGE IMPACT 2012,川崎泰裕,win,DEEP,(none)
ohara-juri,大原樹理,56,2011-10-29,DEEP CAGE IMPACT 2011,LUIZ,win,DEEP,(none)
ohara-juri,大原樹理,57,2011-08-21,CLUB DEEP DIANA 2,近藤秀人,win,DEEP,(none)
ohara-juri,大原樹理,58,2011-06-05,DEEP TOKYO IMPACT 2011,永瀬功,win,DEEP,(none)
ohara-juri,大原樹理,59,2011-04-24,CLUB DEEP DIANA,森素道,win,DEEP,(none)
ohara-juri,大原樹理,60,2011-02-27,DEEP TOKYO IMPACT 2011,小林裕,loss,DEEP,(none)
ohara-juri,大原樹理,62,2010-05-23,CLUB DEEP 東京,小池秀信,win,DEEP,(none)
ohara-juri,大原樹理,63,2010-03-28,CLUB DEEP 東京,安藤純,win,DEEP,(none)
kuramoto-daigo,倉本大悟,7,2023-12-09,DEEP TOKYO IMPACT 2023 7th ROUND,井上竜旗,win,DEEP,(none)
kuramoto-daigo,倉本大悟,10,2022-12-10,DEEP TOKYO IMPACT 2022 7th ROUND,森俊樹,loss,DEEP,(none)
shimada-ibuki,嶋田伊吹,11,2021-04-04,DEEP OSAKA IMPACT 2021,木下憂朔,loss,DEEP,(none)
shimada-ibuki,嶋田伊吹,12,2020-11-29,DEEP & PANCRASE大阪,鈴木道場長,win,DEEP,(none)
shimada-ibuki,嶋田伊吹,13,2019-11-17,DEEP & PANCRASE大阪,中尾受太郎,win,DEEP,(none)
shimada-ibuki,嶋田伊吹,16,2018-10-27,DEEP OSAKA IMPACT 2024 1ST ROUND,田中一矢,win,DEEP,(none)
sakai-ryo,酒井リョウ,11,2021-06-18,DEEP TOKYO IMPACT 2021 1ST ROUND,SAINT,loss,DEEP,(none)
sakai-ryo,酒井リョウ,15,2018-10-27,DEEP 86 IMPACT,水口清吾,win,DEEP,(none)
sakai-ryo,酒井リョウ,20,2016-09-24,MGL 1 FIGHTING CHAMPIONSHIP MGL 1 VS DEEP,ガンバヤル・トゥムルフヤグ,loss,DEEP,(none)
muramoto-yutaro,村元友太郎,16,2017-12-24,PANCRASE vs DEEP 大阪大会,大崎勝海,win,DEEP,(none)
abe-daiji,阿部大治,12,2021-02-19,DEEP 100 IMPACT～20th Anniversary～ 【DEEPウェルター級暫定王者決定戦】,レッツ豪太,win,DEEP,(none)
nakamura-daisuke,中村大介,6,2023-02-04,Black Combat 5: Song of the Sword 【DEEP×BLACK COMBAT対抗戦】,キム・ミンウ,loss,DEEP,(none)
nakamura-daisuke,中村大介,27,2011-10-29,DEEP CAGE IMPACT 2011 in TOKYO,アームバー・キム,win,DEEP,(none)
nakamura-daisuke,中村大介,40,2008-07-17,DEEP M-1 チャレンジ 5 in JAPAN 【チーム・オランダ vs. チーム・ジャパン -70kg級戦】,ボグダン・クリステア,win,DEEP,(none)
nakamura-daisuke,中村大介,47,2006-02-05,DEEP 23 IMPACT 5周年大会,藤沼弘秀,win,DEEP,(none)
nakamura-daisuke,中村大介,48,2005-12-02,DEEP 22 IMPACT,長谷川秀彦,loss,DEEP,(none)
nakamura-daisuke,中村大介,50,2004-10-30,DEEP 16th IMPACT 【ウェルター級トーナメント決勝】,中尾受太郎,loss,DEEP,(none)
nakamura-daisuke,中村大介,51,2004-10-30,DEEP 16th IMPACT 【ウェルター級トーナメント準決勝】,星野勇二,win,DEEP,(none)
nakamura-daisuke,中村大介,52,2004-07-03,DEEP 15th IMPACT 【ウェルター級トーナメント1回戦】,小野瀬哲也,win,DEEP,(none)
nakamura-daisuke,中村大介,60,2002-12-08,DEEP2001 7th IMPACT in DIFFER ARIAKE 【フューチャーキングトーナメント 82kg以下級 2回戦】,森山大,loss,DEEP,(none)
nakamura-daisuke,中村大介,61,2002-12-08,DEEP2001 7th IMPACT in DIFFER ARIAKE 【フューチャーキングトーナメント 82kg以下級 1回戦】,木村仁要,win,DEEP,(none)
kindaichi-kosuke,金田一孝介,8,2011-09-23,修斗,伊藤一宏,win,SHOOTO,(none)
kindaichi-kosuke,金田一孝介,9,2011-07-18,修斗 SHOOTOR’S LEGACY 03,佐々木憂流迦,loss,SHOOTO,(none)
kindaichi-kosuke,金田一孝介,10,2011-04-10,修斗,門脇英基,draw,SHOOTO,(none)
kindaichi-kosuke,金田一孝介,11,2010-07-04,修斗,近野淳平,win,SHOOTO,(none)
kindaichi-kosuke,金田一孝介,12,2010-06-27,修斗 SPIRIT 2010 Summer 【2010年度新人王決定トーナメント ライト級 2回戦】,齊藤曜,loss,SHOOTO,(none)
kindaichi-kosuke,金田一孝介,13,2010-02-27,修斗,丸井健一郎,win,SHOOTO,(none)
kindaichi-kosuke,金田一孝介,14,2009-11-29,修斗,大道将輝,win,SHOOTO,(none)
kindaichi-kosuke,金田一孝介,15,2009-08-09,修斗,早坂利昭,win,SHOOTO,(none)
kindaichi-kosuke,金田一孝介,16,2009-06-06,修斗,西野英樹,draw,SHOOTO,(none)
kubota-taito,窪田泰斗,12,2018-10-27,DEEP 86 IMPACT,オーロラ☆ユーキ,loss,DEEP,(none)
kubota-taito,窪田泰斗,16,2017-03-20,DEEP OSAKA IMPACT 2017,白川陸斗,win,DEEP,(none)
kubota-taito,窪田泰斗,18,2016-10-02,DEEP NAGOYA IMPACT,石田勝也,win,DEEP,(none)
kozaki-ren,小崎連,7,2023-08-06,DEEP NAGOYA IMPACT 2023 KOBUDO FIGHT 3RD ROUND,切嶋龍輝,win,DEEP,DEEP NAGOYA IMPACT 2023 公武堂ファイト 3rd ROUND/4th ROUND
uoi-fullswing,魚井フルスイング,13,2019-09-22,プロフェッショナル修斗公式戦,田丸匠,loss,SHOOTO,SHOOTO 30th ANNIVERSARY TOUR 第7戦 Supported by ONE Championship; BORDER-season11-「The3rd」
uoi-fullswing,魚井フルスイング,15,2019-05-06,プロフェッショナル修斗公式戦,加藤ケンジ,win,SHOOTO,SHOOTO 30th ANNIVERSARY TOUR 30周年記念大会 第1部 Supported by ONE Championship; SHOOTO 30th ANNIVERSARY TOUR 30周年記念大会 第2部 Supported by ONE Championship
uoi-fullswing,魚井フルスイング,23,2016-12-10,SHOOTO KINGS 5 - Critical Mass,Frank Stablein,win,SHOOTO,(none)
uoi-fullswing,魚井フルスイング,34,2012-11-11,プロフェッショナル修斗公式戦 【2012年度新人王トーナメント準決勝】,福島秀和,loss,SHOOTO,(none)
uoi-fullswing,魚井フルスイング,35,2012-09-23,プロフェッショナル修斗公式戦 【2012年度新人王トーナメント2回戦】,Dr.takuya,win,SHOOTO,(none)
uoi-fullswing,魚井フルスイング,36,2012-04-01,プロフェッショナル修斗公式戦 【2012年度新人王トーナメント1回戦】,金海裕輝,win,SHOOTO,(none)
uoi-fullswing,魚井フルスイング,44,2009-06-07,club DEEP,上嶋佑紀,loss,DEEP,(none)
akazawa-yukinori,赤沢幸典,5,2023-02-04,Black Combat 5: Song of the Sword 【DEEP×BLACK COMBAT対抗戦】,チェ・ウォンジュン,loss,DEEP,(none)
saito-momoko,百湖,5,2023-11-22,DEEP JEWELS 43,栗山葵,loss,DEEP,(none)
yamagami-mikihito,山上幹臣,8,2012-09-30,プロフェッショナル修斗公式戦～東日本大震災復興支援チャリティ～【修斗世界フライ級チャンピオンシップ】,猿丸ジュンジ,win,SHOOTO,(none)
yamagami-mikihito,山上幹臣,9,2011-11-05,SHOOTO THE SHOOTO 2011 【修斗世界フライ級チャンピオンシップ】,生駒純司,win,SHOOTO,(none)
yamagami-mikihito,山上幹臣,10,2011-04-29,SHOOTO TRADITION 2011,ATCHアナーキー,win,SHOOTO,(none)
yamagami-mikihito,山上幹臣,11,2010-11-19,プロフェッショナル修斗公式戦,室伏シンヤ,win,SHOOTO,(none)
yamagami-mikihito,山上幹臣,12,2010-07-04,修斗,春崎武裕,win,SHOOTO,(none)
yamagami-mikihito,山上幹臣,13,2009-08-09,修斗,ザ・タイガー石井,loss,SHOOTO,(none)
yamagami-mikihito,山上幹臣,14,2009-03-20,修斗,ATCHアナーキー,loss,SHOOTO,(none)
yamagami-mikihito,山上幹臣,15,2008-12-13,修斗【新人王決定戦トーナメント決勝】,猿丸ジュンジ,win,SHOOTO,(none)
yamagami-mikihito,山上幹臣,16,2008-10-05,修斗【新人王決定戦トーナメント準決勝】,天風ゆうすけ,win,SHOOTO,(none)
yamagami-mikihito,山上幹臣,17,2008-08-03,SHOOTO GIG CENTRAL Vol.15【新人王決定戦トーナメント2回戦】,ろん,win,SHOOTO,(none)
ryoga,亮我,2,2025-06-22,修斗 FORCE21,高岡宏気,win,SHOOTO,高松大会
arai-jo,新井丈,13,2020-03-21,プロフェッショナル修斗2020 Vol.2,牧ヶ谷篤,win,SHOOTO,MOBSTYLES 20th ANNIVERSARY TOUR FIGHT＆MOSH Vol.2 Supported by ONE Championship
arai-jo,新井丈,17,2018-12-15,プロフェッショナル修斗2018開幕戦 【インフィニティリーグ2018ストロー級】,楳沢智治,loss,SHOOTO,MOBSTYLES presents インフィニティリーグ2018優勝決定戦
nakamura-yusaku,中村優作,20,2013-08-10,DEEP NAGOYA IMPACT 公武堂ファイト,加藤直之,win,DEEP,(none)
nakamura-yusaku,中村優作,22,2012-12-08,DEEP CAGE IMPACT 2012 in TOKYO 2nd ROUND,和田竜光,draw,DEEP,(none)
nakamura-yusaku,中村優作,26,2011-09-04,DEEP OSAKA IMPACT,赤尾セイジ,loss,DEEP,(none)
nakamura-yusaku,中村優作,29,2010-06-06,DEEP CAGE IMPACT 2010 in OSAKA,裕希斗,win,DEEP,(none)
nakamura-yusaku,中村優作,30,2010-01-24,DEEP 45 IMPACT,広斗,win,DEEP,(none)
nose-shohei,野瀬翔平,8,2023-12-03,SHOOTO TORAO 31,神田T800周一,win,SHOOTO,山口大会「TORAO31」
nose-shohei,野瀬翔平,17,2021-02-22,Shooto Road to ONE,吉野光,loss,SHOOTO,(none)
nose-shohei,野瀬翔平,21,2019-06-16,SHOOTO TORAO 24,一水浩二,win,SHOOTO,(none)
nose-shohei,野瀬翔平,22,2018-10-21,Shooto Force 10,田原樹也,win,SHOOTO,(none)
nose-shohei,野瀬翔平,23,2018-09-09,SHOOTO TORAO 23,久保村ヨシTERU,draw,SHOOTO,(none)
sasuke,SASUKE,4,2023-12-02,PROFESSIONAL SHOOTO 2023 MOBSTYLES presents FIGHT＆MOSH 【修斗世界フェザー級チャンピオンシップ】,田中半蔵,win,SHOOTO,FIGHT&MOSH; COLORS Produce by SHOOTO Vol.2 “FIGHT&MOSH”
sasuke,SASUKE,16,2016-12-11,プロフェッショナル修斗公式戦 【2016年度新人王決定トーナメント決勝ライト級】,山本健斗デリカット,loss,SHOOTO,BORDER-season8-「The3rd」
sasuke,SASUKE,17,2016-11-06,プロフェッショナル修斗公式戦「越後風神祭り4」 【2016年度新人王決定トーナメント準決勝ライト級】,小川将貴,win,SHOOTO,SHOOTO GRANZ 2016
efeviga-yushi,エフェヴィガ雄志,9,2024-03-23,PROFESSIONAL SHOOTO 2024 vol.3,キム・ミンヒュン,win,SHOOTO,東京・後楽園ホール
yamauchi-goiti,ゴイチ・ヤマウチ,29,2012-06-29,Shooto Brazil 31,ジュリアーノ・ワンダレン,win,SHOOTO,(none)
murayama-akihiro,村山暁洋,26,2011-09-23,修斗 SHOOTOR'S LEGACY 04,中村K太郎,win,SHOOTO,(none)
murayama-akihiro,村山暁洋,27,2011-06-11,修斗 SHOOTING DISCO 15 〜がんばろう! 日本〜 【修斗環太平洋ミドル級タイトルマッチ】,佐藤洋一郎,win,SHOOTO,(none)
murayama-akihiro,村山暁洋,28,2011-02-26,修斗 SHOOTING DISCO 14 〜365歩のマーチ〜 【修斗環太平洋ミドル級タイトルマッチ】,佐藤洋一郎,draw,SHOOTO,(none)
murayama-akihiro,村山暁洋,29,2010-08-07,修斗 SHOOTO GIG TOKYO Vol.5,カン・ジョンミン,win,SHOOTO,(none)
murayama-akihiro,村山暁洋,31,2009-06-06,修斗 SHOOTING DISCO 9 〜スーパーマン〜,佐藤洋一郎,loss,SHOOTO,(none)
murayama-akihiro,村山暁洋,34,2008-02-23,修斗 SHOOTING DISCO 4 〜ボーン イン ザ ☆ ファイティング〜,洋樹,win,SHOOTO,(none)
murayama-akihiro,村山暁洋,35,2007-10-20,修斗 SHOOTING DISCO 3 〜エブリバディー ファイト ナウ〜,チョモランマ1/2,win,SHOOTO,(none)
murayama-akihiro,村山暁洋,36,2007-08-05,修斗 SHOOTING DISCO 2 〜今夜はヒートアップ〜,安達明彦,win,SHOOTO,(none)
murayama-akihiro,村山暁洋,37,2007-03-04,修斗 下北沢修斗劇場 第17弾 〜男はつよいよ〜,"古川""ジュウザ""誠史",win,SHOOTO,(none)
murayama-akihiro,村山暁洋,38,2006-10-01,修斗 下北沢修斗劇場 第16弾 〜燃えろいい男〜,安達明彦,draw,SHOOTO,(none)
murayama-akihiro,村山暁洋,40,2005-10-28,修斗 下北沢修斗劇場 第13弾 〜Soulful Fight〜,余膳正志,win,SHOOTO,(none)
murayama-akihiro,村山暁洋,41,2005-07-14,修斗 下北沢修斗劇場 第12弾 〜Shootor's Summer〜,芦川祥教,win,SHOOTO,(none)
murayama-akihiro,村山暁洋,42,2005-06-03,修斗 下北沢修斗劇場 第11弾 〜後楽園へ行こう!〜,島川敦行,win,SHOOTO,(none)
murayama-akihiro,村山暁洋,43,2004-11-20,Shooto Lithuania: Bushido,ペトラス・モリカビュチス,loss,SHOOTO,(none)
murayama-akihiro,村山暁洋,46,2004-04-16,修斗 下北沢修斗劇場 第9弾 〜熱中時代・稽古編〜,佐藤隆平,loss,SHOOTO,(none)
gustavo-luis,ルイス・グスタボ,15,2016-07-23,Imortal FC 5 - Road to Pancrase,ディエゴ・シルベリオ,win,PANCRASE,(none)
kitakata-daichi,北方大地,19,2015-04-29,DEEP OSAKA IMPACT 2015,佐藤タケシ,win,DEEP,(none)
kitakata-daichi,北方大地,21,2014-10-19,DEEP CAGE IMPACT in OSAKA 2014,佐藤寛太,win,DEEP,(none)
kaito,海飛,14,2021-06-18,DEEP TOKYO IMPACT 1st ROUND,山口コウタ,win,DEEP,(none)
shirakawa-rikuto,白川ダーク陸斗,13,2018-12-28,DEEP 87 IMPACT,北田俊亮,win,DEEP,(none)
shirakawa-rikuto,白川ダーク陸斗,17,2017-12-24,DEEP ＆ PANCRASE 大阪大会,吉野正岐,win,DEEP,(none)
shirakawa-rikuto,白川ダーク陸斗,19,2017-03-20,DEEP OSAKA IMPACT 2017,窪田泰斗,loss,DEEP,(none)
shirakawa-rikuto,白川ダーク陸斗,20,2016-10-07,DEEP CAGE IMPACT 2016 in OSAKA,石井逸人,loss,DEEP,(none)
shirakawa-rikuto,白川ダーク陸斗,22,2016-03-21,DEEP OSAKA IMPACT 2016,中村公彦,win,DEEP,(none)
shirakawa-rikuto,白川ダーク陸斗,23,2015-10-11,DEEP CAGE IMPACT 2015 in OSAKA,ソン・ジンス,loss,DEEP,(none)
kitaoka-satoru,北岡悟,15,2018-10-27,DEEP 86 IMPACT 【DEEPライト級タイトルマッチ】,武田光司,loss,DEEP,(none)
kitaoka-satoru,北岡悟,24,2015-07-20,DEEP CAGE IMPACT 2015 【DEEPライト級タイトルマッチ】,岡野裕城,win,DEEP,(none)
kitaoka-satoru,北岡悟,49,2007-04-13,DEEP 29 IMPACT,"ファブリシオ・""ピットブル""・モンテイロ",win,DEEP,(none)
miyake-kisa,三宅輝砂,16,2019-11-24,DEEP NAGOYA IMPACT KOBUDO FIGHT 24,高瀬一平,win,DEEP,(none)
aoi-jin,青井人,19,2016-11-13,修斗 FORCE 06,前口緑一色,win,SHOOTO,(none)
aoi-jin,青井人,22,2015-09-21,修斗 闘裸男16 TORAO/TOKYO,小川将貴,win,SHOOTO,(none)
aoi-jin,青井人,23,2015-06-21,修斗 闘裸男16 「DIRECTION OF THE CAGE」,大森カヲル,win,SHOOTO,VTJ in OSAKA
shinya-aoki,青木真也,16,2015-12-29,RIZIN FIGHTING WORLD GRAND-PRIX 2015 さいたま3DAYS,桜庭和志,win,RIZIN,(none)
shinya-aoki,青木真也,30,2010-10-25,DEEP 50 IMPACT 〜10年目の奇跡〜,ヨックタイ・シスオー,win,DEEP,(none)
shinya-aoki,青木真也,48,2007-02-17,修斗 BACK TO OUR ROOTS 01 【修斗世界ミドル級チャンピオンシップ】,菊地昭,win,SHOOTO,(none)
shinya-aoki,青木真也,51,2006-10-14,修斗,ジョージ・ソテロポロス,win,SHOOTO,(none)
shinya-aoki,青木真也,53,2006-02-17,修斗 SHOOTO The Victory of The Truth 【修斗世界ミドル級チャンピオンシップ】,菊地昭,win,SHOOTO,(none)
shinya-aoki,青木真也,54,2005-11-06,修斗,弘中邦佳,win,SHOOTO,(none)
shinya-aoki,青木真也,55,2005-08-20,修斗 ALIVE ROAD,"桜井""マッハ""速人",loss,SHOOTO,(none)
shinya-aoki,青木真也,56,2005-07-30,修斗,岩瀬茂俊,win,SHOOTO,(none)
shinya-aoki,青木真也,57,2005-01-29,修斗,キース・ウィスニエフスキー,win,SHOOTO,(none)
shinya-aoki,青木真也,58,2004-10-30,DEEP 16th IMPACT 【ウェルター級トーナメント 準決勝】,中尾受太郎,loss,DEEP,(none)
shinya-aoki,青木真也,59,2004-07-03,DEEP 15th IMPACT 【ウェルター級トーナメント 1回戦】,池本誠知,win,DEEP,(none)
shinya-aoki,青木真也,60,2003-11-24,club DEEP 4th in 西調布格闘技アリーナ 【フューチャーキングトーナメント 82 kg以下級 決勝】,佐藤隆平,win,DEEP,(none)
shinya-aoki,青木真也,61,2003-11-24,club DEEP 4th in 西調布格闘技アリーナ 【フューチャーキングトーナメント 82 kg以下級 準決勝】,龍保利,win,DEEP,(none)
shinya-aoki,青木真也,62,2003-11-24,club DEEP 4th in 西調布格闘技アリーナ 【フューチャーキングトーナメント 82 kg以下級 1回戦】,沖村大,win,DEEP,(none)
tatsumitsu-wada,和田竜光,27,2012-12-08,DEEP CAGE IMPACT 2012 in TOKYO 2nd ROUND,中村優作,draw,DEEP,(none)
tatsumitsu-wada,和田竜光,29,2012-04-07,DEEP CAGE IMPACT 2012 in TOKYO 〜OVER AGAIN〜,大塚隆史,win,DEEP,(none)
tatsumitsu-wada,和田竜光,30,2011-08-27,DEEP 55 IMPACT,DJ.taiki,win,DEEP,(none)
tatsumitsu-wada,和田竜光,35,2010-08-27,DEEP 49 IMPACT,小林聖人,win,DEEP,(none)
tatsumitsu-wada,和田竜光,37,2010-05-23,club DEEP,薩摩竜仁,win,DEEP,(none)
tatsumitsu-wada,和田竜光,39,2009-06-30,DEEP 42 IMPACT,土田達也,win,DEEP,(none)
tatsumitsu-wada,和田竜光,42,2008-06-29,club DEEP in Nagoya MB3z IMPACT 「ALL STAND UP!!」,赤尾セイジ,loss,DEEP,(none)
tatsumitsu-wada,和田竜光,43,2008-03-29,CLUB DEEP TOKYO in 新宿FACE,宮下トモヤ,loss,DEEP,(none)
koya-kanda,神田コウヤ,15,2020-11-02,DEEP 99 IMPACT,鬼山斑猫,win,DEEP,(none)
koya-kanda,神田コウヤ,22,2018-10-27,DEEP 86 IMPACT,高塩竜司,loss,DEEP,(none)
hinotori,火の鳥,3,2026-02-22,DEEP TOKYO IMPACT 2026 1ST ROUND,中務修良,win,DEEP,(none)
kim-soochul,キム・スーチョル,17,2015-12-31,RIZIN FIGHTING WORLD GRAND-PRIX 2015 IZAの舞,マイケ・リニャーレス,win,RIZIN,(none)
matsushima-koyomi,松嶋こよみ,19,2015-09-21,修斗 闘裸男16 TORAO/TOKYO,藤石義和,win,SHOOTO,(none)
matsushima-koyomi,松嶋こよみ,22,2015-02-11,修斗 SHOOTO GIG TOKYO Vol.18,高橋圭典,win,SHOOTO,(none)
uno-caol,宇野薫,9,2015-07-26,修斗,大澤茂樹,loss,SHOOTO,(none)
uno-caol,宇野薫,10,2015-01-25,修斗 2015年開幕戦 【修斗環太平洋ライト級チャンピオン決定戦】,中村好史,loss,SHOOTO,(none)
uno-caol,宇野薫,12,2014-05-04,修斗 2014年第4戦,土屋大喜,win,SHOOTO,(none)
uno-caol,宇野薫,16,2013-03-16,修斗 2013年第2戦,キム・キュハ,win,SHOOTO,(none)
uno-caol,宇野薫,17,2012-09-30,修斗,石渡伸太郎,loss,SHOOTO,(none)
uno-caol,宇野薫,39,2004-03-22,修斗,川尻達也,draw,SHOOTO,(none)
uno-caol,宇野薫,47,2000-12-17,"修斗 R.E.A.D. 〜2000 SHOOTO〜""UM CAMINHO PARA O CAMPEAO"" チャンピオンへの道 【修斗ウェルター級チャンピオンシップ】",佐藤ルミナ,win,SHOOTO,(none)
uno-caol,宇野薫,48,2000-08-27,"修斗 R.E.A.D. 〜2000 SHOOTO〜""UM CAMINHO PARA O CAMPEAO"" チャンピオンへの道",マーシオ・クロマド,loss,SHOOTO,(none)
uno-caol,宇野薫,49,2000-04-02,修斗 R.E.A.D. 〜2000 SHOOTO〜,デニス・ホールマン,win,SHOOTO,(none)
uno-caol,宇野薫,51,1999-09-05,IV 修斗 the Renaxis 1999,ディン・トーマス,win,SHOOTO,(none)
uno-caol,宇野薫,52,1999-05-29,"修斗 the Renaxis 1999 ""10 Years Anniversary"" 【修斗ウェルター戦王座決定戦】",佐藤ルミナ,win,SHOOTO,(none)
uno-caol,宇野薫,54,1998-07-29,修斗 Las Grandes Viajes 4,スボンコ・セコリエビッチ,win,SHOOTO,(none)
uno-caol,宇野薫,55,1998-05-13,修斗 Las Grandes Viajes 3,イアン・シャファー,win,SHOOTO,(none)
uno-caol,宇野薫,56,1998-03-01,修斗 Las Grandes Viajes 2,ルタ☆ユージ,win,SHOOTO,(none)
uno-caol,宇野薫,60,1997-10-12,修斗,桑原卓也,draw,SHOOTO,(none)
uno-caol,宇野薫,61,1997-06-25,修斗,YUZO,win,SHOOTO,(none)
uno-caol,宇野薫,63,1996-10-04,修斗,桜井速人,loss,SHOOTO,(none)
ishizuka-koichi,石司晃一,13,2018-10-27,DEEP 86 IMPACT,ハシャーン・フヒト,win,DEEP,(none)
ishizuka-koichi,石司晃一,18,2015-07-20,DEEP CAGE IMPACT 2015,釜谷真,win,DEEP,(none)
ishizuka-koichi,石司晃一,24,2012-07-21,DEEP TOKYO IMPACT 2012,須崎ジオング康文,win,DEEP,(none)
ishizuka-koichi,石司晃一,25,2012-04-07,DEEP CAGE IMPACT 2012,ミニタウロ・ハット,win,DEEP,(none)
sugiyama-kohei,杉山廣平,9,2021-09-24,DEEP 103 IMPACT,駒杵嵩大,win,DEEP,(none)
sugiyama-kohei,杉山廣平,18,2018-05-03,PANCRASE札幌大会 【第24回ネオブラッドトーナメント1回戦】,後藤丈治,win,PANCRASE,(none)
sugiyama-kohei,杉山廣平,24,2016-03-27,DEEP NAGOYA IMPACT 公武堂ファイト,白木一広,win,DEEP,(none)
isao,ISAO,28,2011-05-23,PANCRASE 2011 IMPRESSIVE TOUR 【ライト級GP 2011トーナメント 1回戦】,田村ヒビキ,win,PANCRASE,(none)
uchida-takeru,内田タケル,1,2026-02-28,Lemino修斗.3,青井真司,win,SHOOTO,SHOOTO GIG TOKYO Vol.40
uchida-takeru,内田タケル,3,2022-09-20,プロフェッショナル修斗 2022 vol.6,関口祐冬,loss,SHOOTO,(none)
uchida-takeru,内田タケル,7,2021-04-18,SHOOTO OKINWA vol.4,当麻佳直,win,SHOOTO,沖縄大会【THE SHOOTO OKINAWA vol.４】
uchida-takeru,内田タケル,10,2018-12-15,PROFESSIONAL SHOOTO 12/15,小川隆介,win,SHOOTO,MOBSTYLES presents インフィニティリーグ2018優勝決定戦
minowa-hiroba,箕輪ひろば,19,2015-11-08,修斗,ふじい☆ペリー,win,SHOOTO,(none)
honda-ryosuke,本田良介,17,2019-06-16,修斗 プロフェッショナル修斗公式戦福岡大会,安芸柊斗,win,SHOOTO,(none)
honda-ryosuke,本田良介,21,2017-09-10,修斗 プロフェッショナル修斗公式戦,堀川 55 滉介,win,SHOOTO,(none)
unconfirmed-shooto-1875,砂辺 光久,30,2008-06-29,PANCRASE×REAL vol.1 MMA vs ROCK,清水清隆,win,PANCRASE,(none)
unconfirmed-shooto-1875,砂辺 光久,45,2002-03-30,DEEP2001 4th IMPACT in NAGOYA,"""ランバー""ソムデート吉沢",win,DEEP,(none)
kurobe-mina,黒部 三奈,18,2015-11-22,DEEP JEWELS 10,スギロック,loss,DEEP,(none)
sarami,SARAMI,16,2017-05-20,DEEP JEWELS 16,前澤智,win,DEEP,(none)
sarami,SARAMI,29,2013-11-17,DEEP TOYAMA IMPACT ROOKIES 3,MIYOKO,win,DEEP,(none)
fujino-emi,藤野 恵実,1,2025-03-08,PANCRASE 352,本野美樹,loss,PANCRASE,(none)
salt,ソルト,4,2023-12-01,PROFESSIONAL SHOOTO COLORS vol.2,チュ・ギョンホ,win,SHOOTO,(none)
salt,ソルト,9,2022-06-05,SHOOTO 2022 Hokkaido,和田千聖,win,SHOOTO,北海道大会
karen,KAREN,3,2023-12-02,プロフェッショナル修斗公式戦 COLORS Vol.2,パク・ソヨン,win,SHOOTO,FIGHT&MOSH; COLORS Produce by SHOOTO Vol.2 “FIGHT&MOSH”
sugiyama,杉山しずか,20,2013-07-20,DEEP TOKYO IMPACT,米沢知佐,win,DEEP,(none)
