slug	name	date	event	opponent	methodRaw	promotion	result	note
shirahata-yusei	白幡 裕星	2022-03-06	+WEED presents RIZIN LANDMARK vol.2	吉成名高	2R 1分02秒 TKO（レフェリーストップ）	RIZIN	loss	None
tairon-supon	タイロン・スポーン	2006-11-12	2 Hot 2 Handle - Pride & Honor	ユーリ・メス	5R 1:12 KO	Wikipedia(その他団体)	win	None
yuri-mesu	ユーリ・メス	2006-11-12	2H2H - PRIDE & HONOR	タイロン・スポーン	5R TKO	Wikipedia(その他団体)	loss	None
maruko-pike	マルコ・ピケ	2006-11-12	2H2H - Pride & Honor	アルビアール・リマ	5R終了 判定	Wikipedia(その他団体)	loss	None
kazunori	KAZUNORI	2022-11-06	ANGEL CHAMPAGNE presents RIZIN LANDMARK 4 in NAGOYA	佐藤執斗	1R 0分39秒 TKO（レフェリーストップ）	RIZIN	loss	None
kato-hisaki	加藤 久輝	2016-06-25	Bellator 157	ジョー・シリング	2R 2:59 KO（左バックブロー）	Wikipedia(その他団体)	win	None
jorujio-petoroshian	ジョルジオ・ペトロシアン	2016-12-10	Bellator Kickboxing 4 at Bellator 168	ジョーダン・ワトソン	3R 0:52 TKO	Wikipedia(その他団体)	win	None
jorujio-petoroshian	ジョルジオ・ペトロシアン	2017-04-08	Bellator Kickboxing 5 at Bellator 176	Amansio Paraschiv	3R終了 判定3-0	Wikipedia(その他団体)	win	None
ishii-hirokazu	石井宏和	2009-06-07	CLUB DEEP OSAKA	あきんど大野	2R 1:38 KO （右ハイキック）	Wikipedia(その他団体)	win	None
kawaguchi-yuusuke	川口雄介	2010-08-01	Club DEEP 八王子 II	竹村光一	1R 1:05 TKO	Wikipedia(その他団体)	win	None
yuta-uchida	内田雄大	2018-12-31	Cygames presents RIZIN 平成最後のやれんのか！	小西拓槙	3R 判定 3-0	RIZIN	win	None
taiju-shiratori	白鳥大珠	2018-12-31	Cygames presents RIZIN 平成最後のやれんのか！	ウザ強ヨシヤ	3R KO	RISE	win	None
konishi-takuma	小西 拓槙	2018-12-31	Cygames presents RIZIN 平成最後のやれんのか！	内田雄大	3R 判定 3-0	RIZIN	loss	None
uzatsuyo-yoshiya	ウザ強ヨシヤ	2018-12-31	Cygames presents RIZIN 平成最後のやれんのか！	白鳥大珠	3RKO	RISE	loss	None
yamauchi-yuutarou	山内佑太郎	2012-12-22	DEEP	松井裕馬	3R終了 判定2-0	Wikipedia(その他団体)	win	None
ryuki	Ryuki	2021-07-04	DEEP 102 IMPACT ～20th Anniversary～	雅 駿介	1R TKO	RISE	win	None
ryuki	Ryuki	2021-12-12	DEEP 105 IMPACT ～20th Anniversary～	CORO	2R KO	RISE	loss	None
ryuki	Ryuki	2022-12-11	DEEP 111 IMPACT	平松 翔	1R TKO	RISE	win	None
taisei-nishitani	西谷大成	2023-05-07	DEEP 113 IMPACT	高野優樹	3R 判定	RISE	win	None
nagashima-jienotsu-yuuichirou	長島☆自演乙☆雄一郎	2007-07-08	DEEP 30 IMPACT	上田拳二	1R 1:38 KO（パンチ連打）	Wikipedia(その他団体)	win	None
naito-ryota	内藤凌太	2019-05-12	DEEP 89 IMPACT	堀尾 竜司	3R 判定	SHOOT BOXING	draw	None
tomoko-hida	樋田智子	2019-05-12	DEEP 89 IMPACT	古瀬美月	3R 判定	RISE	loss	None
rikuto-shirakawa	白川陸斗	2020-11-01	DEEP 99 IMPACT	オーロラ☆ユーキ	1R TKO	RISE	win	None
yokota-kazunori	横田 一則	2011-09-18	DEEP CAGE IMPACT 2011 in HAMAMATSU	ほそえとしひろ	3R終了 判定3-0	Wikipedia(その他団体)	win	None
degai-taisuke	出貝泰佑	2008-06-15	DEEP GLOVE 2	清水 雄介	判定	Bigbang	loss	None
yushi	YUSHI	2013-09-15	DEEP HAMAMATSU IMPACT 2013	山中 洸武	3R KO	SHOOT BOXING	loss	None
okuyama-takahiro	奥山 貴大	2013-09-15	DEEP HAMAMATSU IMPACT 2013	佐藤 篤史	3R 判定	SHOOT BOXING	loss	None
naito-ryota	内藤凌太	2014-09-14	DEEP HAMAMATSU IMPACT 2014	池野 翔	3R 判定	SHOOT BOXING	draw	None
takeuchi-kenichi	竹内賢一	2018-09-23	DEEP HAMAMATSU IMPACT 2018	幸人	KO	Bigbang	win	None
takeuchi-kenichi	竹内賢一	2019-09-15	DEEP HAMAMATSU IMPACT 2019	ヘンリーセハス	判定	Bigbang	loss	None
hasegawa-yuya	長谷川 祐也	2020-10-25	DEEP HAMAMATSU IMPACT 2020	伊藤 晃希	TKO 3R	SHOOT BOXING	win	None
yushi	YUSHI	2020-10-25	DEEP HAMAMATSU IMPACT 2020	滝口 幸成	3R 判定	SHOOT BOXING	loss	None
hasegawa-yuya	長谷川 祐也	2021-09-19	DEEP HAMAMATSU IMPACT 2021	ディエゴ 坪井	3R 判定	SHOOT BOXING	draw	None
natsume-ryuga	夏目竜雅	2021-09-19	DEEP HAMAMATSU IMPACT 2021	大澤匡弘	3R 判定	RISE	win	None
hasegawa-yuya	長谷川 祐也	2022-09-25	DEEP HAMAMATSU IMPACT 2022	石田 迅	TKO 1R	SHOOT BOXING	loss	None
hasegawa-daisuke	長谷川 大祐	2022-09-25	DEEP HAMAMATSU IMPACT 2022	大久保 俊	3R 判定	SHOOT BOXING	loss	None
runa-okumura	奥村琉奈	2023-09-24	DEEP HAMAMATSU IMPACT 2023	Uver∞miyU	3R 判定	RISE	win	None
takeuchi-kenichi	竹内賢一	2023-09-24	DEEP HAMAMATSU IMPACT 2023	としや	2R KO	RISE	win	None
hasegawa-daisuke	長谷川 大祐	2023-09-24	DEEP HAMAMATSU IMPACT 2023	新井 昴弥	3R 判定	SHOOT BOXING	win	None
ubamiyu	Uver∞miyU	2023-09-24	DEEP HAMAMATSU IMPACT 2023	奥村琉奈	3R終了 判定0-3	Wikipedia(その他団体)	loss	None
shosuke-iwanaga	岩永勝亮	2024-10-06	DEEP HAMAMATSU IMPACT 2024	一樹	3R 判定	RISE	win	None
kazuki	一輝	2024-10-06	DEEP HAMAMATSU IMPACT 2024	岩永勝亮	3R 判定	RISE	loss	None
kanta-motoyama	基山幹太	2025-04-27	DEEP HAMAMATSU IMPACT 2025 1st ROUND	竹市 一樹	KO 1R	SHOOT BOXING	win	None
hisadome-takuma	久留 拓磨	2026-05-31	DEEP HAMAMATSU IMPACT 2026 1ST ROUND	仁	3R 判定	SHOOT BOXING	win	None
kaneko-tetsuya	金子 徹哉	2026-05-31	DEEP HAMAMATSU IMPACT 2026 1ST ROUND	平田 大地	3R 判定	SHOOT BOXING	loss	None
jin	仁	2026-05-31	DEEP HAMAMATSU IMPACT 2026 1ST ROUND	久留拓磨	3R 判定	RISE	loss	None
seina	聖愛	2019-12-22	DEEP JEWELS 27	くるみ	1R 1分29秒 TKO	Wikipedia(その他団体)	win	None
manaka	MANAKA	2025-09-07	DEEP JEWELS 50	きたりこ	3R 判定	RISE	win	None
yushi	YUSHI	2015-06-07	DEEP NAGOYA IMPACT 2015 公武堂ファイト	下田 大助	3R 判定	SHOOT BOXING	win	None
koki-asano	浅野功暉	2024-08-25	DEEP NAGOYA IMPACT 2024 4th ROUND	河村嘉展	2R 判定	RISE	win	None
yurika-gurapuringushutobokusazu	ユリカ・グラップリングシュートボクサーズ	2026-06-14	DEEP NAGOYA IMPACT 2026 2nd ROUND 公武堂ファイト	パク・ソヨン	TKO 2R	SHOOT BOXING	win	None
akarigsb	朱里	2026-06-14	DEEP NAGOYA IMPACT 2026 2nd ROUND 公武堂ファイト	チェ・ウンジ	TKO 4R	SHOOT BOXING	win	None
doi-ryoga	土井 涼雅	2019-05-26	DEEP NAGOYA IMPACT 公武堂ファイト	田中 秀汰	3R 判定	SHOOT BOXING	win	デビュー戦
nagashima-jienotsu-yuuichirou	長島☆自演乙☆雄一郎	2008-12-22	DEEP PROTECT IMPACT 2008	サクシー・ケイ・リバー	2R 0:39 TKO（ドクターストップ：鼻負傷）	Wikipedia(その他団体)	win	None
possiblek	ポッシブルK	2017-03-26	DEEP SAITAMA IMPACT in 小江戸・川越2017	助川 秀之	3R 判定	SHOOT BOXING	loss	None
shota-tezuka	手塚翔太	2018-03-04	DEEP SAITAMA IMPACT in小江戸・川越2018	杉山 茅尋	3R 判定	SHOOT BOXING	win	デビュー戦
possiblek	ポッシブルK	2018-03-04	DEEP SAITAMA IMPACT in小江戸・川越2018	スワノーイ・エイワスポーツ	3R 判定	SHOOT BOXING	win	None
gono-akihiro	郷野 聡寛	2012-07-21	DEEP TOKYO IMPACT 2012　SBルール	“KID HMC” SAGE	3R終了　判定3-0	Wikipedia(その他団体)	win	None
taisei-nishitani	西谷大成	2022-05-29	DEEP TOKYO IMPACT 2022 4th ROUND	星野 豊	2R 判定	RISE	loss	None
taisei-nishitani	西谷大成	2022-09-11	DEEP TOKYO IMPACT 2022 5th ROUND	TATSUMI	2R 判定	RISE	win	None
saito-yuto	斎藤 祐斗	2023-10-01	For Japan presents RIZIN LANDMARK 6 in NAGOYA	梅野源治	3R 判定（2-0）	RIZIN	loss	None
umeno-genji	梅野源治	2023-10-01	For Japan presents RIZIN LANDMARK 6 in NAGOYA	斎藤祐斗	3R 判定（2-0）	RIZIN	win	None
takiya-shouta	瀧谷渉太	2019-08-18	GOOD SPEED presents RIZIN.18	大﨑一貴	3R 判定（0-3）	RIZIN	loss	None
jon-uein-pa	ジョン・ウェイン・パー	2019-08-18	GOOD SPEED presents RIZIN.18	ダニロ・ザノリニ	3R 判定（1-2）	RIZIN	loss	None
horio-ryuji	堀尾 竜司	2019-08-18	GOOD SPEED presents RIZIN.18	桜井宇宙	3R 判定（3-0）	RIZIN	win	None
daniro-zanorini	ダニロ・ザノリニ	2019-08-18	GOOD SPEED presents RIZIN.18	ジョン・ウェイン・パー	3R 判定（1-2）	RIZIN	win	None
arubato-kurausu	アルバート・クラウス	2022-12-28	INOKI BOM-BA-YE × 巌流島 in 両国	宇佐美秀メイソン	3R終了 判定0-3	Wikipedia(その他団体)	loss	None
usami-hide-meison	宇佐美 秀 メイソン	2022-12-28	INOKI BOM-BA-YE×巌流島 in 両国	アルバート・クラウス	3R 判定	RISE	win	None
nitamizu-toshiyuki	二田水 敏幸	2012-12-23	OYAJI & ROOKIES DEEP in KASUGAI 公武堂ファイト	内藤 大樹	3R 判定	SHOOT BOXING	loss	None
naito-taiki	内藤 大樹	2012-12-23	OYAJI & ROOKIES DEEP in KASUGAI 公武堂ファイト	二田水 敏幸	3R 判定	SHOOT BOXING	win	None
hinata	日菜太	2013-03-17	PANCRASE 246 (REBELS提供試合 キックルール)	安河内将一	1R 2:50 TKO	Wikipedia(その他団体)	win	None
saiga-kizaemon	才賀紀左衛門	2014-03-30	PANCRASE 257	キム･ジンクー	2R 2:36 KO（3ダウン：左ボディブロー）	Wikipedia(その他団体)	win	None
hamada-takumi	濱田 巧	2019-02-17	PANCRASE REBELS RING.1	響波	3分3R終了 判定3-0	Wikipedia(その他団体)	win	None
hiroki-suzuki	鈴木宙樹	2019-02-17	PANCRASE REBELS RING.1	ジョン・ラゥィー	1R 0:45 KO（右ストレート）	Wikipedia(その他団体)	win	None
miyamoto-keisuke	宮元啓介	2019-02-17	PANCRASE REBELS RING.1 DAY	KOUMA	3R 判定 勝ち	Wikipedia(その他団体)	win	None
ogasawara-eisaku	小笠原 瑛作	2019-02-17	PANCRASE REBELS RING.1 NIGHT	ペットヤソー・ダームランサラカム	1R 1分28秒 KO（左ハイキック）	Wikipedia(その他団体)	win	None
panchan-rina	ぱんちゃん璃奈	2019-02-17	PANCRASE REBELS RING.1 NIGHT	川島江理沙	2分3R終了 判定3-0	Wikipedia(その他団体)	win	None
hinata	日菜太	2019-02-17	PANCRASE REBELS RING.1 NIGHT	シップムーン・シットシェフブンタム	3R 0:26 KO（左ローキック）	Wikipedia(その他団体)	win	None
buranko-shikatiku	ブランコ・シカティック	1997-10-11	PRIDE.1	ラルフ・ホワイト	1R 1:52 ノーコンテスト（反則）	Wikipedia(その他団体)	unknown	None
tosuka-petoridisu	トスカ・ペトリディス	1998-03-15	PRIDE.2	ビッグ・ジョージ・ランドルフ	5R終了 判定	Wikipedia(その他団体)	win	None
hyuu	陽勇	2024-07-28	PROFESSIONAL SHOOTO 2024 vol.6 in OSAKA	山崎一央	1R 1:46 KO（2ダウン：パンチ連打）	Wikipedia(その他団体)	win	None
hyuu	陽勇	2024-07-28	PROFESSIONAL SHOOTO 2024 vol.6 in OSAKA	奇天烈	1R 1:26 KO（左フック）	Wikipedia(その他団体)	win	None
tairon-supon	タイロン・スポーン	2006-06-18	Pride & Honor Ahoy 2006	セーム・ブラーン	3R 1:40 KO（左フック）	Wikipedia(その他団体)	win	None
kudo-red-reo	工藤“red”玲央	2019-02-17	REBELS『PANCRASE REBELS RING.1』	JIRO	3R 判定0-3	Wikipedia(その他団体)	loss	None
tenshin-nasukawa	那須川天心	2017-04-16	RIZIN 2017 in YOKOHAMA - SAKURA -	フランチェスコ・ギリオッティ	1R KO	RISE	win	None
yura	YURA	2024-12-31	RIZIN DECADE	朝久泰央	3R 判定	RISE	loss	None
asahisa-taio	朝久 泰央	2024-12-31	RIZIN DECADE 雷神番外地	YURA	3R 3分00秒 判定（3-0）	RIZIN	win	None
shinotsuka-tatsuki	篠塚 辰樹	2024-12-31	RIZIN DECADE 雷神番外地	野田蒼	1R 2分07秒 TKO（スリーノックダウン）	RIZIN	win	None
aoi-noda	野田蒼	2024-12-31	RIZIN DECADE 雷神番外地	篠塚辰樹	1R 2分07秒 TKO（スリーノックダウン）	RIZIN	loss	None
bobu-sapu	ボブ・サップ	2015-12-31	RIZIN FIGHTING WORLD GRAND-PRIX 2015 さいたま3DAYS	曙	2R 0:47 負傷判定3-0	RIZIN	win	None
tenshin-nasukawa	那須川天心	2017-07-30	RIZIN FIGHTING WORLD GRAND-PRIX 2017 バンタム級トーナメント 1st ROUND -夏の陣-	才賀紀左衛門	1R KO	RISE	win	None
tenshin-nasukawa	那須川天心	2017-10-15	RIZIN FIGHTING WORLD GRAND-PRIX 2017 バンタム級トーナメント 1st ROUND -秋の陣-	藤田大和	3R 判定	RISE	win	None
jin-2	JIN	2024-11-17	RIZIN LANDMARK 10 in NAGOYA	としぞう	3R 判定	RISE	win	None
toshizou	としぞう	2024-11-17	RIZIN LANDMARK 10 in NAGOYA	JIN	3R 判定（3-0）	RIZIN	loss	None
ueno-kanata	上野 奏貴	2025-06-14	RIZIN LANDMARK 11 in SAPPORO	山川賢誠	3R 判定（3-0）	RIZIN	win	None
kyohei-nishijima	西島恭平	2025-06-14	RIZIN LANDMARK 11 in SAPPORO	林 修斗	3R 判定	RISE	loss	None
ueno-kuto	上野 空大	2025-06-14	RIZIN LANDMARK 11 in SAPPORO	ファーパヤップ・GRABS	3R 判定（3-0）	RIZIN	win	None
farphayap-grabs	ファーパヤップ・GRABS	2025-06-14	RIZIN LANDMARK 11 in SAPPORO	上野空大	3R 判定（3-0）	RIZIN	loss	None
uzawa-yuya	鵜澤 悠也	2025-06-14	RIZIN LANDMARK 11 in SAPPORO	としぞう	3R 判定（0-3）	RIZIN	win	None
kensei-yamakawa	山川賢誠	2025-06-14	RIZIN LANDMARK 11 in SAPPORO	上野奏貴	3R 判定（3-0）	RIZIN	loss	None
toshizou	としぞう	2025-06-14	RIZIN LANDMARK 11 in SAPPORO	鵜澤悠也	3R 判定（0-3）	RIZIN	loss	None
yumeto-mizuno	水野夢斗	2025-11-03	RIZIN LANDMARK 12	KING陸斗	1R TKO	RISE	loss	None
king-rikuto	KING陸斗	2025-11-03	RIZIN LANDMARK 12	水野夢斗	1R TKO	RISE	win	None
motoki	元氣	2025-11-03	RIZIN LANDMARK 12 in KOBE	林眞平	3R 判定（0-3）	RIZIN	loss	None
hayashi-shinpei	林 眞平	2025-11-03	RIZIN LANDMARK 12 in KOBE	元氣	3R 判定（0-3）	RIZIN	win	None
shoma-2	翔磨	2025-11-03	RIZIN LANDMARK 12 in KOBE	赤平大治	3R 判定（3-0）	RIZIN	loss	None
uchida-sho	内田 晶	2026-06-06	RIZIN LANDMARK 14 in SENDAI	赤平大治	3R判定（0-3）	RIZIN	win	None
saito-koya	齋藤 紘也	2026-06-06	RIZIN LANDMARK 14 in SENDAI	TAaaaCHAN	1R 1分25秒 TKO（3ノックダウン）	RIZIN	win	None
taaaachan-185	TAaaaCHAN	2026-06-06	RIZIN LANDMARK 14 in SENDAI	齋藤紘也	1R 1分25秒 TKO（3ノックダウン）	RIZIN	loss	None
yusuke-iwaki	岩城悠介	2026-06-06	RIZIN LANDMARK 14 in SENDAI	中泉翔	3R 0分47秒 KO（スタンドでの膝打撃）	RIZIN	win	None
karyu-giburein	カリュ・ギブレイン	2022-11-06	RIZIN LANDMARK 4 in NAGOYA	貴賢神	1R KO	RISE	win	None
shuto-sato	佐藤執斗	2022-11-07	RIZIN LANDMARK 4 in NAGOYA	KAZUNORI	1R KO	SHOOT BOXING	win	None
mikuru-asakura	朝倉未来	2023-04-29	RIZIN LANDMARK 5	牛久絢太郎	3R 判定	RISE	win	None
naito-ryota	内藤凌太	2023-10-01	RIZIN LANDMARK 6 in NAGOYA	竹野 元稀	3R 判定	SHOOT BOXING	loss	None
takeno-genki	竹野 元稀	2023-10-01	RIZIN LANDMARK 6 in NAGOYA	内藤 凌太	3R 判定	SHOOT BOXING	win	None
takumi-terada	寺田 匠	2024-02-24	RIZIN LANDMARK 8 in SAGA	冨永武聖	1R TKO	RISE	win	None
furumura-kyohei	古村 匡平	2024-02-24	RIZIN LANDMARK 8 in SAGA	REITO BRAVELY	1R 1分49秒 TKO（レフェリーストップ）	RIZIN	loss	None
rikito	力斗	2024-02-24	RIZIN LANDMARK 8 in SAGA	般若HASHIMOTO	3R 判定（0-3）	RIZIN	win	None
ishigo-keito	石郷 慶人	2024-02-24	RIZIN LANDMARK 8 in SAGA	片島聡志	3R 判定（0-2）	RIZIN	loss	None
reito-bravely-163	REITO BRAVELY	2024-02-24	RIZIN LANDMARK 8 in SAGA	古村匡平	1R 1分49秒 TKO（レフェリーストップ）	RIZIN	win	None
katashima-satoshi	片島 聡志	2024-02-24	RIZIN LANDMARK 8 in SAGA	石郷慶人	3R 判定（0-2）	RIZIN	win	None
hannya-hashimoto	般若HASHIMOTO	2024-02-24	RIZIN LANDMARK 8 in SAGA	力斗	3R 判定（0-3）	RIZIN	loss	None
takekiyo-tominaga	冨永武聖	2024-02-24	RIZIN LANDMARK 8 in SAGA	寺田 匠	1R TKO	RISE	loss	None
yuya	憂也	2024-03-23	RIZIN LANDMARK 9 in KOBE	蛇鬼将矢	2R TKO	RISE	win	None
buakao-banchameku	ブアカーオ・バンチャメーク	2024-03-23	RIZIN LANDMARK 9 in KOBE	木村“フィリップ”ミノル	2R 1分10秒 KO（右ストレート）	RIZIN	win	None
shun-matsuyama	松山 瞬	2024-03-23	RIZIN LANDMARK 9 in KOBE	櫻井芯	3R 1分55秒 KO（右ストレート）	RIZIN	win	None
aoi-noda	野田蒼	2024-03-23	RIZIN LANDMARK 9 in KOBE	上村雄音	2R TKO	RISE	loss	None
jaki-masaya	蛇鬼将矢	2024-03-23	RIZIN LANDMARK 9 in KOBE	憂也	2R 2分25秒 TKO（レフェリーストップ）	RIZIN	loss	None
kimura-philip-minoru	木村“フィリップ”ミノル	2024-03-23	RIZIN LANDMARK 9 in KOBE	ブアカーオ・バンチャメーク	2R 1分10秒 KO（右ストレート）	RIZIN	loss	None
yuto-uemura	上村雄音	2024-03-23	RIZIN LANDMARK 9 in KOBE	野田 蒼	2R TKO	RISE	win	None
shin-sakurai	櫻井 芯	2024-03-24	RIZIN LANDMARK 9 in KOBE OPENING FIGHT	松山 瞬	3R KO	RISE	loss	None
mikuru-asakura	朝倉未来	2021-10-02	RIZIN LANDMARK vol.1	萩原京平	3R 判定	RISE	win	None
jin-mandokoro	政所 仁	2021-11-28	RIZIN TRIGGER 1st	平松 侑	2R KO	RISE	win	None
teparito-joujimu	テーパリット・ジョウジム	2021-11-28	RIZIN TRIGGER 1st	市村大斗	2RKO	RISE	win	None
momoka-2	百花	2021-11-28	RIZIN TRIGGER 1st	未來	3R判定	RISE	win	None
kitagawa-yuki	北川 裕紀	2022-02-23	RIZIN TRIGGER 2nd	竹内 皇貴	3R 判定	SHOOT BOXING	loss	None
jo-sanhe	ジョ・サンヘ	2025-05-31	RIZIN WORLD SERIES in KOREA	宇佐美 秀 メイソン	3R 判定	RISE	draw	None
usami-hide-meison	宇佐美 秀 メイソン	2025-05-31	RIZIN WORLD SERIES in KOREA	ジョ・サンヘ	3R 判定	RISE	draw	None
rena	RENA	2016-04-17	RIZIN.1	シンディ・アルベス	3R 判定	SHOOT BOXING	win	None
nakamura-yusaku	中村 優作	2018-05-06	RIZIN.10	那須川天心	2R 1:42 TKO（3ダウン）	RIZIN	loss	None
tenshin-nasukawa	那須川天心	2018-05-06	RIZIN.10	中村優作	2R KO	RISE	win	None
uzatsuyo-yoshiya	ウザ強ヨシヤ	2018-07-28	RIZIN.11	海 人	2RKO	RISE	loss	None
kaito-2	海人	2018-07-29	RIZIN.11	ウザ強ヨシヤ	2R KO	SHOOT BOXING	win	None
kaito-2	海人	2018-08-12	RIZIN.12	小川 翔	3R 判定	SHOOT BOXING	win	None
naito-taiki	内藤 大樹	2018-08-12	RIZIN.12	般若 HASHIMOTO	2R KO	SHOOT BOXING	win	None
okuyama-takahiro	奥山 貴大	2018-08-12	RIZIN.12	松倉 信太郎	2R KO	SHOOT BOXING	loss	None
shuto-sato	佐藤執斗	2018-08-12	RIZIN.12	瀧谷 渉太	3R 判定	SHOOT BOXING	loss	None
taiga	大雅	2018-09-30	RIZIN.13	原口健飛	3R 判定 ドロー（0-1）	RIZIN	draw	None
kento-haraguchi	原口健飛	2018-09-30	RIZIN.13	大雅	3R 判定	RISE	draw	None
tenshin-nasukawa	那須川天心	2018-09-30	RIZIN.13	堀口恭司	3R 判定	RISE	win	None
thalisson-crazy-cyclone	タリソン“Crazy Cyclone”フェレイラ	2019-04-21	RIZIN.15	大雅	2R KO	RISE	win	None
taiga	大雅	2019-04-21	RIZIN.15	タリソン・ゴメス・フェレイラ	2R 2分34秒 TKO(3ノックダウン)	RIZIN	loss	None
tenshin-nasukawa	那須川天心	2019-04-21	RIZIN.15	フリッツ・ビアグタン	3R KO	RISE	win	None
yuya	憂也	2019-06-02	RIZIN.16	田中STRIKE雄基	1R 2分45秒 TKO	RIZIN	win	None
tanaka-strike-yuki	田中STRIKE雄基	2019-06-02	RIZIN.16	憂也	1R 2分45秒 TKO	RIZIN	loss	None
horio-ryuji	堀尾 竜司	2019-06-02	RIZIN.16	国崇	3R 判定（0-3）	RIZIN	win	None
seiki-ueyama	植山征紀	2019-06-02	RIZIN.16	拳剛	1R TKO	SHOOT BOXING	win	None
kunitaka	国崇	2019-06-02	RIZIN.16	堀尾竜司	3R 判定（0-3）	RIZIN	loss	None
hiroto-yamaguchi	山口裕人	2019-06-02	RIZIN.16	白鳥大珠	3R 判定（0-3）	RIZIN	loss	None
taiju-shiratori	白鳥大珠	2019-06-02	RIZIN.16	山口裕人	3R 判定（0-3）	RIZIN	win	None
kengo	拳剛	2019-06-02	RIZIN.16	植山征紀	1R 2分42秒 TKO	RIZIN	loss	None
tenshin-nasukawa	那須川天心	2019-06-02	RIZIN.16	マーティン・ブランコ	2R KO	RISE	win	None
kan-nakamura	中村 寛	2019-06-02	RIZIN.16	一刀	2R KO	RISE	win	None
machida-hikaru	町田 光	2019-07-28	RIZIN.17	大雅	3R 判定（3-0）	RIZIN	loss	None
watabe-daiki	渡部 太基	2019-07-28	RIZIN.17	Hideki	3R 判定（0-2）	RIZIN	loss	None
taiga	大雅	2019-07-28	RIZIN.17	町田光	3R 判定（3-0）	RIZIN	win	None
kazuki-osaki	大﨑一貴	2019-08-18	RIZIN.18	瀧谷渉太	3R 判定	RISE	win	None
seiki-ueyama	植山征紀	2019-10-12	RIZIN.19	梅井 泰成	3R 判定	SHOOT BOXING	win	None
hiroya	HIROYA	2019-10-12	RIZIN.19	小西拓槙	1R 1分20秒 TKO（レフェリーストップ）	RIZIN	loss	None
taisei-umei	梅井泰成	2019-10-12	RIZIN.19	植山征紀	3R 判定（3-0）	RIZIN	loss	None
taiga	大雅	2019-10-12	RIZIN.19	白鳥大珠	3R 判定	RISE	loss	None
taiju-shiratori	白鳥大珠	2019-10-12	RIZIN.19	大雅	3R 判定	RISE	win	None
konishi-takuma	小西 拓槙	2019-10-12	RIZIN.19	HIROYA	1R 1分20秒 TKO（レフェリーストップ）	RIZIN	win	None
rui-ebata	江幡 塁	2019-12-31	RIZIN.20	那須川天心	1R 2分46秒 TKO（3ノックダウン）	RIZIN	loss	None
taiga	大雅	2019-12-31	RIZIN.20	白鳥大珠	2R TKO	RISE	loss	None
taiju-shiratori	白鳥大珠	2019-12-31	RIZIN.20	大雅	2R TKO	RISE	win	None
tenshin-nasukawa	那須川天心	2019-12-31	RIZIN.20	江幡 塁	1R KO	RISE	win	None
yuya	憂也	2020-02-22	RIZIN.21	康輝	1R 2分30秒 KO（パンチ連打）	RIZIN	win	None
seido	SEIDO	2020-02-22	RIZIN.21	ヘンリー・セハス	3R判定	RISE	loss	None
jitsukata-kosuke	実方 宏介	2020-02-22	RIZIN.21	酒井リョウ	1R 1分28秒 KO（右フック）	RIZIN	win	None
koki-4	康輝	2020-02-22	RIZIN.21	憂也	1R 2分30秒 KO（パンチ連打）	RIZIN	loss	None
takeuchi-kenichi	竹内賢一	2020-02-22	RIZIN.21	直也	3R 判定 （3-0）	RIZIN	win	None
naoya	直也	2020-02-22	RIZIN.21	竹内賢一	3R 判定 （3-0）	RIZIN	loss	None
rui-ebata	江幡 塁	2020-08-09	RIZIN.22	植山征紀	3R判定	RISE	win	None
yushin	優心	2020-08-09	RIZIN.22 - STARTING OVER -	吉成名高	2R 3分8秒 TKO（レフェリーストップ：左ひじ）	RIZIN	loss	None
seiki-ueyama	植山征紀	2020-08-09	RIZIN.22 -STARTING OVER-	江幡 塁	3R 判定	SHOOT BOXING	loss	None
matsukura-shintaro	松倉 信太郎	2020-08-10	RIZIN.23 - CALLING OVER -	森興二	1R 1分28秒 KO（右フック）	RIZIN	win	None
kaito-2	海人	2020-08-10	RIZIN.23 -CALLING OVER-	ルクク・ダリ	3R 判定	SHOOT BOXING	win	None
taiga	大雅	2020-08-10	RIZIN.23– CALLING OVER -	原口健飛	1R KO	RISE	loss	None
kento-haraguchi	原口健飛	2020-08-10	RIZIN.23– CALLING OVER -	大雅	1R KO	RISE	win	None
kitagawa-yuki	北川 裕紀	2020-09-27	RIZIN.24	平塚 大士	2R KO	SHOOT BOXING	loss	None
rikuto-shirakawa	白川陸斗	2020-11-21	RIZIN.25	朴 光哲	3R TKO	RISE	win	None
shuto-sato	佐藤執斗	2020-11-21	RIZIN.25	政所 仁	3R 判定	SHOOT BOXING	loss	None
taiga	大雅	2020-03-21	RIZIN.27	基山幹太	3R終了 判定3-0	RIZIN	win	None
naito-ryota	内藤凌太	2021-03-21	RIZIN.27	HIROKI	3R 判定	SHOOT BOXING	win	None
naito-ryota	内藤凌太	2021-03-21	RIZIN.27	弘樹	3R 判定	RISE	win	None
kanta-motoyama	基山幹太	2021-03-21	RIZIN.27	大雅	3R 判定	SHOOT BOXING	loss	None
shuto-sato	佐藤執斗	2021-03-21	RIZIN.27	國本 真義	3R 判定	SHOOT BOXING	draw	None
seiki-ueyama	植山征紀	2021-06-27	RIZIN.29	泉 丈成	2R TKO	SHOOT BOXING	win	None
rikuto-shirakawa	白川陸斗	2021-06-27	RIZIN.29	青井 人	3R 判定	RISE	win	None
momoka-2	百花	2021-09-19	RIZIN.30	ぱんちゃん璃奈	3R判定	RISE	loss	None
rikuto-shirakawa	白川陸斗	2021-10-24	RIZIN.31	山本琢也	1R TKO	RISE	win	None
ryoga-terayama	寺山遼冴	2021-11-20	RIZIN.32	弘 樹	3R判定	RISE	win	None
hirokatsu-miyagi	宮城寛克	2021-11-27	RIZIN.32	ロペス薩摩	1RKO	RISE	win	None
jaki-masaya	蛇鬼将矢	2022-03-20	RIZIN.34	こうた	1RKO	RISE	win	None
yuki-kasahara	笠原友希	2022-03-20	RIZIN.34	元氣	1R TKO	SHOOT BOXING	win	None
ryuki	Ryuki	2022-03-20	RIZIN.34	山本歩夢	1R KO	RISE	win	None
shuto-sato	佐藤執斗	2022-03-20	RIZIN.34	政所 仁	ノーコンテスト 1R	SHOOT BOXING	no_contest	None
hirokatsu-miyagi	宮城寛克	2022-07-02	RIZIN.36	吉野友規	3R 判定	RISE	win	None
yusaku-ishizuki	石月祐作	2022-07-31	RIZIN.37	笠原弘希	3R 判定	RISE	loss	None
hiroki-kasahara	笠原弘希	2022-07-31	RIZIN.37	石月 祐作	3R 判定	SHOOT BOXING	win	None
ryusei-2	龍聖	2022-07-31	RIZIN.37	魁志	3R 1:23 KO	RIZIN	win	None
shin-sakurai	櫻井 芯	2023-04-01	RIZIN.41	麻太郎	3R 判定	RISE	loss	None
motoki	元氣	2023-04-01	RIZIN.41	駿	1R KO	RISE	loss	None
kouji	皇治	2023-04-01	RIZIN.41	芦澤竜誠	3R 判定 （1-2）	RIZIN	loss	None
sota-cerberus-kimura	木村“ケルベロス”颯太	2023-04-01	RIZIN.41	進撃の祐基	3R KO	RISE	win	None
shingekinoyuki	進撃の祐基	2023-04-01	RIZIN.41	木村“ケルベロス”颯太	3R 1分32秒 TKO（レフェリーストップ）	RIZIN	loss	None
ashizawa-ryuusei	芦澤竜誠	2023-04-01	RIZIN.41	皇治	3R 判定 （1-2）	RIZIN	win	None
asataro	麻太郎	2023-04-01	RIZIN.41	櫻井芯	3R 判定	RISE	win	None
anpo-rukiya	安保瑠輝也	2023-05-06	RIZIN.42	ブアカーオ・バンチャメーク	3R 判定 ドロー（0-0）	RIZIN	draw	None
buakao-banchameku	ブアカーオ・バンチャメーク	2023-05-06	RIZIN.42	安保瑠輝也	3R 判定 ドロー（0-0）	RIZIN	draw	None
kido-yasuhiro	城戸康裕	2023-05-06	RIZIN.42	木村“ケルベロス”颯太	3R 判定 （0-3）	RIZIN	loss	None
sota-cerberus-kimura	木村“ケルベロス”颯太	2023-05-06	RIZIN.42	城戸康裕	3R 判定	RISE	win	None
yaman	YA-MAN	2023-05-06	RIZIN.42	三浦孝太	1R TKO	RISE	win	None
hiroki-suzuki	鈴木宙樹	2023-06-24	RIZIN.43	梅野源治	2R KO	RISE	win	None
taisei-nishitani	西谷大成	2023-06-24	RIZIN.43	鈴木博昭	1R TKO	RISE	loss	None
hirano-ryoga	平野凌我	2023-06-24	RIZIN.43	山川賢誠	2R KO	RISE	loss	None
kimura-philip-minoru	木村“フィリップ”ミノル	2023-06-24	RIZIN.43	ロクク・ダリ	1R 1分08秒 ノーコンテスト（木村のドーピング検査の結果 陽性により無効試合）	RIZIN	no_contest	None
kensei-yamakawa	山川賢誠	2023-06-24	RIZIN.43	平野凌我	2R KO	RISE	win	None
aito	愛翔	2023-06-24	RIZIN.43	小出龍哉	1R KO	RISE	win	None
ryuya-koide	小出龍哉	2023-06-24	RIZIN.43	愛翔	1R TKO	RISE	loss	None
umeno-genji	梅野源治	2023-06-24	RIZIN.43	鈴木宙樹	2R KO	RISE	loss	None
shoki-hoshikubo	星久保将城	2023-06-24	RIZIN.43	がんばれ！ふるかわくん	ノーコンテスト（星久保の体重超過によるレッドカード提示のため）	RIZIN	no_contest	None
anpo-rukiya	安保瑠輝也	2023-09-24	RIZIN.44	宇佐美正パトリック	3R 判定（3-0：29-26、29-27、29-26）	RIZIN	win	None
rikuto-shirakawa	白川陸斗	2023-09-24	RIZIN.44	中原由貴	3R 判定	RISE	loss	None
yaman	YA-MAN	2024-12-31	RIZIN.49	カルシャガ･ダウトベック	3R 判定	RISE	loss	None
ryuki-yoshioka	吉岡龍輝	2025-03-30	RIZIN.50	切詰大貴	3R判定	RISE	win	None
rinto-kako	加古稟虎	2025-03-30	RIZIN.50	稲井良弥	1R 2分57秒 TKO（レフェリーストップ）	RIZIN	loss	None
ryoya-inai	稲井良弥	2025-03-30	RIZIN.50	加古稟虎	1R TKO	RISE	win	None
yamato-ashikaga	足利也真登	2025-03-30	RIZIN.50	大谷翔司	1R 3分00秒 TKO（スリーノックダウン）	RIZIN	loss	None
kirizume-daiki	切詰大貴	2025-03-30	RIZIN.50	吉岡龍輝	3R 判定 （2-1）	RIZIN	loss	None
otani-shoji	大谷 翔司	2025-03-30	RIZIN.50	足利也真登	1R 3分00秒 TKO（スリーノックダウン）	RIZIN	win	None
juna-koda	上田樹那	2026-05-10	RIZIN.53	北野ヒナタ	3R 判定（0-3）	RIZIN	loss	None
yuki	裕樹	2017-10-15	RIZIN.7	ダルビッシュ黒木	3R 判定	RISE	draw	None
tenshin-nasukawa	那須川天心	2017-12-31	RIZIN.9	藤田大和	1R KO	RISE	win	None
tenshin-nasukawa	那須川天心	2017-12-31	RIZIN.9	浜本“キャット”雄大	2R KO	RISE	win	None
motoki	元氣	2022-03-20	RIZIN34	笠原友希	1R TKO	RISE	loss	None
asahisa-taio	朝久 泰央	2025-05-04	RIZIN男祭り	ウザ強ヨシヤ	2R 1分16秒 TKO（レフェリーストップ：左ハイキック）	RIZIN	win	None
hashimoto-futa	橋本 楓汰	2025-05-04	RIZIN男祭り	赤平大治	3R判定（0-3）	RIZIN	win	None
uzatsuyo-yoshiya	ウザ強ヨシヤ	2025-05-04	RIZIN男祭り	朝久泰央	2R 1分16秒 TKO（レフェリーストップ：左ハイキック）	RIZIN	loss	None
takiya-shouta	瀧谷渉太	2018-08-12	RWEDDINGS presents RIZIN.12	佐藤執斗	3R 判定 3-0	RIZIN	win	None
sho-ogawa	小川翔	2018-08-12	RWEDDINGS presents RIZIN.12	海人	3R 判定 3-0	RIZIN	loss	None
naoya	直也	2018-08-12	RWEDDINGS presents RIZIN.12	Ryuki	3R 判定 3-0	RIZIN	loss	None
hannya-hashimoto	般若HASHIMOTO	2018-08-12	RWEDDINGS presents RIZIN.12	内藤大樹	2R 1分53秒 TKO（3ノックダウン）	RIZIN	loss	None
ryuki	Ryuki	2018-08-12	RWEDDINGS presents RIZIN.12	直也	3R 判定 3-0	RIZIN	win	None
matsukura-shintaro	松倉 信太郎	2018-08-12	RWEDDINGS presents RIZIN.12	奥山貴大	2R 2分32秒 KO	RIZIN	win	None
nakagawa-kota	仲川 広汰	2022-02-23	SPASHAN HPS presents RIZIN TRIGGER 2nd	大樹	3R 判定 （3-0）	RIZIN	loss	None
koki-takeuchi	竹内皇貴	2022-02-23	SPASHAN HPS presents RIZIN TRIGGER 2nd	北川裕紀	3R 判定	RISE	win	None
taiki-matsui	松井大樹	2022-02-23	SPASHAN HPS presents RIZIN TRIGGER 2nd	MASANARI	3R判定	RISE	win	None
taiki-sawatani	澤谷大樹	2022-02-23	SPASHAN HPS presents RIZIN TRIGGER 2nd	仲川広汰	3R判定	RISE	win	None
rikiya	力也	2022-04-16	SPASHAN presents RIZIN TRIGGER 3rd	大谷翔司	1R 2分52秒 TKO（3ノックダウン）	RIZIN	loss	None
otani-shoji	大谷 翔司	2022-04-16	SPASHAN presents RIZIN TRIGGER 3rd	力也	1R 2分52秒 TKO（3ノックダウン）	RIZIN	win	None
hiroto-yamaguchi	山口裕人	2016-04-17	TOP Presents RIZIN.1	大和哲也	1R 2:37 TKO（3ノックダウン）	RIZIN	loss	None
daniro-zanorini	ダニロ・ザノリニ	2016-04-17	TOP Presents RIZIN.1	網本規久	1R 2:19 TKO（3ノックダウン）	RIZIN	win	None
yamato-tetsuya	大和 哲也	2016-04-17	TOP Presents RIZIN.1	山口裕人	1R 2:37 TKO（3ノックダウン）	RIZIN	win	None
no-jiegiru	ノ・ジェギル	2011-06-26	World Championship MUAY THAI Matter of Pride	Lu Jian Cao	3R終了 判定34-33	Wikipedia(その他団体)	win	None
no-jiegiru	ノ・ジェギル	2011-06-26	World Championship MUAY THAI Matter of Pride	Michael Badato	3R終了 判定44-43	Wikipedia(その他団体)	win	None
mutsuki-ebata	江幡 睦	2020-09-27	Yogibo presents RIZIN.24	良 星	3R判定	RISE	win	None
taishi-hiratsuka	平塚大士	2020-09-27	Yogibo presents RIZIN.24	北川裕紀	2R 27秒 KO	RIZIN	win	None
kouji	皇治	2020-09-27	Yogibo presents RIZIN.24	那須川天心	3R 判定 （3-0）	RIZIN	loss	None
tenshin-nasukawa	那須川天心	2020-09-27	Yogibo presents RIZIN.24	皇治	3R 判定	RISE	win	None
rasta	良星	2020-09-27	Yogibo presents RIZIN.24	江幡 睦	3R判定	RISE	loss	None
jin-mandokoro	政所 仁	2020-11-21	Yogibo presents RIZIN.25	佐藤執斗	3R 判定 （3-0）	RIZIN	win	None
taiga	大雅	2020-11-21	Yogibo presents RIZIN.25	山畑雄摩	3R判定	RISE	win	None
sano-isami	佐野 勇海	2020-11-21	Yogibo presents RIZIN.25	江畑秀範	3R 判定 （0-3）	RIZIN	win	None
yuma-yamaguchi	山口侑馬	2020-11-21	Yogibo presents RIZIN.25	麻原将平	3RTKO	RISE	loss	None
yuma-yamahata	山畑雄摩	2020-11-21	Yogibo presents RIZIN.25	大雅	3R 判定 （3-0）	RIZIN	loss	None
shohei-asahara	麻原将平	2020-11-21	Yogibo presents RIZIN.25	山口侑馬	3RKO	RISE	win	None
tenshin-nasukawa	那須川天心	2020-12-31	Yogibo presents RIZIN.26	クマンドーイ・ペットジャルーンウィット	3R 判定	RISE	win	None
kunimoto-masayoshi	國本 真義	2021-03-21	Yogibo presents RIZIN.27	佐藤執斗	3R 判定 （ドロー：0-1）	RIZIN	draw	None
taiga	大雅	2021-03-21	Yogibo presents RIZIN.27	基山幹太	3R 判定	RISE	win	None
hiroki-2	弘樹	2021-03-21	Yogibo presents RIZIN.27	内藤凌太	3R 判定 （3-0）	RIZIN	loss	None
burakupansa-beinoa	“ブラックパンサー”ベイノア	2021-06-13	Yogibo presents RIZIN.28	弥益ドミネーター聡志	3R判定	RISE	loss	None
kouji	皇治	2021-06-27	Yogibo presents RIZIN.29	白鳥大珠	3R 判定 （0-3）	RIZIN	loss	None
kouji	皇治	2021-06-27	Yogibo presents RIZIN.29	梅野源治	1R 0分43秒 ノーコンテスト（偶発性のバッティングにより梅野が負傷）	RIZIN	no_contest	None
ryo-takahashi	髙橋 亮	2021-06-27	Yogibo presents RIZIN.29	白鳥大珠	1R KO	RISE	loss	None
taiju-shiratori	白鳥大珠	2021-06-27	Yogibo presents RIZIN.29	皇治	3R 判定	RISE	win	None
taiju-shiratori	白鳥大珠	2021-06-27	Yogibo presents RIZIN.29	髙橋 亮	1R KO	RISE	win	None
yuma-yamahata	山畑雄摩	2021-06-27	Yogibo presents RIZIN.29	髙橋聖人	3R判定	RISE	draw	None
kiyoto-takahashi	髙橋聖人	2021-06-27	Yogibo presents RIZIN.29	山畑雄摩	3R 判定 （ドロー：0-1）	RIZIN	draw	None
jyosei	Jyosei	2021-06-27	Yogibo presents RIZIN.29	植山征紀	2R KO	RISE	loss	None
umeno-genji	梅野源治	2021-06-27	Yogibo presents RIZIN.29	皇治	ノーコンテスト	RISE	no_contest	None
panchan-rina	ぱんちゃん璃奈	2021-09-19	Yogibo presents RIZIN.30	百花	3R 判定 （3-0）	RIZIN	win	None
ishikawa-naoki-2	石川 直樹	2021-10-24	Yogibo presents RIZIN.31	吉成名高	1R 2分30秒 TKO（3ノックダウン）	RIZIN	loss	None
oinuma-ryuto	老沼 隆斗	2021-10-24	Yogibo presents RIZIN.31	奥脇竜哉	3R 判定 （2-0）	RIZIN	loss	None
hirokatsu-miyagi	宮城寛克	2021-11-20	Yogibo presents RIZIN.32	ロペス薩摩	1R 2分39秒 KO（スタンドパンチ）	RIZIN	win	None
sone-kazuma	祖根 寿麻	2021-11-20	Yogibo presents RIZIN.32	皇治	3R 判定 （3-0）	RIZIN	loss	None
hiroki-2	弘樹	2021-11-20	Yogibo presents RIZIN.32	寺山遼冴	3R 判定 （3-0）	RIZIN	loss	None
kouji	皇治	2021-11-20	Yogibo presents RIZIN.32	祖根寿麻	3R 判定 （3-0）	RIZIN	win	None
burakupansa-beinoa	“ブラックパンサー”ベイノア	2021-11-20	Yogibo presents RIZIN.32	ロクク・ダリ	3RKO	RISE	win	None
kouji	皇治	2021-12-31	Yogibo presents RIZIN.33	YA-MAN	3R 判定 （0-2）	RIZIN	loss	None
burakupansa-beinoa	“ブラックパンサー”ベイノア	2021-12-31	Yogibo presents RIZIN.33	武田光司	2RKO	RISE	loss	None
yaman	YA-MAN	2021-12-31	Yogibo presents RIZIN.33	皇治	3R 判定	RISE	win	None
umeno-genji	梅野源治	2024-06-09	Yogibo presents RIZIN.47	魚井フルスイング	3R 判定（3-0）	RIZIN	win	None
yaman	YA-MAN	2024-07-28	Yogibo presents 超RIZIN.3	鈴木博昭	1R KO	RISE	win	None
shiba-kojiro	芝 宏二郎	2026-07-18	abc presents RIZIN LANDMARK 15 in HIROSHIMA	遥心	3R 判定（3-0）	RIZIN	win	None
haruto	遥心	2026-07-18	abc presents RIZIN LANDMARK 15 in HIROSHIMA	芝宏二郎	3R 判定（3-0）	RIZIN	loss	None
nitamizu-toshiyuki	二田水 敏幸	2010-04-11	club DEEP 公武堂ファイト	高田 直矢	2R 判定	SHOOT BOXING	draw	None
suzuki-hiroaki	鈴木 博昭	2006-11-19	club DEEP 富山 -野蛮人祭り5-	酒井 武志	1R KO	SHOOT BOXING	win	デビュー戦
miku-144	MIKU	2008-06-01	club DEEP 富山 -野蛮人祭り7-	レーナ	3分2R終了 判定0-1	Wikipedia(その他団体)	draw	None
yokota-kazunori	横田 一則	2007-06-16	club DEEP 東京	イ・デヨン	3R終了 判定3-0	Wikipedia(その他団体)	win	None
watanabe-hisae	渡辺久江	2007-10-21	club DEEP 浜松	ヤン・ジョンオゥン	2R 0:40 TKO（タオル投入）	Wikipedia(その他団体)	win	None
garyuu-shingo	我龍真吾	2005-04-10	club DEEP 福岡 天下一祭り	野村俊祐	1R 2:08 KO（2ノックダウン：ストレート）	Wikipedia(その他団体)	win	None
rena	RENA	2008-06-01	clubDEEP富山～野蛮人祭り7～	MIKU	2R 判定	SHOOT BOXING	draw	None
shinotsuka-tatsuki	篠塚 辰樹	2023-12-31	にゃんこ大戦争 presents RIZIN.45	冨澤大智	3R 判定（3-0）	RIZIN	win	None
ryujin-nasukawa	那須川龍心	2023-12-31	にゃんこ大戦争 presents RIZIN.45	シン・ジョンミン	2R TKO	RISE	win	None
tomizawa-daichi	冨澤 大智	2023-12-31	にゃんこ大戦争 presents RIZIN.45	篠塚辰樹	3R 判定（3-0）	RIZIN	loss	None
yaman	YA-MAN	2023-12-31	にゃんこ大戦争 presents RIZIN.45	平本蓮	3R 判定	RISE	loss	None
shin-jonmin	シン・ジョンミン	2023-12-31	にゃんこ大戦争 presents RIZIN.45	那須川龍心	2R TKO	RISE	loss	None
gono-akihiro	郷野 聡寛	2005-03-06	パンクラス PANCRASE 2005 SPIRAL TOUR	桜木裕司	2R 1:17 KO（右ストレート）	Wikipedia(その他団体)	loss	None
asahisa-taio	朝久 泰央	2026-04-12	大和開発 presents RIZIN LANDMARK 13 in FUKUOKA	シンパヤック・ハマジム	1R 1分45秒 TKO（レフェリーストップ）	RIZIN	win	None
yuuki	YU-KI	2026-04-12	大和開発 presents RIZIN LANDMARK 13 in FUKUOKA	今村流星	2R 0分58秒 TKO（レフェリーストップ）	RIZIN	loss	None
shinpayaku-hamajimu	シンパヤック・ハマジム	2026-04-12	大和開発 presents RIZIN LANDMARK 13 in FUKUOKA	朝久泰央	1R 1分45秒 TKO（レフェリーストップ）	RIZIN	loss	None
imamura-ryusei	今村 流星	2026-04-12	大和開発 presents RIZIN LANDMARK 13 in FUKUOKA	YU-KI	2R 0分58秒 TKO（レフェリーストップ）	RIZIN	win	None
rushia-apuderugarimu	ルシア・アプデルガリム	2024-05-03	巌流島バーチャルファイト	ぱんちゃん璃奈	3R終了 判定2-0	Wikipedia(その他団体)	win	None
panchan-rina	ぱんちゃん璃奈	2024-05-03	巌流島バーチャルファイト	ルシア・アプデルガリム	3R終了 判定0-2	Wikipedia(その他団体)	loss	None
yuya	憂也	2022-03-20	湘南美容クリニック presents RIZIN.34	洋輔YAMATO	2R KO	RISE	win	None
jin-mandokoro	政所 仁	2022-03-20	湘南美容クリニック presents RIZIN.34	佐藤執斗	ノーコンテスト	RISE	no_contest	None
taiga	大雅	2022-03-20	湘南美容クリニック presents RIZIN.34	髙橋亮	3R判定	RISE	draw	None
kouji	皇治	2022-03-20	湘南美容クリニック presents RIZIN.34	梅野源治	3R 判定 （2-0）	RIZIN	win	None
ryo-takahashi	髙橋 亮	2022-03-20	湘南美容クリニック presents RIZIN.34	大雅	3R 判定	RISE	draw	None
sho-ogawa	小川翔	2022-03-20	湘南美容クリニック presents RIZIN.34	山畑雄摩	1R KO	RISE	win	None
yosuke-aoki	青木洋輔	2022-03-20	湘南美容クリニック presents RIZIN.34	憂也	2R TKO	RISE	loss	None
yuma-yamahata	山畑雄摩	2022-03-20	湘南美容クリニック presents RIZIN.34	小川翔	1RKO	RISE	loss	None
umeno-genji	梅野源治	2022-03-20	湘南美容クリニック presents RIZIN.34	皇治	3R判定	RISE	loss	None
yoshino-tomoki	吉野 友規	2022-07-02	湘南美容クリニック presents RIZIN.36	宮城寛克	3R 判定 （3-0）	RIZIN	loss	None
taiga	大雅	2022-07-02	湘南美容クリニック presents RIZIN.36	新田宗一朗	3R 判定	RISE	win	None
arata-soichiro	新田 宗一朗	2022-07-02	湘南美容クリニック presents RIZIN.36	大雅	3R 判定 （3-0）	RIZIN	loss	None
kaishi	魁志	2022-07-31	湘南美容クリニック presents RIZIN.37	龍聖	3R 1分23秒 TKO（レフェリーストップ）	RIZIN	loss	None
kakeru	翔	2022-10-23	湘南美容クリニック presents RIZIN.39	栗秋祥梧	2R KO	RISE	loss	None
kuriaki-shogo	栗秋 祥梧	2022-10-23	湘南美容クリニック presents RIZIN.39	翔	2R 1分42秒 TKO（レフェリーストップ）	RIZIN	win	None
reito-bravely-163	REITO BRAVELY	2022-10-23	湘南美容クリニック presents RIZIN.39	関幸一郎	1R 0分34秒 TKO（レフェリーストップ）	RIZIN	win	None
umeno-genji	梅野源治	2022-10-23	湘南美容クリニック presents RIZIN.39	トレント・ガーダム	1R KO	RISE	win	None
burakupansa-beinoa	“ブラックパンサー”ベイノア	2022-12-31	湘南美容クリニック presents RIZIN.40	宇佐美正パトリック	1R KO	RISE	loss	None
