slug,org,date,event,opponentRaw,ownRaw,resultType,matchLabel,matchedAgainst
fujii-nobuki,パンクラス,2018-05-20,PANCRASE296,"アラン“ヒロ""ヤマニハ",藤井伸樹,decisive,nfkc_whitespace,藤井 伸樹
fujii-nobuki,パンクラス,2017-12-10,PANCRASE292,佐久間健太,藤井伸樹,decisive,nfkc_whitespace,藤井 伸樹
fujii-nobuki,パンクラス,2017-08-20,PANCRASE289,リッチー・ヴァスリック,藤井伸樹,decisive,nfkc_whitespace,藤井 伸樹
fujii-nobuki,パンクラス,2017-04-23,PANCRASE286,CORO,藤井伸樹,decisive,nfkc_whitespace,藤井 伸樹
fujii-nobuki,パンクラス,2016-11-13,PANCRASE282,小宮稔大,藤井伸樹,decisive,nfkc_whitespace,藤井 伸樹
fujii-nobuki,パンクラス,2016-06-12,PANCRASE278,上田将竜,藤井伸樹,decisive,nfkc_whitespace,藤井 伸樹
fujii-nobuki,パンクラス,2015-11-01,PANCRASE 271,仙三,藤井伸樹,decisive,nfkc_whitespace,藤井 伸樹
fujii-nobuki,パンクラス,2015-07-05,PANCRASE 268,福島秀和,藤井伸樹,decisive,nfkc_whitespace,藤井 伸樹
fujii-nobuki,パンクラス,2015-02-01,PANCRASE 264,なおKING,藤井伸樹,decisive,nfkc_whitespace,藤井 伸樹
fujii-nobuki,パンクラス,2014-10-05,PANCRASE 261,合島大樹,藤井伸樹,decisive,nfkc_whitespace,藤井 伸樹
fujii-nobuki,パンクラス,2014-05-11,PANCRASE 258,齊藤曜,藤井伸樹,decisive,nfkc_whitespace,藤井 伸樹
fujii-nobuki,パンクラス,2013-12-31,Bayside FIGHT.2,高岡尚裕,藤井伸樹,decisive,nfkc_whitespace,藤井 伸樹
fujii-nobuki,パンクラス,2013-11-03,PANCRASE 253,佐藤将光,藤井伸樹,decisive,nfkc_whitespace,藤井 伸樹
fujii-nobuki,パンクラス,2013-07-28,PANCRASE250,野中翔,藤井伸樹,decisive,nfkc_whitespace,藤井 伸樹
fujii-nobuki,パンクラス,2013-05-19,PANCRASE247,諏訪園岳,藤井伸樹,decisive,nfkc_whitespace,藤井 伸樹
fujii-nobuki,パンクラス,2013-03-17,PANCRASE246,岸幸生,藤井伸樹,decisive,nfkc_whitespace,藤井 伸樹
fujii-nobuki,パンクラス,2013-01-12,PANCRASE244,伊禮真也,藤井伸樹,draw,nfkc_whitespace,藤井 伸樹
fujii-nobuki,パンクラス,2012-09-01,PANCRASE 2012 PROGRESS TOUR,CORO,藤井伸樹,draw,nfkc_whitespace,藤井 伸樹
fujii-nobuki,パンクラス,2011-11-12,PANCRASE 2011 IMPRESSIVE TOUR,北郷祐介,藤井伸樹,decisive,nfkc_whitespace,藤井 伸樹
fujii-nobuki,パンクラス,2011-08-07,PANCRASE 2011 IMPRESSIVE TOUR,斉藤正臣,藤井伸樹,decisive,nfkc_whitespace,藤井 伸樹
fujii-nobuki,パンクラス,2011-06-05,PANCRASE 2011 IMPRESSIVE TOUR,斉藤洋二,藤井伸樹,decisive,nfkc_whitespace,藤井 伸樹
fujii-nobuki,パンクラス,2011-04-03,PANCRASE 2011 IMPRESSIVE TOUR,小畑公史,藤井伸樹,decisive,nfkc_whitespace,藤井 伸樹
fujii-nobuki,パンクラス,2010-12-05,PANCRASE 2010 PASSION TOUR,青山祐大,藤井伸樹,decisive,nfkc_whitespace,藤井 伸樹
fujii-nobuki,パンクラス,2010-08-08,PANCRASE 2010 PASSION TOUR,高橋忠一朗,藤井伸樹,draw,nfkc_whitespace,藤井 伸樹
yuji-arai,パンクラス,2025-05-06,PANCRASE BLOOD.6,岡村寿紀,荒井勇二,decisive,homograph_char,荒井 勇ニ
yuji-arai,パンクラス,2024-02-25,PANCRASE BLOOD.2,平田 旭,荒井勇二,decisive,homograph_char,荒井 勇ニ
yuji-arai,パンクラス,2023-11-12,PANCRASE 339,佐藤龍汰朗,荒井勇二,decisive,homograph_char,荒井 勇ニ
yuji-arai,パンクラス,2021-09-12,PANCRASE 323,ロッキー川村2,荒井勇二,decisive,homograph_char,荒井 勇ニ
yuji-arai,パンクラス,2020-12-13,PANCRASE 320,内藤由良,荒井勇二,decisive,homograph_char,荒井 勇ニ
yuji-arai,パンクラス,2020-09-27,PANCRASE 318 -Beyond317-,廣野雄大,荒井勇二,decisive,homograph_char,荒井 勇ニ
yuji-arai,パンクラス,2020-07-24,PANCRASE316,村元佑成,荒井勇二,decisive,homograph_char,荒井 勇ニ
yuji-arai,パンクラス,2018-11-25,PANCRASE301,一慶,荒井勇二,decisive,homograph_char,荒井 勇ニ
yuji-arai,パンクラス,2015-08-09,PANCRASE 269,ボブ・アームストロング,荒井勇二,decisive,homograph_char,荒井 勇ニ
yuji-arai,パンクラス,2015-04-26,PANCRASE 266,ジョシュア・ロビソン,荒井勇二,decisive,homograph_char,荒井 勇ニ
yuji-arai,パンクラス,2014-08-10,PANCRASE 260,EDDY“RONIN”JOSHUA,荒井勇二,decisive,homograph_char,荒井 勇ニ
tamura-hibiki,RIZIN,2022-10-23,湘南美容クリニック presents RIZIN.39,阿部大治,田村ヒビキ,decisive,nfkc_whitespace,田村 ヒビキ
tamura-hibiki,パンクラス,2012-01-28,PANCRASE 2012 PROGRESS TOUR,KEI山宮,田村ヒビキ,decisive,nfkc_whitespace,田村 ヒビキ
tamura-hibiki,パンクラス,2011-11-27,PANCRASE 2011 IMPRESSIVE TOUR,鳥生将大,田村ヒビキ,draw,nfkc_whitespace,田村 ヒビキ
tamura-hibiki,パンクラス,2011-05-03,PANCRASE 2011 IMPRESSIVE TOUR,ISAO,田村ヒビキ,decisive,nfkc_whitespace,田村 ヒビキ
tamura-hibiki,DEEP,2013-04-28,DEEP OSAKA IMPACT 2013,住村竜市朗,田村ヒビキ,decisive,nfkc_whitespace,田村 ヒビキ
tamura-hibiki,DEEP,2013-11-24,DEEP CAGE IMPACT 2013 in TDC HALL,大原樹里,田村ヒビキ,draw,nfkc_whitespace,田村 ヒビキ
tamura-hibiki,DEEP,2014-08-23,DEEP 68 IMPACT,福本よう一,田村ヒビキ,draw,nfkc_whitespace,田村 ヒビキ
tamura-hibiki,DEEP,2014-12-21,DEEP 70 IMPACT,岩瀬茂俊,田村ヒビキ,decisive,nfkc_whitespace,田村 ヒビキ
tamura-hibiki,DEEP,2015-08-29,DEEP CAGE IMPACT 2015,LUIZ,田村ヒビキ,decisive,nfkc_whitespace,田村 ヒビキ
tamura-hibiki,DEEP,2016-06-26,DEEP 76 IMPACT,江藤公洋,田村ヒビキ,decisive,nfkc_whitespace,田村 ヒビキ
ryoga,RIZIN,2024-02-24,RIZIN LANDMARK 8 in SAGA,堺龍平,RYOGA,decisive,no_match_found,(none)
ryoga,DEEP,2021-10-17,DEEP TOKYO IMPACT 2021 1st ROUND,ヒロヤ,RYOGA,decisive,no_match_found,(none)
ryoga,DEEP,2022-03-12,DEEP TOKYO IMPACT 2022 1st ROUND,日比野“エビ中”純也,RYOGA,decisive,no_match_found,(none)
ryoga,DEEP,2022-10-30,DEEP OKINAWA IMPACT 2022,TARKER,RYOGA,decisive,no_match_found,(none)
ryoga,DEEP,2022-11-23,DEEP TOKYO IMPACT 2022 6th ROUND,濱口奏琉,RYOGA,decisive,no_match_found,(none)
ryoga,DEEP,2022-12-11,DEEP TOKYO IMPACT 2022 7th ROUND,駒杵嵩大,RYOGA,decisive,no_match_found,(none)
ryoga,DEEP,2023-07-23,DEEP X NARIAGARI,吉田仁,RYOGA,decisive,no_match_found,(none)
ryoga,DEEP,2023-12-10,DEEP 117 IMPACT,Max,RYOGA,decisive,no_match_found,(none)
ryoga,DEEP,2024-12-08,DEEP TOKYO IMPACT 2024 6th ROUND,橋本優大,RYOGA,decisive,no_match_found,(none)
ryoga,DEEP,2025-05-25,DEEP TOKYO IMPACT 2025 3rd ROUND,咲季,RYOGA,decisive,no_match_found,(none)
kawakita-haruki,パンクラス,2023-07-09,PANCRASE 336,高城光弘,川北晏生,decisive,nfkc_whitespace,川北 晏生
kawakita-haruki,パンクラス,2023-03-26,PANCRASE 332,鬼神光司,川北晏生,decisive,nfkc_whitespace,川北 晏生
kawakita-haruki,パンクラス,2021-09-12,PANCRASE 323,風間敏臣,川北晏生,decisive,nfkc_whitespace,川北 晏生
kawakita-haruki,パンクラス,2021-09-12,PANCRASE 323,小川隼也,川北晏生,decisive,nfkc_whitespace,川北 晏生
kawakita-haruki,パンクラス,2021-06-27,PANCRASE 322,内山拓真,川北晏生,decisive,nfkc_whitespace,川北 晏生
kawakita-haruki,パンクラス,2020-12-13,PANCRASE 320,高橋拓也,川北晏生,decisive,nfkc_whitespace,川北 晏生
kawakita-haruki,パンクラス,2020-09-27,PANCRASE 318 -Beyond317-,橋上壮馬,川北晏生,decisive,nfkc_whitespace,川北 晏生
kawakita-haruki,パンクラス,2020-02-16,PANCRASE312,山中憲次,川北晏生,decisive,nfkc_whitespace,川北 晏生
motonomiki,DEEP,2019-06-09,DEEP JEWELS 24,長野美香,本野美樹,decisive,exact,本野美樹
motonomiki,DEEP,2019-12-15,DEEP 93 IMPACT,パク・チヨン,本野美樹,decisive,exact,本野美樹
motonomiki,DEEP,2020-02-24,DEEP JEWELS 28,ノンパン・ザ・ロケット,本野美樹,decisive,exact,本野美樹
motonomiki,DEEP,2020-07-23,DEEP JEWELS 29,赤林檎,本野美樹,decisive,exact,本野美樹
motonomiki,DEEP,2020-12-19,DEEP JEWELS 31,伊澤星花,本野美樹,decisive,exact,本野美樹
motonomiki,DEEP,2022-03-12,DEEP JEWELS 36,にっせー,本野美樹,decisive,exact,本野美樹
motonomiki,DEEP,2022-11-23,DEEP JEWELS 39,須田萌里,本野美樹,decisive,exact,本野美樹
salt,RIZIN,2023-06-24,RIZIN.43,大島沙緒里,ソルト,decisive,exact,ソルト
salt,RIZIN,2025-06-14,RIZIN LANDMARK 11 in SAPPORO,万智,ソルト,decisive,exact,ソルト
salt,パンクラス,2024-09-29,PANCRASE 347,藤野恵実,ソルト,decisive,exact,ソルト
salt,パンクラス,2023-04-30,PANCRASE 333,KAREN,ソルト,decisive,exact,ソルト
salt,パンクラス,2022-12-25,PANCRASE 330,KAREN,ソルト,decisive,exact,ソルト
raika,修斗,2022-09-19,PROFESSIONAL SHOOTO 2022 Vol.6,杉本 恵,ライカ,decisive,exact,ライカ
raika,修斗,2022-11-27,PROFESSIONAL SHOOTO 2022 Vol.7,キム ソ ユル,ライカ,decisive,exact,ライカ
raika,DEEP,2014-12-31,DEEP DREAM IMPACT 2014～大晦日special～,杉山しずか,ライカ,decisive,exact,ライカ
raika,DEEP,2016-11-03,DEEP JEWELS 14,ガン・ジンヒ,ライカ,decisive,exact,ライカ
raika,DEEP,2017-02-25,DEEP JEWELS 15,空手こまち,ライカ,decisive,exact,ライカ
lightyear-daiki,RIZIN,2021-11-28,RIZIN TRIGGER 1st,釜谷真,ダイキ・ライトイヤー,decisive,quote_symbol,ダイキ ライトイヤー
lightyear-daiki,RIZIN,2024-03-23,RIZIN LANDMARK 9 in KOBE,金太郎,ダイキ・ライトイヤー,decisive,quote_symbol,ダイキ ライトイヤー
lightyear-daiki,RIZIN,2026-05-10,RIZIN.53,梅野源治,ダイキ・ライトイヤー,decisive,quote_symbol,ダイキ ライトイヤー
sugimoto-megumi,DEEP,2013-11-04,DEEP JEWELS 2,藤森祥子,杉本 恵,decisive,exact,杉本 恵
sugimoto-megumi,DEEP,2015-08-29,DEEP JEWELS 9,向奈都美,杉本 恵,decisive,exact,杉本 恵
sugimoto-megumi,DEEP,2021-03-07,DEEP JEWELS 32,伊澤星花,杉本恵,decisive,nfkc_whitespace,杉本 恵
endoraiki,RIZIN,2023-06-24,RIZIN.43,関鉄矢,遠藤来生,decisive,exact,遠藤来生
endoraiki,RIZIN,2025-06-14,RIZIN LANDMARK 11 in SAPPORO,ザーシバーディン,遠藤来生,decisive,exact,遠藤来生
endoraiki,DEEP,2020-03-01,DEEP 94 IMPACT,神田コウヤ,遠藤来生,decisive,exact,遠藤来生
ushiku-juntaro,パンクラス,2013-09-07,PANCRASE 251,柳井康作,牛久絢太郎,decisive,exact,牛久絢太郎
ushiku-juntaro,パンクラス,2013-05-19,PANCRASE247,柳井康作,牛久絢太郎,draw,exact,牛久絢太郎
ushiku-juntaro,パンクラス,2013-01-12,PANCRASE244,工藤修久,牛久絢太郎,decisive,exact,牛久絢太郎
ushiku-juntaro,パンクラス,2013-01-12,PANCRASE244,深澤駿,牛久絢太郎,decisive,exact,牛久絢太郎
ushiku-juntaro,パンクラス,2012-10-06,PANCRASE 2012 PROGRESS TOUR,高岡尚裕,牛久絢太郎,decisive,exact,牛久絢太郎
ushiku-juntaro,パンクラス,2012-08-05,PANCRASE 2012 PROGRESS TOUR,垣崎貴之,牛久絢太郎,decisive,exact,牛久絢太郎
kurobe-kazusa,修斗,2024-04-07,SHOOTO GIG TOKYO Vol.36,澤田 龍人,黒部 和沙,decisive,nfkc_whitespace,黒部和沙
kurobe-kazusa,修斗,2026-01-18,【第2部】PROFESSIONAL SHOOTO 2026 Vol.1,旭那 拳,黒部 和沙,decisive,nfkc_whitespace,黒部和沙
kurobe-kazusa,修斗,2026-05-31,PROFESSIONAL SHOOTO 2026 Vol.4 in OSAKA,田上 こゆる,黒部 和沙,decisive,nfkc_whitespace,黒部和沙
isao,パンクラス,2011-05-03,PANCRASE 2011 IMPRESSIVE TOUR,田村ヒビキ,ISAO,decisive,exact,ISAO
isao,パンクラス,2008-12-07,PANCRASE 2008 SHINING TOUR,徳重祐樹,ISAO,draw,exact,ISAO
isao,パンクラス,2008-10-01,PANCRASE 2008 SHINING TOUR,草ホンマン,ISAO,draw,exact,ISAO
nakajima-riku,修斗,2025-09-07,BORDER2025「The2nd」,ムテカツ,中島 陸,decisive,exact,中島 陸
nakajima-riku,修斗,2026-03-30,Lemino修斗.4,エリー ワイズ,中島 陸,decisive,exact,中島 陸
yuki-daiki,パンクラス,2016-03-13,PANCRASE276,河村泰博,結城大樹,decisive,nfkc_whitespace,結城 大樹
yuki-daiki,パンクラス,2015-12-20,PANCRASE 274,山口カケル,結城大樹,decisive,nfkc_whitespace,結城 大樹
tyson-nobumitsu,RIZIN,2018-12-31,Cygames presents RIZIN.14,トフィック・ムサエフ,大尊伸光,decisive,nfkc_whitespace,大尊 伸光
tyson-nobumitsu,RIZIN,2022-12-31,湘南美容クリニック presents RIZIN.40,ジョニー・ケース,大尊伸光,decisive,nfkc_whitespace,大尊 伸光
huang-jenny,パンクラス,2023-12-24,PANCRASE 340,SARAMI,ジェニー・ファン,decisive,quote_symbol,ジェニー ファン
huang-jenny,パンクラス,2022-12-25,PANCRASE 330,沙弥子,ジェニー・ファン,decisive,quote_symbol,ジェニー ファン
takamoto-chiyo,パンクラス,2023-09-24,PANCRASE 337,KAREN,高本千代,decisive,nfkc_whitespace,高本 千代
takamoto-chiyo,パンクラス,2023-04-30,PANCRASE 333,重田ホノカ,高本千代,decisive,nfkc_whitespace,高本 千代
tou-hoiin,修斗,2019-09-22,BORDER-season11-「The3rd」,後藤 陽駆,透 暉鷹,decisive,nfkc_whitespace,透暉鷹
tou-hoiin,修斗,2020-01-19,BORDER-season12-「The1st」,藤野 康弘,透 暉鷹,decisive,nfkc_whitespace,透暉鷹
goto-joji,修斗,2020-12-20,TTF CHALLENGE 09,服部 賢大,後藤 丈治,decisive,exact,後藤 丈治
goto-joji,パンクラス,2016-05-29,PANCRASE札幌大会,冨田正美,後藤丈治,decisive,nfkc_whitespace,後藤 丈治
goto-joji,パンクラス,2015-12-06,PANCRASE札幌大会2015,松浦孝弥,後藤丈治,draw,nfkc_whitespace,後藤 丈治
goto-joji,DEEP,2024-11-23,DEEP TOKYO IMPACT 2024 5th ROUND,マンド・グディエレス,後藤丈治,decisive,nfkc_whitespace,後藤 丈治
ito-yuki,DEEP,2021-05-05,DEEP 101 IMPACT,安谷屋智弘,伊藤裕樹,decisive,nfkc_whitespace,伊藤 裕樹
noel,修斗,2023-05-21,Colors（カラーズ）,井上 愛羅,NOEL,draw,exact,NOEL
kubo-yuta,RIZIN,2021-12-31,Yogibo presents RIZIN.33,シバター,久保優太,decisive,nfkc_whitespace,久保 優太
ohara-juri,パンクラス,2009-10-17,PANCRASE 2009 CHANGING TOUR,草ホンマン,大原樹理,draw,exact,大原樹理
ohara-juri,DEEP,2022-10-27,DEEP 86 IMPACT,岡村幸範,大原樹里,draw,exact,大原樹里
sekihara-sho,DEEP,2021-05-05,DEEP 101 IMPACT,ヒロヤ,関原 翔,decisive,nfkc_whitespace,関原翔
nakajima-taichi,パンクラス,2011-11-12,PANCRASE 2011 IMPRESSIVE TOUR,川原レイ,中島太一,draw,exact,中島太一
nakajima-taichi,パンクラス,2011-09-04,PANCRASE 2011 IMPRESSIVE TOUR,高津庸,中島太一,decisive,exact,中島太一
asahina-ken,修斗,2018-11-25,THE SHOOTO OKINAWA vol.1,ふじい ☆ ペリー,旭那 拳,decisive,exact,旭那 拳
umeki-yutoku,DEEP,2021-03-13,DEEP TOKYO IMPACT 2021,森脇公三,梅木勇徳,decisive,nfkc_whitespace,梅木 勇徳
yamauchi-wataru,RIZIN,2025-11-03,RIZIN LANDMARK 12 in KOBE,トニー・ララミー,山内渉,decisive,nfkc_whitespace,山内 渉
nojiri-yasuyuki,パンクラス,2019-09-01,Road to ONE:CENTURY,前田浩平,野尻定由,decisive,nfkc_whitespace,野尻 定由
azumi-kento,RIZIN,2023-06-24,RIZIN.43,渡辺トシキ,安海健人,decisive,nfkc_whitespace,安海 健人
aono-hikaru,DEEP,2019-12-15,DEEP 93 IMPACT,パク・シウ,青野ひかる,decisive,nfkc_whitespace,青野 ひかる
aono-hikaru,DEEP,2024-05-26,DEEP JEWELS 45,鈴木”BOSS”遥,青野ひかる,decisive,nfkc_whitespace,青野 ひかる
young-parkseo,RIZIN,2025-03-30,RIZIN.50,万智,パク・ソヨン,decisive,quote_symbol,パク ソヨン
aya-murakami,修斗,2026-01-18,【第1部】COLORS Produce by SHOOTO Vol.6,前澤 智,村上 彩,decisive,exact,村上 彩
aya-murakami,DEEP,2021-03-07,DEEP JEWELS 32,さくら,村上彩,decisive,nfkc_whitespace,村上 彩
kurobe-mina,修斗,2024-08-03,COLORS Produce by SHOOTO Vol.3,杉内 由紀,黒部 三奈,decisive,exact,黒部 三奈
kurobe-mina,修斗,2025-04-20,THE SHOOTO OKINAWA vol.12,小生 由紀,黒部 三奈,decisive,exact,黒部 三奈
kurobe-mina,パンクラス,2012-07-01,PANCRASE 2012 PROGRESS TOUR,紫乃ヴァンフース,黒部三奈,decisive,nfkc_whitespace,黒部 三奈
kurobe-mina,DEEP,2015-11-23,DEEP JEWELS 10,スギロック,黒部三奈,decisive,nfkc_whitespace,黒部 三奈
hoshuyama-momoka,パンクラス,2022-09-11,PANCRASE 329,KAREN,宝珠山桃花,decisive,nfkc_whitespace,宝珠山 桃花
takada-atsuhi,DEEP,2023-04-16,DEEP NAGOYA 2023 公武堂ファイト1st ROUND,大野真由美,高田暖妃,decisive,nfkc_whitespace,高田 暖妃
nada,DEEP,2018-04-08,DEEP CAGE IMPACT 2018 in大阪,藤﨑航汰,名田英平,decisive,exact,名田英平
satoyujibonsai,DEEP,2024-05-12,DEEP CAGE IMPACT 2024 in HAMAMATSU,夏目涼祐,佐藤ゆうじ,decisive,exact,佐藤ゆうじ
hamamoto,RIZIN,2023-05-06,RIZIN.42,ラマザン・テミロフ,浜本“キャット”雄大,decisive,quote_symbol,浜本キャット雄大
