slug	name	date	event	opponent	methodRaw	xref_org	xref_ruleType	xref_event	xref_opponent	xref_method	xref_heading
takumi-terada	寺田 匠	2024-02-24	RIZIN LANDMARK 8 in SAGA	冨永武聖	1R TKO	RIZIN	キックボクシング	RIZIN LANDMARK 8 in SAGA	冨永武聖	1R 1分54秒 TKO（3ノックダウン）	第1試合／寺田匠 vs. 冨永武聖
furumura-kyohei	古村 匡平	2024-02-24	RIZIN LANDMARK 8 in SAGA	REITO BRAVELY	1R 1分49秒 TKO（レフェリーストップ）	RIZIN	キックボクシング	RIZIN LANDMARK 8 in SAGA	REITO BRAVELY	1R 1分49秒 TKO（レフェリーストップ）	OPENING FIGHT 第3試合／REITO BRAVELY vs. 古村匡平
rikito	力斗	2024-02-24	RIZIN LANDMARK 8 in SAGA	般若HASHIMOTO	3R 判定（0-3）	RIZIN	キックボクシング	RIZIN LANDMARK 8 in SAGA	般若HASHIMOTO	3R 判定（0-3）	OPENING FIGHT 第2試合／般若HASHIMOTO vs. 力斗
ishigo-keito	石郷 慶人	2024-02-24	RIZIN LANDMARK 8 in SAGA	片島聡志	3R 判定（0-2）	RIZIN	キックボクシング	RIZIN LANDMARK 8 in SAGA	片島聡志	3R 判定（0-2）	OPENING FIGHT 第1試合／石郷慶人 vs. 片島聡志
reito-bravely-163	REITO BRAVELY	2024-02-24	RIZIN LANDMARK 8 in SAGA	古村匡平	1R 1分49秒 TKO（レフェリーストップ）	RIZIN	キックボクシング	RIZIN LANDMARK 8 in SAGA	古村匡平	1R 1分49秒 TKO（レフェリーストップ）	OPENING FIGHT 第3試合／REITO BRAVELY vs. 古村匡平
katashima-satoshi	片島 聡志	2024-02-24	RIZIN LANDMARK 8 in SAGA	石郷慶人	3R 判定（0-2）	RIZIN	キックボクシング	RIZIN LANDMARK 8 in SAGA	石郷慶人	3R 判定（0-2）	OPENING FIGHT 第1試合／石郷慶人 vs. 片島聡志
hannya-hashimoto	般若HASHIMOTO	2024-02-24	RIZIN LANDMARK 8 in SAGA	力斗	3R 判定（0-3）	RIZIN	キックボクシング	RIZIN LANDMARK 8 in SAGA	力斗	3R 判定（0-3）	OPENING FIGHT 第2試合／般若HASHIMOTO vs. 力斗
takekiyo-tominaga	冨永武聖	2024-02-24	RIZIN LANDMARK 8 in SAGA	寺田 匠	1R TKO	RIZIN	キックボクシング	RIZIN LANDMARK 8 in SAGA	寺田匠	1R 1分54秒 TKO（3ノックダウン）	第1試合／寺田匠 vs. 冨永武聖
taiga	大雅	2019-04-21	RIZIN.15	タリソン・ゴメス・フェレイラ	2R 2分34秒 TKO(3ノックダウン)	RIZIN	キックボクシング	RIZIN.15	タリソン・ゴメス・フェレイラ	2R 2分34秒 TKO(3ノックダウン)	第1試合
tenshin-nasukawa	那須川天心	2019-04-21	RIZIN.15	フリッツ・ビアグタン	3R KO	RIZIN	キックボクシング	RIZIN.15	フリッツ・ビアグタン	3R 1分24秒 TKO(レフェリーストップ)	第11試合
yuya	憂也	2024-03-23	RIZIN LANDMARK 9 in KOBE	蛇鬼将矢	2R TKO	RIZIN	キックボクシング	RIZIN LANDMARK 9 in KOBE	蛇鬼将矢	2R 2分25秒 TKO（レフェリーストップ）	第2試合／憂也 vs. 蛇鬼将矢
buakao-banchameku	ブアカーオ・バンチャメーク	2024-03-23	RIZIN LANDMARK 9 in KOBE	木村“フィリップ”ミノル	2R 1分10秒 KO（右ストレート）	RIZIN	キックボクシング	RIZIN LANDMARK 9 in KOBE	木村“フィリップ”ミノル	2R 1分10秒 KO（右ストレート）	第3試合／ブアカーオ・バンチャメーク vs. 木村“フィリップ”ミノル
shun-matsuyama	松山 瞬	2024-03-23	RIZIN LANDMARK 9 in KOBE	櫻井芯	3R 1分55秒 KO（右ストレート）	RIZIN	キックボクシング	RIZIN LANDMARK 9 in KOBE	櫻井芯	3R 1分55秒 KO（右ストレート）	OPENING FIGHT 第2試合／松山瞬 vs. 櫻井芯
aoi-noda	野田蒼	2024-03-23	RIZIN LANDMARK 9 in KOBE	上村雄音	2R TKO	RIZIN	キックボクシング	RIZIN LANDMARK 9 in KOBE	上村雄音	2R 1分35秒 TKO（レフェリーストップ）	OPENING FIGHT 第3試合／野田蒼 vs. 上村雄音
jaki-masaya	蛇鬼将矢	2024-03-23	RIZIN LANDMARK 9 in KOBE	憂也	2R 2分25秒 TKO（レフェリーストップ）	RIZIN	キックボクシング	RIZIN LANDMARK 9 in KOBE	憂也	2R 2分25秒 TKO（レフェリーストップ）	第2試合／憂也 vs. 蛇鬼将矢
kimura-philip-minoru	木村“フィリップ”ミノル	2024-03-23	RIZIN LANDMARK 9 in KOBE	ブアカーオ・バンチャメーク	2R 1分10秒 KO（右ストレート）	RIZIN	キックボクシング	RIZIN LANDMARK 9 in KOBE	ブアカーオ・バンチャメーク	2R 1分10秒 KO（右ストレート）	第3試合／ブアカーオ・バンチャメーク vs. 木村“フィリップ”ミノル
yuto-uemura	上村雄音	2024-03-23	RIZIN LANDMARK 9 in KOBE	野田 蒼	2R TKO	RIZIN	キックボクシング	RIZIN LANDMARK 9 in KOBE	野田蒼	2R 1分35秒 TKO（レフェリーストップ）	OPENING FIGHT 第3試合／野田蒼 vs. 上村雄音
yuya	憂也	2022-03-20	湘南美容クリニック presents RIZIN.34	洋輔YAMATO	2R KO	RIZIN	キックボクシング	湘南美容クリニック presents RIZIN.34	洋輔YAMATO	2R 2分51秒 TKO（レフェリーストップ）	第6試合／ 憂也 vs. 洋輔YAMATO
jin-mandokoro	政所 仁	2022-03-20	湘南美容クリニック presents RIZIN.34	佐藤執斗	ノーコンテスト	RIZIN	キックボクシング	湘南美容クリニック presents RIZIN.34	佐藤執斗	1R 1分30秒 ノーコンテスト（青コーナー佐藤 アクシデントによる負傷）	第4試合／ 政所仁 vs. 佐藤執斗
taiga	大雅	2022-03-20	湘南美容クリニック presents RIZIN.34	髙橋亮	3R判定	RIZIN	キックボクシング	湘南美容クリニック presents RIZIN.34	髙橋亮	3R 判定 ドロー（1-0）	第10試合／ 大雅 vs. 髙橋亮
kouji	皇治	2022-03-20	湘南美容クリニック presents RIZIN.34	梅野源治	3R 判定 （2-0）	RIZIN	キックボクシング	湘南美容クリニック presents RIZIN.34	梅野源治	3R 判定 （2-0）	第15試合／ 皇治 vs. 梅野源治
ryo-takahashi	髙橋 亮	2022-03-20	湘南美容クリニック presents RIZIN.34	大雅	3R 判定	RIZIN	キックボクシング	湘南美容クリニック presents RIZIN.34	大雅	3R 判定 ドロー（1-0）	第10試合／ 大雅 vs. 髙橋亮
sho-ogawa	小川翔	2022-03-20	湘南美容クリニック presents RIZIN.34	山畑雄摩	1R KO	RIZIN	キックボクシング	湘南美容クリニック presents RIZIN.34	山畑雄摩	1R 2分52秒 TKO（3ノックダウン）	第2試合／ 山畑雄摩 vs. 小川翔
yuma-yamahata	山畑雄摩	2022-03-20	湘南美容クリニック presents RIZIN.34	小川翔	1RKO	RIZIN	キックボクシング	湘南美容クリニック presents RIZIN.34	小川翔	1R 2分52秒 TKO（3ノックダウン）	第2試合／ 山畑雄摩 vs. 小川翔
umeno-genji	梅野源治	2022-03-20	湘南美容クリニック presents RIZIN.34	皇治	3R判定	RIZIN	キックボクシング	湘南美容クリニック presents RIZIN.34	皇治	3R 判定 （2-0）	第15試合／ 皇治 vs. 梅野源治
yuya	憂也	2020-02-22	RIZIN.21	康輝	1R 2分30秒 KO（パンチ連打）	RIZIN	キックボクシング	RIZIN.21	康輝	1R 2分30秒 KO（パンチ連打）	OPENING FIGHT 第2試合
seido	SEIDO	2020-02-22	RIZIN.21	ヘンリー・セハス	3R判定	RIZIN	キックボクシング	RIZIN.21	ヘンリー・セハス	3R 判定 （3-0）	OPENING FIGHT 第3試合
jitsukata-kosuke	実方 宏介	2020-02-22	RIZIN.21	酒井リョウ	1R 1分28秒 KO（右フック）	RIZIN	キックボクシング	RIZIN.21	酒井リョウ	1R 1分28秒 KO（右フック）	第2試合／スペシャルワンマッチ
koki-4	康輝	2020-02-22	RIZIN.21	憂也	1R 2分30秒 KO（パンチ連打）	RIZIN	キックボクシング	RIZIN.21	憂也	1R 2分30秒 KO（パンチ連打）	OPENING FIGHT 第2試合
takeuchi-kenichi	竹内賢一	2020-02-22	RIZIN.21	直也	3R 判定 （3-0）	RIZIN	キックボクシング	RIZIN.21	直也	3R 判定 （3-0）	第1試合／スペシャルワンマッチ
naoya	直也	2020-02-22	RIZIN.21	竹内賢一	3R 判定 （3-0）	RIZIN	キックボクシング	RIZIN.21	竹内賢一	3R 判定 （3-0）	第1試合／スペシャルワンマッチ
yuya	憂也	2019-06-02	RIZIN.16	田中STRIKE雄基	1R 2分45秒 TKO	RIZIN	キックボクシング	RIZIN.16	田中STRIKE雄基	1R 2分45秒 TKO	第1試合／スペシャルワンマッチ（オープニングマッチ）
tanaka-strike-yuki	田中STRIKE雄基	2019-06-02	RIZIN.16	憂也	1R 2分45秒 TKO	RIZIN	キックボクシング	RIZIN.16	憂也	1R 2分45秒 TKO	第1試合／スペシャルワンマッチ（オープニングマッチ）
horio-ryuji	堀尾 竜司	2019-06-02	RIZIN.16	国崇	3R 判定（0-3）	RIZIN	キックボクシング	RIZIN.16	国崇	3R 判定（0-3）	第7試合／スペシャルワンマッチ
seiki-ueyama	植山征紀	2019-06-02	RIZIN.16	拳剛	1R TKO	RIZIN	キックボクシング	RIZIN.16	拳剛	1R 2分42秒 TKO	第2試合／スペシャルワンマッチ（オープニングマッチ）
kunitaka	国崇	2019-06-02	RIZIN.16	堀尾竜司	3R 判定（0-3）	RIZIN	キックボクシング	RIZIN.16	堀尾竜司	3R 判定（0-3）	第7試合／スペシャルワンマッチ
hiroto-yamaguchi	山口裕人	2019-06-02	RIZIN.16	白鳥大珠	3R 判定（0-3）	RIZIN	キックボクシング	RIZIN.16	白鳥大珠	3R 判定（0-3）	第5試合／スペシャルワンマッチ
taiju-shiratori	白鳥大珠	2019-06-02	RIZIN.16	山口裕人	3R 判定（0-3）	RIZIN	キックボクシング	RIZIN.16	山口裕人	3R 判定（0-3）	第5試合／スペシャルワンマッチ
kengo	拳剛	2019-06-02	RIZIN.16	植山征紀	1R 2分42秒 TKO	RIZIN	キックボクシング	RIZIN.16	植山征紀	1R 2分42秒 TKO	第2試合／スペシャルワンマッチ（オープニングマッチ）
tenshin-nasukawa	那須川天心	2019-06-02	RIZIN.16	マーティン・ブランコ	2R KO	RIZIN	キックボクシング	RIZIN.16	マーティン・ブランコ	2R 2分19秒 KO	第14試合／ISKA世界フェザー級タイトルマッチ
kan-nakamura	中村 寛	2019-06-02	RIZIN.16	一刀	2R KO	RIZIN	キックボクシング	RIZIN.16	一刀	2R 0分18秒 KO	第3試合／スペシャルワンマッチ
takiya-shouta	瀧谷渉太	2019-08-18	GOOD SPEED presents RIZIN.18	大﨑一貴	3R 判定（0-3）	RIZIN	キックボクシング	GOOD SPEED presents RIZIN.18	大﨑一貴	3R 判定（0-3）	第2試合
jon-uein-pa	ジョン・ウェイン・パー	2019-08-18	GOOD SPEED presents RIZIN.18	ダニロ・ザノリニ	3R 判定（1-2）	RIZIN	キックボクシング	GOOD SPEED presents RIZIN.18	ダニロ・ザノリニ	3R 判定（1-2）	第9試合
horio-ryuji	堀尾 竜司	2019-08-18	GOOD SPEED presents RIZIN.18	桜井宇宙	3R 判定（3-0）	RIZIN	キックボクシング	GOOD SPEED presents RIZIN.18	桜井宇宙	3R 判定（3-0）	第1試合
daniro-zanorini	ダニロ・ザノリニ	2019-08-18	GOOD SPEED presents RIZIN.18	ジョン・ウェイン・パー	3R 判定（1-2）	RIZIN	キックボクシング	GOOD SPEED presents RIZIN.18	ジョン・ウェイン・パー	3R 判定（1-2）	第9試合
takiya-shouta	瀧谷渉太	2018-08-12	RWEDDINGS presents RIZIN.12	佐藤執斗	3R 判定 3-0	RIZIN	キックボクシング	RWEDDINGS presents RIZIN.12	佐藤執斗	3R 判定 3-0	第1試合
sho-ogawa	小川翔	2018-08-12	RWEDDINGS presents RIZIN.12	海人	3R 判定 3-0	RIZIN	キックボクシング	RWEDDINGS presents RIZIN.12	海人	3R 判定 3-0	第5試合
naoya	直也	2018-08-12	RWEDDINGS presents RIZIN.12	Ryuki	3R 判定 3-0	RIZIN	キックボクシング	RWEDDINGS presents RIZIN.12	Ryuki	3R 判定 3-0	第3試合
hannya-hashimoto	般若HASHIMOTO	2018-08-12	RWEDDINGS presents RIZIN.12	内藤大樹	2R 1分53秒 TKO（3ノックダウン）	RIZIN	キックボクシング	RWEDDINGS presents RIZIN.12	内藤大樹	2R 1分53秒 TKO（3ノックダウン）	第8試合
ryuki	Ryuki	2018-08-12	RWEDDINGS presents RIZIN.12	直也	3R 判定 3-0	RIZIN	キックボクシング	RWEDDINGS presents RIZIN.12	直也	3R 判定 3-0	第3試合
matsukura-shintaro	松倉 信太郎	2018-08-12	RWEDDINGS presents RIZIN.12	奥山貴大	2R 2分32秒 KO	RIZIN	キックボクシング	RWEDDINGS presents RIZIN.12	奥山貴大	2R 2分32秒 KO	第2試合
hisadome-takuma	久留 拓磨	2026-05-31	DEEP HAMAMATSU IMPACT 2026 1ST ROUND	仁	3R 判定	DEEP	unknown	DEEP HAMAMATSU IMPACT 2026 1ST ROUND	仁	判定3-0	DEEP 62.5kg以下 3分3R KICKルール
kaneko-tetsuya	金子 徹哉	2026-05-31	DEEP HAMAMATSU IMPACT 2026 1ST ROUND	平田 大地	3R 判定	DEEP	unknown	DEEP HAMAMATSU IMPACT 2026 1ST ROUND	平田大地	判定3-0	DEEP 60kg以下 3分3R KICKルール
jin	仁	2026-05-31	DEEP HAMAMATSU IMPACT 2026 1ST ROUND	久留拓磨	3R 判定	DEEP	unknown	DEEP HAMAMATSU IMPACT 2026 1ST ROUND	久留拓磨	判定3-0	DEEP 62.5kg以下 3分3R KICKルール
gono-akihiro	郷野 聡寛	2005-03-06	パンクラス PANCRASE 2005 SPIRAL TOUR	桜木裕司	2R 1:17 KO（右ストレート）	PANCRASE	キックボクシング	PANCRASE 2005 SPIRAL TOUR	桜木裕司	2R 1分17秒、KO/パンチ	メインイベント 全日本キックボクシング連盟公式試合 ヘビー級 3分5ラウンド
rui-ebata	江幡 塁	2020-08-09	RIZIN.22	植山征紀	3R判定	RIZIN	キックボクシング	RIZIN.22 - STARTING OVER -	植山征紀	3R 判定 （3-0）	第5試合／スペシャルワンマッチ 江幡塁 vs. 植山征紀
rui-ebata	江幡 塁	2019-12-31	RIZIN.20	那須川天心	1R 2分46秒 TKO（3ノックダウン）	RIZIN	キックボクシング	RIZIN.20	那須川天心	1R 2分46秒 TKO（3ノックダウン）	第14試合／スペシャルワンマッチ
taiga	大雅	2019-12-31	RIZIN.20	白鳥大珠	2R TKO	RIZIN	キックボクシング	RIZIN.20	白鳥大珠	2R終了 TKO（レフェリーストップ：負傷）	第4試合／スペシャルワンマッチ
taiju-shiratori	白鳥大珠	2019-12-31	RIZIN.20	大雅	2R TKO	RIZIN	キックボクシング	RIZIN.20	大雅	2R終了 TKO（レフェリーストップ：負傷）	第4試合／スペシャルワンマッチ
tenshin-nasukawa	那須川天心	2019-12-31	RIZIN.20	江幡 塁	1R KO	RIZIN	キックボクシング	RIZIN.20	江幡塁	1R 2分46秒 TKO（3ノックダウン）	第14試合／スペシャルワンマッチ
nakagawa-kota	仲川 広汰	2022-02-23	SPASHAN HPS presents RIZIN TRIGGER 2nd	大樹	3R 判定 （3-0）	RIZIN	キックボクシング	SPASHAN HPS presents RIZIN TRIGGER 2nd	大樹	3R 判定 （3-0）	第2試合／スペシャルワンマッチ 大樹 vs. 仲川広汰
koki-takeuchi	竹内皇貴	2022-02-23	SPASHAN HPS presents RIZIN TRIGGER 2nd	北川裕紀	3R 判定	RIZIN	キックボクシング	SPASHAN HPS presents RIZIN TRIGGER 2nd	北川裕紀	3R 判定 （0-3）	第4試合／スペシャルワンマッチ 北川裕紀 vs. 竹内皇貴
taiki-matsui	松井大樹	2022-02-23	SPASHAN HPS presents RIZIN TRIGGER 2nd	MASANARI	3R判定	RIZIN	キックボクシング	SPASHAN HPS presents RIZIN TRIGGER 2nd	MASANARI	3R 判定 （0-3）	第3試合／スペシャルワンマッチ MASANARI vs. 松井大樹
asahisa-taio	朝久 泰央	2026-04-12	大和開発 presents RIZIN LANDMARK 13 in FUKUOKA	シンパヤック・ハマジム	1R 1分45秒 TKO（レフェリーストップ）	RIZIN	キックボクシング	大和開発 presents RIZIN LANDMARK 13 in FUKUOKA	シンパヤック・ハマジム	1R 1分45秒 TKO（レフェリーストップ）	第7試合／朝久泰央 vs. シンパヤック・ハマジム
yuuki	YU-KI	2026-04-12	大和開発 presents RIZIN LANDMARK 13 in FUKUOKA	今村流星	2R 0分58秒 TKO（レフェリーストップ）	RIZIN	キックボクシング	大和開発 presents RIZIN LANDMARK 13 in FUKUOKA	今村流星	2R 0分58秒 TKO（レフェリーストップ）	OPENING FIGHT第1試合／今村流星 vs. YU-KI
shinpayaku-hamajimu	シンパヤック・ハマジム	2026-04-12	大和開発 presents RIZIN LANDMARK 13 in FUKUOKA	朝久泰央	1R 1分45秒 TKO（レフェリーストップ）	RIZIN	キックボクシング	大和開発 presents RIZIN LANDMARK 13 in FUKUOKA	朝久泰央	1R 1分45秒 TKO（レフェリーストップ）	第7試合／朝久泰央 vs. シンパヤック・ハマジム
imamura-ryusei	今村 流星	2026-04-12	大和開発 presents RIZIN LANDMARK 13 in FUKUOKA	YU-KI	2R 0分58秒 TKO（レフェリーストップ）	RIZIN	キックボクシング	大和開発 presents RIZIN LANDMARK 13 in FUKUOKA	YU-KI	2R 0分58秒 TKO（レフェリーストップ）	OPENING FIGHT第1試合／今村流星 vs. YU-KI
asahisa-taio	朝久 泰央	2025-05-04	RIZIN男祭り	ウザ強ヨシヤ	2R 1分16秒 TKO（レフェリーストップ：左ハイキック）	RIZIN	キックボクシング	RIZIN男祭り	ウザ強ヨシヤ	2R 1分16秒 TKO（レフェリーストップ：左ハイキック）	第3試合／朝久泰央 vs. ウザ強ヨシヤ
hashimoto-futa	橋本 楓汰	2025-05-04	RIZIN男祭り	赤平大治	3R判定（0-3）	RIZIN	キックボクシング	RIZIN男祭り	赤平大治	3R判定（0-3）	OPENING FIGHT 第1試合／赤平大治 vs. 橋本楓汰
uzatsuyo-yoshiya	ウザ強ヨシヤ	2025-05-04	RIZIN男祭り	朝久泰央	2R 1分16秒 TKO（レフェリーストップ：左ハイキック）	RIZIN	キックボクシング	RIZIN男祭り	朝久泰央	2R 1分16秒 TKO（レフェリーストップ：左ハイキック）	第3試合／朝久泰央 vs. ウザ強ヨシヤ
asahisa-taio	朝久 泰央	2024-12-31	RIZIN DECADE 雷神番外地	YURA	3R 3分00秒 判定（3-0）	RIZIN	キックボクシング	RIZIN DECADE 雷神番外地	YURA	3R 3分00秒 判定（3-0）	第3試合／YURA vs. 朝久泰央
shinotsuka-tatsuki	篠塚 辰樹	2024-12-31	RIZIN DECADE 雷神番外地	野田蒼	1R 2分07秒 TKO（スリーノックダウン）	RIZIN	キックボクシング	RIZIN DECADE 雷神番外地	野田蒼	1R 2分07秒 TKO（スリーノックダウン）	第5試合／野田蒼 vs. 篠塚辰樹
aoi-noda	野田蒼	2024-12-31	RIZIN DECADE 雷神番外地	篠塚辰樹	1R 2分07秒 TKO（スリーノックダウン）	RIZIN	キックボクシング	RIZIN DECADE 雷神番外地	篠塚辰樹	1R 2分07秒 TKO（スリーノックダウン）	第5試合／野田蒼 vs. 篠塚辰樹
yusaku-ishizuki	石月祐作	2022-07-31	RIZIN.37	笠原弘希	3R 判定	RIZIN	キックボクシング	湘南美容クリニック presents RIZIN.37	笠原弘希	3R 判定 （3-0）	第2試合 ／笠原弘希 vs. 石月祐作
hiroki-kasahara	笠原弘希	2022-07-31	RIZIN.37	石月 祐作	3R 判定	RIZIN	キックボクシング	湘南美容クリニック presents RIZIN.37	石月祐作	3R 判定 （3-0）	第2試合 ／笠原弘希 vs. 石月祐作
ryusei-2	龍聖	2022-07-31	RIZIN.37	魁志	3R 1:23 KO	RIZIN	キックボクシング	湘南美容クリニック presents RIZIN.37	魁志	3R 1分23秒 TKO（レフェリーストップ）	第3試合 ／龍聖 vs. 魁志
shin-sakurai	櫻井 芯	2023-04-01	RIZIN.41	麻太郎	3R 判定	RIZIN	キックボクシング	RIZIN.41	麻太郎	3R 判定 （3-0）	OPENING FIGHT 第2試合／麻太郎 vs. 櫻井芯
motoki	元氣	2023-04-01	RIZIN.41	駿	1R KO	RIZIN	キックボクシング	RIZIN.41	駿	1R 1分37秒 KO（スタンドパンチ）	第2試合／駿 vs. 元氣
kouji	皇治	2023-04-01	RIZIN.41	芦澤竜誠	3R 判定 （1-2）	RIZIN	キックボクシング	RIZIN.41	芦澤竜誠	3R 判定 （1-2）	第10試合／皇治 vs. 芦澤竜誠
sota-cerberus-kimura	木村“ケルベロス”颯太	2023-04-01	RIZIN.41	進撃の祐基	3R KO	RIZIN	キックボクシング	RIZIN.41	進撃の祐基	3R 1分32秒 TKO（レフェリーストップ）	第1試合／進撃の祐基 vs. 木村“ケルベロス”颯太
shingekinoyuki	進撃の祐基	2023-04-01	RIZIN.41	木村“ケルベロス”颯太	3R 1分32秒 TKO（レフェリーストップ）	RIZIN	キックボクシング	RIZIN.41	木村“ケルベロス”颯太	3R 1分32秒 TKO（レフェリーストップ）	第1試合／進撃の祐基 vs. 木村“ケルベロス”颯太
ashizawa-ryuusei	芦澤竜誠	2023-04-01	RIZIN.41	皇治	3R 判定 （1-2）	RIZIN	キックボクシング	RIZIN.41	皇治	3R 判定 （1-2）	第10試合／皇治 vs. 芦澤竜誠
asataro	麻太郎	2023-04-01	RIZIN.41	櫻井芯	3R 判定	RIZIN	キックボクシング	RIZIN.41	櫻井芯	3R 判定 （3-0）	OPENING FIGHT 第2試合／麻太郎 vs. 櫻井芯
rikiya	力也	2022-04-16	SPASHAN presents RIZIN TRIGGER 3rd	大谷翔司	1R 2分52秒 TKO（3ノックダウン）	RIZIN	キックボクシング	SPASHAN presents RIZIN TRIGGER 3rd	大谷翔司	1R 2分52秒 TKO（3ノックダウン）	第1試合 ／大谷翔司 vs. 力也
otani-shoji	大谷 翔司	2022-04-16	SPASHAN presents RIZIN TRIGGER 3rd	力也	1R 2分52秒 TKO（3ノックダウン）	RIZIN	キックボクシング	SPASHAN presents RIZIN TRIGGER 3rd	力也	1R 2分52秒 TKO（3ノックダウン）	第1試合 ／大谷翔司 vs. 力也
kunimoto-masayoshi	國本 真義	2021-03-21	Yogibo presents RIZIN.27	佐藤執斗	3R 判定 （ドロー：0-1）	RIZIN	キックボクシング	Yogibo presents RIZIN.27	佐藤執斗	3R 判定 （ドロー：0-1）	第4試合 スペシャルワンマッチ／佐藤執斗 vs. 國本真義
taiga	大雅	2021-03-21	Yogibo presents RIZIN.27	基山幹太	3R 判定	RIZIN	キックボクシング	Yogibo presents RIZIN.27	基山幹太	3R 判定 （3-0）	第9試合 スペシャルワンマッチ／大雅 vs. 基山幹太
hiroki-2	弘樹	2021-03-21	Yogibo presents RIZIN.27	内藤凌太	3R 判定 （3-0）	RIZIN	キックボクシング	Yogibo presents RIZIN.27	内藤凌太	3R 判定 （3-0）	第2試合 スペシャルワンマッチ／内藤凌太 vs. 弘樹
motoki	元氣	2025-11-03	RIZIN LANDMARK 12 in KOBE	林眞平	3R 判定（0-3）	RIZIN	キックボクシング	RIZIN LANDMARK 12 in KOBE	林眞平	3R 判定（0-3）	OPENING FIGHT 第2試合／元氣 vs. 林眞平
hayashi-shinpei	林 眞平	2025-11-03	RIZIN LANDMARK 12 in KOBE	元氣	3R 判定（0-3）	RIZIN	キックボクシング	RIZIN LANDMARK 12 in KOBE	元氣	3R 判定（0-3）	OPENING FIGHT 第2試合／元氣 vs. 林眞平
shoma-2	翔磨	2025-11-03	RIZIN LANDMARK 12 in KOBE	赤平大治	3R 判定（3-0）	RIZIN	キックボクシング	RIZIN LANDMARK 12 in KOBE	赤平大治	3R 判定（3-0）	OPENING FIGHT 第4試合／赤平大治 vs. 翔磨
motoki	元氣	2022-03-20	RIZIN34	笠原友希	1R TKO	RIZIN	キックボクシング	湘南美容クリニック presents RIZIN.34	笠原友希	1R 2分24秒 TKO（レフェリーストップ）	第5試合／ 笠原友希 vs. 元氣
shosuke-iwanaga	岩永勝亮	2024-10-06	DEEP HAMAMATSU IMPACT 2024	一樹	3R 判定	DEEP	unknown	DEEP HAMAMATSU IMPACT 2024	一樹	判定0-3	DEEP 58kg以下 KICKルール 3分3R
jin-mandokoro	政所 仁	2021-11-28	RIZIN TRIGGER 1st	平松 侑	2R KO	RIZIN	キックボクシング	RIZIN TRIGGER 1st	平松侑	2R 1分08秒 TKO（レフェリーストップ）	第5試合／スペシャルワンマッチ 政所仁 vs. 平松侑
teparito-joujimu	テーパリット・ジョウジム	2021-11-28	RIZIN TRIGGER 1st	市村大斗	2RKO	RIZIN	キックボクシング	RIZIN TRIGGER 1st	市村大斗	2R 2分54秒 TKO（レフェリーストップ）	第4試合／スペシャルワンマッチ 市村大斗 vs. テーパリット・ジョウジム
momoka-2	百花	2021-11-28	RIZIN TRIGGER 1st	未來	3R判定	RIZIN	キックボクシング	RIZIN TRIGGER 1st	未來	3R 判定 （3-0）	第3試合／スペシャルワンマッチ 百花 vs. 未來
jin-mandokoro	政所 仁	2020-11-21	Yogibo presents RIZIN.25	佐藤執斗	3R 判定 （3-0）	RIZIN	キックボクシング	Yogibo presents RIZIN.25	佐藤執斗	3R 判定 （3-0）	第2試合 スペシャルワンマッチ／政所仁 vs. 佐藤執斗
taiga	大雅	2020-11-21	Yogibo presents RIZIN.25	山畑雄摩	3R判定	RIZIN	キックボクシング	Yogibo presents RIZIN.25	山畑雄摩	3R 判定 （3-0）	第5試合 スペシャルワンマッチ／大雅 vs. 山畑雄摩
sano-isami	佐野 勇海	2020-11-21	Yogibo presents RIZIN.25	江畑秀範	3R 判定 （0-3）	RIZIN	キックボクシング	Yogibo presents RIZIN.25	江畑秀範	3R 判定 （0-3）	第4試合 スペシャルワンマッチ／江畑秀範 vs. 佐野勇海
yuma-yamaguchi	山口侑馬	2020-11-21	Yogibo presents RIZIN.25	麻原将平	3RTKO	RIZIN	キックボクシング	Yogibo presents RIZIN.25	麻原将平	3R 2分59秒 TKO（レフェリーストップ）	第1試合 スペシャルワンマッチ／山口侑馬 vs. 麻原将平
yuma-yamahata	山畑雄摩	2020-11-21	Yogibo presents RIZIN.25	大雅	3R 判定 （3-0）	RIZIN	キックボクシング	Yogibo presents RIZIN.25	大雅	3R 判定 （3-0）	第5試合 スペシャルワンマッチ／大雅 vs. 山畑雄摩
shohei-asahara	麻原将平	2020-11-21	Yogibo presents RIZIN.25	山口侑馬	3RKO	RIZIN	キックボクシング	Yogibo presents RIZIN.25	山口侑馬	3R 2分59秒 TKO（レフェリーストップ）	第1試合 スペシャルワンマッチ／山口侑馬 vs. 麻原将平
yuki	裕樹	2017-10-15	RIZIN.7	ダルビッシュ黒木	3R 判定	RIZIN	unknown	RIZIN.7 RIZIN FIGHTING WORLD GRAND-PRIX 2017 バンタム級トーナメント＆女子スーパーアトム級トーナメント1st ROUND -秋の陣-	ダルビッシュ黒木	判定 ドロー	第2試合
ishikawa-naoki-2	石川 直樹	2021-10-24	Yogibo presents RIZIN.31	吉成名高	1R 2分30秒 TKO（3ノックダウン）	RIZIN	キックボクシング	Yogibo presents RIZIN.31	吉成名高	1R 2分30秒 TKO（3ノックダウン）	第4試合／スペシャルワンマッチ 吉成名高 vs. 石川直樹
oinuma-ryuto	老沼 隆斗	2021-10-24	Yogibo presents RIZIN.31	奥脇竜哉	3R 判定 （2-0）	RIZIN	キックボクシング	Yogibo presents RIZIN.31	奥脇竜哉	3R 判定 （2-0）	第1試合／スペシャルワンマッチ 奥脇竜哉 vs. 老沼隆斗
ueno-kanata	上野 奏貴	2025-06-14	RIZIN LANDMARK 11 in SAPPORO	山川賢誠	3R 判定（3-0）	RIZIN	キックボクシング	RIZIN LANDMARK 11 in SAPPORO	山川賢誠	3R 判定（3-0）	第1試合／上野奏貴 vs. 山川賢誠
kyohei-nishijima	西島恭平	2025-06-14	RIZIN LANDMARK 11 in SAPPORO	林 修斗	3R 判定	RIZIN	キックボクシング	RIZIN LANDMARK 11 in SAPPORO	林修斗	3R 判定（0-3）	OPENING FIGHT 第2試合／西島恭平 vs. 林修斗
ueno-kuto	上野 空大	2025-06-14	RIZIN LANDMARK 11 in SAPPORO	ファーパヤップ・GRABS	3R 判定（3-0）	RIZIN	キックボクシング	RIZIN LANDMARK 11 in SAPPORO	ファーパヤップ・GRABS	3R 判定（3-0）	第4試合／上野空大 vs. ファーパヤップ・GRABS
farphayap-grabs	ファーパヤップ・GRABS	2025-06-14	RIZIN LANDMARK 11 in SAPPORO	上野空大	3R 判定（3-0）	RIZIN	キックボクシング	RIZIN LANDMARK 11 in SAPPORO	上野空大	3R 判定（3-0）	第4試合／上野空大 vs. ファーパヤップ・GRABS
uzawa-yuya	鵜澤 悠也	2025-06-14	RIZIN LANDMARK 11 in SAPPORO	としぞう	3R 判定（0-3）	RIZIN	キックボクシング	RIZIN LANDMARK 11 in SAPPORO	としぞう	3R 判定（0-3）	第2試合／としぞう vs. 鵜澤悠也
kensei-yamakawa	山川賢誠	2025-06-14	RIZIN LANDMARK 11 in SAPPORO	上野奏貴	3R 判定（3-0）	RIZIN	キックボクシング	RIZIN LANDMARK 11 in SAPPORO	上野奏貴	3R 判定（3-0）	第1試合／上野奏貴 vs. 山川賢誠
toshizou	としぞう	2025-06-14	RIZIN LANDMARK 11 in SAPPORO	鵜澤悠也	3R 判定（0-3）	RIZIN	キックボクシング	RIZIN LANDMARK 11 in SAPPORO	鵜澤悠也	3R 判定（0-3）	第2試合／としぞう vs. 鵜澤悠也
hirokatsu-miyagi	宮城寛克	2022-07-02	RIZIN.36	吉野友規	3R 判定	RIZIN	キックボクシング	湘南美容クリニック presents RIZIN.36	吉野友規	3R 判定 （3-0）	第2試合 ／宮城寛克 vs. 吉野友規
ryoga-terayama	寺山遼冴	2021-11-20	RIZIN.32	弘 樹	3R判定	RIZIN	キックボクシング	Yogibo presents RIZIN.32	弘樹	3R 判定 （3-0）	第1試合／スペシャルワンマッチ 寺山遼冴 vs. 弘樹
hirokatsu-miyagi	宮城寛克	2021-11-20	Yogibo presents RIZIN.32	ロペス薩摩	1R 2分39秒 KO（スタンドパンチ）	RIZIN	キックボクシング	Yogibo presents RIZIN.32	ロペス薩摩	1R 2分39秒 KO（スタンドパンチ）	第3試合／スペシャルワンマッチ 宮城寛克 vs. ロペス薩摩
sone-kazuma	祖根 寿麻	2021-11-20	Yogibo presents RIZIN.32	皇治	3R 判定 （3-0）	RIZIN	キックボクシング	Yogibo presents RIZIN.32	皇治	3R 判定 （3-0）	第12試合／スペシャルワンマッチ 皇治 vs. 祖根寿麻
hiroki-2	弘樹	2021-11-20	Yogibo presents RIZIN.32	寺山遼冴	3R 判定 （3-0）	RIZIN	キックボクシング	Yogibo presents RIZIN.32	寺山遼冴	3R 判定 （3-0）	第1試合／スペシャルワンマッチ 寺山遼冴 vs. 弘樹
kouji	皇治	2021-11-20	Yogibo presents RIZIN.32	祖根寿麻	3R 判定 （3-0）	RIZIN	キックボクシング	Yogibo presents RIZIN.32	祖根寿麻	3R 判定 （3-0）	第12試合／スペシャルワンマッチ 皇治 vs. 祖根寿麻
seiki-ueyama	植山征紀	2021-06-27	RIZIN.29	泉 丈成	2R TKO	RIZIN	キックボクシング	Yogibo presents RIZIN.29	泉丈成	2R 0分55秒 TKO（3ノックダウン）	第2試合／スペシャルワンマッチ 植山征紀 vs. 泉丈成
seiki-ueyama	植山征紀	2020-08-09	RIZIN.22 -STARTING OVER-	江幡 塁	3R 判定	RIZIN	キックボクシング	RIZIN.22 - STARTING OVER -	江幡塁	3R 判定 （3-0）	第5試合／スペシャルワンマッチ 江幡塁 vs. 植山征紀
seiki-ueyama	植山征紀	2019-10-12	RIZIN.19	梅井 泰成	3R 判定	RIZIN	キックボクシング	RIZIN.19	梅井泰成	3R 判定（3-0）	第1試合
hiroya	HIROYA	2019-10-12	RIZIN.19	小西拓槙	1R 1分20秒 TKO（レフェリーストップ）	RIZIN	キックボクシング	RIZIN.19	小西拓槙	1R 1分20秒 TKO（レフェリーストップ）	第3試合
taisei-umei	梅井泰成	2019-10-12	RIZIN.19	植山征紀	3R 判定（3-0）	RIZIN	キックボクシング	RIZIN.19	植山征紀	3R 判定（3-0）	第1試合
taiga	大雅	2019-10-12	RIZIN.19	白鳥大珠	3R 判定	RIZIN	キックボクシング	RIZIN.19	白鳥大珠	3R 判定（3-0）	第4試合
taiju-shiratori	白鳥大珠	2019-10-12	RIZIN.19	大雅	3R 判定	RIZIN	キックボクシング	RIZIN.19	大雅	3R 判定（3-0）	第4試合
konishi-takuma	小西 拓槙	2019-10-12	RIZIN.19	HIROYA	1R 1分20秒 TKO（レフェリーストップ）	RIZIN	キックボクシング	RIZIN.19	HIROYA	1R 1分20秒 TKO（レフェリーストップ）	第3試合
hiroya	HIROYA	2015-12-29	SARABAの宴	西浦“ウィッキー”聡生	3R 1:20 KO	RIZIN	キックボクシング	SARABAの宴	西浦“ウィッキー”聡生	3R 1:20 KO	第4試合
kaito-2	海人	2018-08-12	RIZIN.12	小川 翔	3R 判定	RIZIN	キックボクシング	RWEDDINGS presents RIZIN.12	小川翔	3R 判定 3-0	第5試合
naito-taiki	内藤 大樹	2018-08-12	RIZIN.12	般若 HASHIMOTO	2R KO	RIZIN	キックボクシング	RWEDDINGS presents RIZIN.12	般若HASHIMOTO	2R 1分53秒 TKO（3ノックダウン）	第8試合
okuyama-takahiro	奥山 貴大	2018-08-12	RIZIN.12	松倉 信太郎	2R KO	RIZIN	キックボクシング	RWEDDINGS presents RIZIN.12	松倉信太郎	2R 2分32秒 KO	第2試合
shuto-sato	佐藤執斗	2018-08-12	RIZIN.12	瀧谷 渉太	3R 判定	RIZIN	キックボクシング	RWEDDINGS presents RIZIN.12	瀧谷渉太	3R 判定 3-0	第1試合
kaito-2	海人	2018-07-29	RIZIN.11	ウザ強ヨシヤ	2R KO	RIZIN	キックボクシング	RIZIN.11	ウザ強ヨシヤ	2R 1分22秒 KO（右ヒザ）	第4試合
yasuyuki-nojiri	野尻定由	2022-12-04	TORAO28	神田T800周一	3R 判定	SHOOTO	unknown	TORAO28	神田 T800 周一	判定 0-3	第9試合 バンタム級 5分3R
yasuyuki-nojiri	野尻定由	2022-05-15	TORAO27	奇天烈	3R 判定	SHOOTO	unknown	TORAO27	奇天烈	判定 1-0	赤崎道場提供試合 65.8 kg契約 第1試合 5分3R
machida-hikaru	町田 光	2019-07-28	RIZIN.17	大雅	3R 判定（3-0）	RIZIN	キックボクシング	RIZIN.17	大雅	3R 判定（3-0）	第8試合
watabe-daiki	渡部 太基	2019-07-28	RIZIN.17	Hideki	3R 判定（0-2）	RIZIN	キックボクシング	RIZIN.17	Hideki	3R 判定（0-2）	第1試合
taiga	大雅	2019-07-28	RIZIN.17	町田光	3R 判定（3-0）	RIZIN	キックボクシング	RIZIN.17	町田光	3R 判定（3-0）	第8試合
anpo-rukiya	安保瑠輝也	2023-09-24	RIZIN.44	宇佐美正パトリック	3R 判定（3-0：29-26、29-27、29-26）	RIZIN	キックボクシング	RIZIN.44	宇佐美正パトリック	3R 判定（3-0：29-26、29-27、29-26）	第7試合／安保瑠輝也 vs. 宇佐美正パトリック
anpo-rukiya	安保瑠輝也	2023-05-06	RIZIN.42	ブアカーオ・バンチャメーク	3R 判定 ドロー（0-0）	RIZIN	キックボクシング	RIZIN.42	ブアカーオ・バンチャメーク	3R 判定 ドロー（0-0）	第10試合／ブアカーオ・バンチャメーク vs. 安保瑠輝也
buakao-banchameku	ブアカーオ・バンチャメーク	2023-05-06	RIZIN.42	安保瑠輝也	3R 判定 ドロー（0-0）	RIZIN	キックボクシング	RIZIN.42	安保瑠輝也	3R 判定 ドロー（0-0）	第10試合／ブアカーオ・バンチャメーク vs. 安保瑠輝也
kido-yasuhiro	城戸康裕	2023-05-06	RIZIN.42	木村“ケルベロス”颯太	3R 判定 （0-3）	RIZIN	キックボクシング	RIZIN.42	木村“ケルベロス”颯太	3R 判定 （0-3）	第1試合／城戸康裕 vs. 木村“ケルベロス”颯太
sota-cerberus-kimura	木村“ケルベロス”颯太	2023-05-06	RIZIN.42	城戸康裕	3R 判定	RIZIN	キックボクシング	RIZIN.42	城戸康裕	3R 判定 （0-3）	第1試合／城戸康裕 vs. 木村“ケルベロス”颯太
morisu-sumisu	モーリス・スミス	1995-09-01	パンクラス 1995 EYES OF BEAST	山田学	2R 2:14 KO	PANCRASE	キックボクシング	EYES OF BEAST	山田学	2R、2分14秒、KO	第6試合 キックルール 3分5R
hiroto-yamaguchi	山口裕人	2016-04-17	TOP Presents RIZIN.1	大和哲也	1R 2:37 TKO（3ノックダウン）	RIZIN	キックボクシング	TOP Presents RIZIN.1	大和哲也	1R 2:37 TKO（3ノックダウン）	第3試合
daniro-zanorini	ダニロ・ザノリニ	2016-04-17	TOP Presents RIZIN.1	網本規久	1R 2:19 TKO（3ノックダウン）	RIZIN	キックボクシング	TOP Presents RIZIN.1	網本規久	1R 2:19 TKO（3ノックダウン）	第2試合
yamato-tetsuya	大和 哲也	2016-04-17	TOP Presents RIZIN.1	山口裕人	1R 2:37 TKO（3ノックダウン）	RIZIN	キックボクシング	TOP Presents RIZIN.1	山口裕人	1R 2:37 TKO（3ノックダウン）	第3試合
yoshino-tomoki	吉野 友規	2022-07-02	湘南美容クリニック presents RIZIN.36	宮城寛克	3R 判定 （3-0）	RIZIN	キックボクシング	湘南美容クリニック presents RIZIN.36	宮城寛克	3R 判定 （3-0）	第2試合 ／宮城寛克 vs. 吉野友規
taiga	大雅	2022-07-02	湘南美容クリニック presents RIZIN.36	新田宗一朗	3R 判定	RIZIN	キックボクシング	湘南美容クリニック presents RIZIN.36	新田宗一朗	3R 判定 （3-0）	第7試合 ／大雅 vs. 新田宗一朗
arata-soichiro	新田 宗一朗	2022-07-02	湘南美容クリニック presents RIZIN.36	大雅	3R 判定 （3-0）	RIZIN	キックボクシング	湘南美容クリニック presents RIZIN.36	大雅	3R 判定 （3-0）	第7試合 ／大雅 vs. 新田宗一朗
kakeru	翔	2022-10-23	湘南美容クリニック presents RIZIN.39	栗秋祥梧	2R KO	RIZIN	キックボクシング	湘南美容クリニック presents RIZIN.39	栗秋祥梧	2R 1分42秒 TKO（レフェリーストップ）	第2試合 ／栗秋祥梧 vs. 翔
kuriaki-shogo	栗秋 祥梧	2022-10-23	湘南美容クリニック presents RIZIN.39	翔	2R 1分42秒 TKO（レフェリーストップ）	RIZIN	キックボクシング	湘南美容クリニック presents RIZIN.39	翔	2R 1分42秒 TKO（レフェリーストップ）	第2試合 ／栗秋祥梧 vs. 翔
reito-bravely-163	REITO BRAVELY	2022-10-23	湘南美容クリニック presents RIZIN.39	関幸一郎	1R 0分34秒 TKO（レフェリーストップ）	RIZIN	キックボクシング	湘南美容クリニック presents RIZIN.39	関幸一郎	1R 0分34秒 TKO（レフェリーストップ）	第1試合 ／REITO BRAVELY vs. 関幸一郎
umeno-genji	梅野源治	2022-10-23	湘南美容クリニック presents RIZIN.39	トレント・ガーダム	1R KO	RIZIN	キックボクシング	湘南美容クリニック presents RIZIN.39	トレント・ガーダム	1R 0分21秒 TKO（レフェリーストップ）	第6試合 ／梅野源治 vs. トレント・ガーダム
shiba-kojiro	芝 宏二郎	2026-07-18	abc presents RIZIN LANDMARK 15 in HIROSHIMA	遥心	3R 判定（3-0）	RIZIN	キックボクシング	abc presents RIZIN LANDMARK 15 in HIROSHIMA	遥心	3R 判定（3-0）	第1試合／芝宏二郎 vs. 遥心
haruto	遥心	2026-07-18	abc presents RIZIN LANDMARK 15 in HIROSHIMA	芝宏二郎	3R 判定（3-0）	RIZIN	キックボクシング	abc presents RIZIN LANDMARK 15 in HIROSHIMA	芝宏二郎	3R 判定（3-0）	第1試合／芝宏二郎 vs. 遥心
yuta-uchida	内田雄大	2018-12-31	Cygames presents RIZIN 平成最後のやれんのか！	小西拓槙	3R 判定 3-0	RIZIN	キックボクシング	Cygames presents RIZIN 平成最後のやれんのか！	小西拓槙	3R 判定 3-0	第2試合
taiju-shiratori	白鳥大珠	2018-12-31	Cygames presents RIZIN 平成最後のやれんのか！	ウザ強ヨシヤ	3R KO	RIZIN	キックボクシング	Cygames presents RIZIN 平成最後のやれんのか！	ウザ強ヨシヤ	3R 1分43秒 KO	第3試合
konishi-takuma	小西 拓槙	2018-12-31	Cygames presents RIZIN 平成最後のやれんのか！	内田雄大	3R 判定 3-0	RIZIN	キックボクシング	Cygames presents RIZIN 平成最後のやれんのか！	内田雄大	3R 判定 3-0	第2試合
uzatsuyo-yoshiya	ウザ強ヨシヤ	2018-12-31	Cygames presents RIZIN 平成最後のやれんのか！	白鳥大珠	3RKO	RIZIN	キックボクシング	Cygames presents RIZIN 平成最後のやれんのか！	白鳥大珠	3R 1分43秒 KO	第3試合
hiroki-suzuki	鈴木宙樹	2023-06-24	RIZIN.43	梅野源治	2R KO	RIZIN	キックボクシング	RIZIN.43	梅野源治	2R 2分34秒 KO（スタンドでの膝蹴り）	第9試合／梅野源治 vs. 鈴木宙樹
hirano-ryoga	平野凌我	2023-06-24	RIZIN.43	山川賢誠	2R KO	RIZIN	キックボクシング	RIZIN.43	山川賢誠	2R 1分22秒 TKO（3ノックダウン）	第1試合／山川賢誠 vs. 平野凌我
kimura-philip-minoru	木村“フィリップ”ミノル	2023-06-24	RIZIN.43	ロクク・ダリ	1R 1分08秒 ノーコンテスト（木村のドーピング検査の結果 陽性により無効試合）	RIZIN	キックボクシング	RIZIN.43	ロクク・ダリ	1R 1分08秒 ノーコンテスト（木村のドーピング検査の結果 陽性により無効試合）	第8試合／木村“フィリップ”ミノル vs. ロクク・ダリ
kensei-yamakawa	山川賢誠	2023-06-24	RIZIN.43	平野凌我	2R KO	RIZIN	キックボクシング	RIZIN.43	平野凌我	2R 1分22秒 TKO（3ノックダウン）	第1試合／山川賢誠 vs. 平野凌我
aito	愛翔	2023-06-24	RIZIN.43	小出龍哉	1R KO	RIZIN	キックボクシング	RIZIN.43	小出龍哉	1R 0分55秒 TKO（レフェリーストップ：スタンドパンチ）	OPENING FIGHT 第2試合／愛翔 vs. 小出龍哉
ryuya-koide	小出龍哉	2023-06-24	RIZIN.43	愛翔	1R TKO	RIZIN	キックボクシング	RIZIN.43	愛翔	1R 0分55秒 TKO（レフェリーストップ：スタンドパンチ）	OPENING FIGHT 第2試合／愛翔 vs. 小出龍哉
umeno-genji	梅野源治	2023-06-24	RIZIN.43	鈴木宙樹	2R KO	RIZIN	キックボクシング	RIZIN.43	鈴木宙樹	2R 2分34秒 KO（スタンドでの膝蹴り）	第9試合／梅野源治 vs. 鈴木宙樹
shoki-hoshikubo	星久保将城	2023-06-24	RIZIN.43	がんばれ！ふるかわくん	ノーコンテスト（星久保の体重超過によるレッドカード提示のため）	RIZIN	キックボクシング	RIZIN.43	がんばれ！ふるかわくん	ノーコンテスト（星久保の体重超過によるレッドカード提示のため）	OPENING FIGHT 第1試合／星久保将城 vs. がんばれ！ふるかわくん
hiroki-suzuki	鈴木宙樹	2018-12-09	PANCRASE302	宇野高弘	1R 2:15 KO（飛び膝蹴り）	PANCRASE	MMA	PANCRASE302	宇野高弘	1R 2:15、KO/飛び膝蹴り	第1試合 REBELSルール 60キロ契約 3分3ラウンド
kazuki-osaki	大﨑一貴	2019-08-18	RIZIN.18	瀧谷渉太	3R 判定	RIZIN	キックボクシング	GOOD SPEED presents RIZIN.18	瀧谷渉太	3R 判定（0-3）	第2試合
ryuki-yoshioka	吉岡龍輝	2025-03-30	RIZIN.50	切詰大貴	3R判定	RIZIN	キックボクシング	RIZIN.50	切詰大貴	3R 判定 （2-1）	OPENING FIGHT 第4試合／吉岡龍輝 vs. 切詰大貴
rinto-kako	加古稟虎	2025-03-30	RIZIN.50	稲井良弥	1R 2分57秒 TKO（レフェリーストップ）	RIZIN	キックボクシング	RIZIN.50	稲井良弥	1R 2分57秒 TKO（レフェリーストップ）	OPENING FIGHT 第5試合／稲井良弥 vs. 加古稟虎
ryoya-inai	稲井良弥	2025-03-30	RIZIN.50	加古稟虎	1R TKO	RIZIN	キックボクシング	RIZIN.50	加古稟虎	1R 2分57秒 TKO（レフェリーストップ）	OPENING FIGHT 第5試合／稲井良弥 vs. 加古稟虎
yamato-ashikaga	足利也真登	2025-03-30	RIZIN.50	大谷翔司	1R 3分00秒 TKO（スリーノックダウン）	RIZIN	キックボクシング	RIZIN.50	大谷翔司	1R 3分00秒 TKO（スリーノックダウン）	OPENING FIGHT 第3試合／大谷翔司 vs. 足利也真登
kirizume-daiki	切詰大貴	2025-03-30	RIZIN.50	吉岡龍輝	3R 判定 （2-1）	RIZIN	キックボクシング	RIZIN.50	吉岡龍輝	3R 判定 （2-1）	OPENING FIGHT 第4試合／吉岡龍輝 vs. 切詰大貴
otani-shoji	大谷 翔司	2025-03-30	RIZIN.50	足利也真登	1R 3分00秒 TKO（スリーノックダウン）	RIZIN	キックボクシング	RIZIN.50	足利也真登	1R 3分00秒 TKO（スリーノックダウン）	OPENING FIGHT 第3試合／大谷翔司 vs. 足利也真登
runa-okumura	奥村琉奈	2023-09-24	DEEP HAMAMATSU IMPACT 2023	Uver∞miyU	3R 判定	DEEP	unknown	DEEP HAMAMATSU IMPACT 2023	Uver∞miyU	判定3-0	DEEP 46kg以下 キックルール 3分3R
takeuchi-kenichi	竹内賢一	2023-09-24	DEEP HAMAMATSU IMPACT 2023	としや	2R KO	DEEP	unknown	DEEP HAMAMATSU IMPACT 2023	としや	2R 1’56” TKO	DEEP 58kg以下 3分3R キックルール
hasegawa-daisuke	長谷川 大祐	2023-09-24	DEEP HAMAMATSU IMPACT 2023	新井 昴弥	3R 判定	DEEP	unknown	DEEP HAMAMATSU IMPACT 2023	新井昴弥	判定0-3	DEEP 52kg以下 キックルール 3分3R
ubamiyu	Uver∞miyU	2023-09-24	DEEP HAMAMATSU IMPACT 2023	奥村琉奈	3R終了 判定0-3	DEEP	unknown	DEEP HAMAMATSU IMPACT 2023	奥村琉奈	判定3-0	DEEP 46kg以下 キックルール 3分3R
mutsuki-ebata	江幡 睦	2020-09-27	Yogibo presents RIZIN.24	良 星	3R判定	RIZIN	キックボクシング	Yogibo presents RIZIN.24	良星	3R 判定 （3-0）	第2試合／スペシャルワンマッチ 江幡睦 vs. 良星
taishi-hiratsuka	平塚大士	2020-09-27	Yogibo presents RIZIN.24	北川裕紀	2R 27秒 KO	RIZIN	キックボクシング	Yogibo presents RIZIN.24	北川裕紀	2R 27秒 KO	第7試合／スペシャルワンマッチ 北川裕紀 vs. 平塚大士
kouji	皇治	2020-09-27	Yogibo presents RIZIN.24	那須川天心	3R 判定 （3-0）	RIZIN	キックボクシング	Yogibo presents RIZIN.24	那須川天心	3R 判定 （3-0）	第11試合／スペシャルワンマッチ 那須川天心 vs. 皇治
tenshin-nasukawa	那須川天心	2020-09-27	Yogibo presents RIZIN.24	皇治	3R 判定	RIZIN	キックボクシング	Yogibo presents RIZIN.24	皇治	3R 判定 （3-0）	第11試合／スペシャルワンマッチ 那須川天心 vs. 皇治
rasta	良星	2020-09-27	Yogibo presents RIZIN.24	江幡 睦	3R判定	RIZIN	キックボクシング	Yogibo presents RIZIN.24	江幡睦	3R 判定 （3-0）	第2試合／スペシャルワンマッチ 江幡睦 vs. 良星
taisei-nishitani	西谷大成	2023-05-07	DEEP 113 IMPACT	高野優樹	3R 判定	DEEP	unknown	DEEP 113 IMPACT	高野優樹	判定 0-3	
taisei-nishitani	西谷大成	2022-09-11	DEEP TOKYO IMPACT 2022 5th ROUND	TATSUMI	2R 判定	DEEP	unknown	DEEP TOKYO IMPACT 2022 5th ROUND	TATSUMI	[判定0-3] ※18-20×3	DEEP フェザー級 5分2R
taisei-nishitani	西谷大成	2022-05-29	DEEP TOKYO IMPACT 2022 4th ROUND	星野 豊	2R 判定	DEEP	unknown	DEEP TOKYO IMPACT 2022 4th ROUND	星野豊	（判定3-0）	DEEPフェザー級
shinotsuka-tatsuki	篠塚 辰樹	2023-12-31	にゃんこ大戦争 presents RIZIN.45	冨澤大智	3R 判定（3-0）	RIZIN	キックボクシング	にゃんこ大戦争 presents RIZIN.45	冨澤大智	3R 判定（3-0）	第3試合／篠塚辰樹 vs. 冨澤大智
tomizawa-daichi	冨澤 大智	2023-12-31	にゃんこ大戦争 presents RIZIN.45	篠塚辰樹	3R 判定（3-0）	RIZIN	キックボクシング	にゃんこ大戦争 presents RIZIN.45	篠塚辰樹	3R 判定（3-0）	第3試合／篠塚辰樹 vs. 冨澤大智
taiga	大雅	2020-08-10	RIZIN.23– CALLING OVER -	原口健飛	1R KO	RIZIN	キックボクシング	RIZIN.23 - CALLING OVER -	原口健飛	1R 2分50秒 TKO（3ノックダウン）	第6試合／スペシャルワンマッチ 原口健飛 vs. 大雅
kento-haraguchi	原口健飛	2020-08-10	RIZIN.23– CALLING OVER -	大雅	1R KO	RIZIN	キックボクシング	RIZIN.23 - CALLING OVER -	大雅	1R 2分50秒 TKO（3ノックダウン）	第6試合／スペシャルワンマッチ 原口健飛 vs. 大雅
naito-ryota	内藤凌太	2021-03-21	RIZIN.27	弘樹	3R 判定	RIZIN	キックボクシング	Yogibo presents RIZIN.27	弘樹	3R 判定 （3-0）	第2試合 スペシャルワンマッチ／内藤凌太 vs. 弘樹
kanta-motoyama	基山幹太	2021-03-21	RIZIN.27	大雅	3R 判定	RIZIN	キックボクシング	Yogibo presents RIZIN.27	大雅	3R 判定 （3-0）	第9試合 スペシャルワンマッチ／大雅 vs. 基山幹太
shuto-sato	佐藤執斗	2021-03-21	RIZIN.27	國本 真義	3R 判定	RIZIN	キックボクシング	Yogibo presents RIZIN.27	國本真義	3R 判定 （ドロー：0-1）	第4試合 スペシャルワンマッチ／佐藤執斗 vs. 國本真義
taiga	大雅	2018-09-30	RIZIN.13	原口健飛	3R 判定 ドロー（0-1）	RIZIN	キックボクシング	RIZIN.13	原口健飛	3R 判定 ドロー（0-1）	第2試合
kento-haraguchi	原口健飛	2018-09-30	RIZIN.13	大雅	3R 判定	RIZIN	キックボクシング	RIZIN.13	大雅	3R 判定 ドロー（0-1）	第2試合
tenshin-nasukawa	那須川天心	2018-09-30	RIZIN.13	堀口恭司	3R 判定	RIZIN	キックボクシング	RIZIN.13	堀口恭司	3R 判定 3-0	第9試合
saito-yuto	斎藤 祐斗	2023-10-01	For Japan presents RIZIN LANDMARK 6 in NAGOYA	梅野源治	3R 判定（2-0）	RIZIN	キックボクシング	For Japan presents RIZIN LANDMARK 6 in NAGOYA	梅野源治	3R 判定（2-0）	第9試合／梅野源治 vs. 斎藤祐斗
umeno-genji	梅野源治	2023-10-01	For Japan presents RIZIN LANDMARK 6 in NAGOYA	斎藤祐斗	3R 判定（2-0）	RIZIN	キックボクシング	For Japan presents RIZIN LANDMARK 6 in NAGOYA	斎藤祐斗	3R 判定（2-0）	第9試合／梅野源治 vs. 斎藤祐斗
shirahata-yusei	白幡 裕星	2022-03-06	+WEED presents RIZIN LANDMARK vol.2	吉成名高	2R 1分02秒 TKO（レフェリーストップ）	RIZIN	キックボクシング	+WEED presents RIZIN LANDMARK vol.2	吉成名高	2R 1分02秒 TKO（レフェリーストップ）	第3試合／ 吉成名高 vs. 白幡裕星
panchan-rina	ぱんちゃん璃奈	2021-09-19	Yogibo presents RIZIN.30	百花	3R 判定 （3-0）	RIZIN	キックボクシング	Yogibo presents RIZIN.30	百花	3R 判定 （3-0）	第1試合／スペシャルワンマッチ ぱんちゃん璃奈 vs. 百花
yumeto-mizuno	水野夢斗	2025-11-03	RIZIN LANDMARK 12	KING陸斗	1R TKO	RIZIN	キックボクシング	RIZIN LANDMARK 12 in KOBE	KING陸斗	1R 2分05秒 TKO（3ノックダウン）	第1試合／KING陸斗 vs. 水野夢斗
king-rikuto	KING陸斗	2025-11-03	RIZIN LANDMARK 12	水野夢斗	1R TKO	RIZIN	キックボクシング	RIZIN LANDMARK 12 in KOBE	水野夢斗	1R 2分05秒 TKO（3ノックダウン）	第1試合／KING陸斗 vs. 水野夢斗
naito-ryota	内藤凌太	2023-10-01	RIZIN LANDMARK 6 in NAGOYA	竹野 元稀	3R 判定	RIZIN	キックボクシング	For Japan presents RIZIN LANDMARK 6 in NAGOYA	竹野元稀	3R 判定（3-0）	OPENING FIGHT 第2試合／竹野元稀 vs. 内藤凌太
takeno-genki	竹野 元稀	2023-10-01	RIZIN LANDMARK 6 in NAGOYA	内藤 凌太	3R 判定	RIZIN	キックボクシング	For Japan presents RIZIN LANDMARK 6 in NAGOYA	内藤凌太	3R 判定（3-0）	OPENING FIGHT 第2試合／竹野元稀 vs. 内藤凌太
naito-ryota	内藤凌太	2019-05-12	DEEP 89 IMPACT	堀尾 竜司	3R 判定	DEEP	unknown	DEEP 89 IMPACT	堀尾竜司	判定1-1	DEEP KICKルール 55kg以下 3分3R
tomoko-hida	樋田智子	2019-05-12	DEEP 89 IMPACT	古瀬美月	3R 判定	DEEP	unknown	DEEP 89 IMPACT	古瀬美月	判定3-0	DEEP JEWELS 49kg以下 5分3R
momoka-2	百花	2021-09-19	RIZIN.30	ぱんちゃん璃奈	3R判定	RIZIN	キックボクシング	Yogibo presents RIZIN.30	ぱんちゃん璃奈	3R 判定 （3-0）	第1試合／スペシャルワンマッチ ぱんちゃん璃奈 vs. 百花
kouji	皇治	2021-12-31	Yogibo presents RIZIN.33	YA-MAN	3R 判定 （0-2）	RIZIN	キックボクシング	Yogibo presents RIZIN.33	YA-MAN	3R 判定 （0-2）	第7試合／スペシャルワンマッチ 皇治 vs. YA-MAN
yaman	YA-MAN	2021-12-31	Yogibo presents RIZIN.33	皇治	3R 判定	RIZIN	キックボクシング	Yogibo presents RIZIN.33	皇治	3R 判定 （0-2）	第7試合／スペシャルワンマッチ 皇治 vs. YA-MAN
kouji	皇治	2021-06-27	Yogibo presents RIZIN.29	白鳥大珠	3R 判定 （0-3）	RIZIN	キックボクシング	Yogibo presents RIZIN.29	白鳥大珠	3R 判定 （0-3）	第13試合／BODYMAKER presents RIZIN KICK ワンナイトトーナメント 決勝戦 皇治 vs. 白鳥大珠
kouji	皇治	2021-06-27	Yogibo presents RIZIN.29	梅野源治	1R 0分43秒 ノーコンテスト（偶発性のバッティングにより梅野が負傷）	RIZIN	キックボクシング	Yogibo presents RIZIN.29	梅野源治	1R 0分43秒 ノーコンテスト（偶発性のバッティングにより梅野が負傷）	第4試合／BODYMAKER presents RIZIN KICK ワンナイトトーナメント 1回戦 皇治 vs. 梅野源治
ryo-takahashi	髙橋 亮	2021-06-27	Yogibo presents RIZIN.29	白鳥大珠	1R KO	RIZIN	キックボクシング	Yogibo presents RIZIN.29	白鳥大珠	1R 1分38秒 KO（スタンドパンチ）	第5試合／BODYMAKER presents RIZIN KICK ワンナイトトーナメント 1回戦 白鳥大珠 vs. 髙橋亮
taiju-shiratori	白鳥大珠	2021-06-27	Yogibo presents RIZIN.29	皇治	3R 判定	RIZIN	キックボクシング	Yogibo presents RIZIN.29	皇治	3R 判定 （0-3）	第13試合／BODYMAKER presents RIZIN KICK ワンナイトトーナメント 決勝戦 皇治 vs. 白鳥大珠
taiju-shiratori	白鳥大珠	2021-06-27	Yogibo presents RIZIN.29	髙橋 亮	1R KO	RIZIN	キックボクシング	Yogibo presents RIZIN.29	髙橋亮	1R 1分38秒 KO（スタンドパンチ）	第5試合／BODYMAKER presents RIZIN KICK ワンナイトトーナメント 1回戦 白鳥大珠 vs. 髙橋亮
yuma-yamahata	山畑雄摩	2021-06-27	Yogibo presents RIZIN.29	髙橋聖人	3R判定	RIZIN	キックボクシング	Yogibo presents RIZIN.29	髙橋聖人	3R 判定 （ドロー：0-1）	第1試合／スペシャルワンマッチ 山畑雄摩 vs. 髙橋聖人
kiyoto-takahashi	髙橋聖人	2021-06-27	Yogibo presents RIZIN.29	山畑雄摩	3R 判定 （ドロー：0-1）	RIZIN	キックボクシング	Yogibo presents RIZIN.29	山畑雄摩	3R 判定 （ドロー：0-1）	第1試合／スペシャルワンマッチ 山畑雄摩 vs. 髙橋聖人
umeno-genji	梅野源治	2021-06-27	Yogibo presents RIZIN.29	皇治	ノーコンテスト	RIZIN	キックボクシング	Yogibo presents RIZIN.29	皇治	1R 0分43秒 ノーコンテスト（偶発性のバッティングにより梅野が負傷）	第4試合／BODYMAKER presents RIZIN KICK ワンナイトトーナメント 1回戦 皇治 vs. 梅野源治
nakamura-yusaku	中村 優作	2018-05-06	RIZIN.10	那須川天心	2R 1:42 TKO（3ダウン）	RIZIN	unknown	RIZIN.10	那須川天心	2R 1分42秒 TKO（3ノックダウン）	第11試合
tenshin-nasukawa	那須川天心	2018-05-06	RIZIN.10	中村優作	2R KO	RIZIN	unknown	RIZIN.10	中村優作	2R 1分42秒 TKO（3ノックダウン）	第11試合
yura	YURA	2024-12-31	RIZIN DECADE	朝久泰央	3R 判定	RIZIN	キックボクシング	RIZIN DECADE 雷神番外地	朝久泰央	3R 3分00秒 判定（3-0）	第3試合／YURA vs. 朝久泰央
jaki-masaya	蛇鬼将矢	2022-03-20	RIZIN.34	こうた	1RKO	RIZIN	キックボクシング	湘南美容クリニック presents RIZIN.34	こうた	1R 1分53秒 TKO（レフェリーストップ）	第1試合／ 蛇鬼将矢 vs. こうた
yuki-kasahara	笠原友希	2022-03-20	RIZIN.34	元氣	1R TKO	RIZIN	キックボクシング	湘南美容クリニック presents RIZIN.34	元氣	1R 2分24秒 TKO（レフェリーストップ）	第5試合／ 笠原友希 vs. 元氣
shuto-sato	佐藤執斗	2022-03-20	RIZIN.34	政所 仁	ノーコンテスト 1R	RIZIN	キックボクシング	湘南美容クリニック presents RIZIN.34	政所仁	1R 1分30秒 ノーコンテスト（青コーナー佐藤 アクシデントによる負傷）	第4試合／ 政所仁 vs. 佐藤執斗
kazunori	KAZUNORI	2022-11-06	ANGEL CHAMPAGNE presents RIZIN LANDMARK 4 in NAGOYA	佐藤執斗	1R 0分39秒 TKO（レフェリーストップ）	RIZIN	キックボクシング	ANGEL CHAMPAGNE presents RIZIN LANDMARK 4 in NAGOYA	佐藤執斗	1R 0分39秒 TKO（レフェリーストップ）	OPENING FIGHT 第1試合 ／佐藤執斗 vs. KAZUNORI
yushin	優心	2020-08-09	RIZIN.22 - STARTING OVER -	吉成名高	2R 3分8秒 TKO（レフェリーストップ：左ひじ）	RIZIN	キックボクシング	RIZIN.22 - STARTING OVER -	吉成名高	2R 3分8秒 TKO（レフェリーストップ：左ひじ）	第4試合／スペシャルワンマッチ 吉成名高 vs. 優心
bobu-sapu	ボブ・サップ	2015-12-31	RIZIN FIGHTING WORLD GRAND-PRIX 2015 さいたま3DAYS	曙	2R 0:47 負傷判定3-0	RIZIN	シュートボクシング	IZAの舞	曙太郎	2R 0分47秒 終了判定（3-0）	第8試合
uchida-sho	内田 晶	2026-06-06	RIZIN LANDMARK 14 in SENDAI	赤平大治	3R判定（0-3）	RIZIN	キックボクシング	RIZIN LANDMARK 14 in SENDAI	赤平大治	3R判定（0-3）	第2試合／赤平大治 vs. 内田晶
saito-koya	齋藤 紘也	2026-06-06	RIZIN LANDMARK 14 in SENDAI	TAaaaCHAN	1R 1分25秒 TKO（3ノックダウン）	RIZIN	キックボクシング	RIZIN LANDMARK 14 in SENDAI	TAaaaCHAN	1R 1分25秒 TKO（3ノックダウン）	第3試合／齋藤紘也 vs. TAaaaCHAN
taaaachan-185	TAaaaCHAN	2026-06-06	RIZIN LANDMARK 14 in SENDAI	齋藤紘也	1R 1分25秒 TKO（3ノックダウン）	RIZIN	キックボクシング	RIZIN LANDMARK 14 in SENDAI	齋藤紘也	1R 1分25秒 TKO（3ノックダウン）	第3試合／齋藤紘也 vs. TAaaaCHAN
yusuke-iwaki	岩城悠介	2026-06-06	RIZIN LANDMARK 14 in SENDAI	中泉翔	3R 0分47秒 KO（スタンドでの膝打撃）	RIZIN	キックボクシング	RIZIN LANDMARK 14 in SENDAI	中泉翔	3R 0分47秒 KO（スタンドでの膝打撃）	第1試合／岩城悠介 vs. 中泉翔
kanta-motoyama	基山幹太	2025-04-27	DEEP HAMAMATSU IMPACT 2025 1st ROUND	竹市 一樹	KO 1R	DEEP	unknown	DEEP HAMAMATSU IMPACT 2025 1st ROUND	竹市一樹	1R 1’12” TKO(タオル投入)	DEEP 64kg以下 3分3R KICKルール
hinata	日菜太	2013-03-17	PANCRASE 246 (REBELS提供試合 キックルール)	安河内将一	1R 2:50 TKO	PANCRASE	キックボクシング	PANCRASE246	安河内将一	1R 2:50、TKO(3ノックダウン)/ローキック	第7試合 REBELS提供試合 キックルール 70kg級 3分3ラウンド
juna-koda	上田樹那	2026-05-10	RIZIN.53	北野ヒナタ	3R 判定（0-3）	RIZIN	キックボクシング	RIZIN.53	北野ヒナタ	3R 判定（0-3）	OPENING FIGHT 第2試合／上田樹那 vs. 北野ヒナタ
yu-hirono	廣野 祐	2019-09-01	Road to ONE:CENTURY	内村洋次郎	2R KO	PANCRASE	キックボクシング	Road to ONE:CENTURY	内村洋次郎	2R 0:33、KO	第10試合 ONE SUPER SERIES キックボクシング フェザー級 3分3ラウンド
naito-taiki	内藤 大樹	2019-09-01	Road to ONE:CENTURY	渡辺 優太	1R KO	PANCRASE	MMA	Road to ONE:CENTURY	渡辺優太	1R 1:22、TKO	第9試合 ONE SUPER SERIES ムエタイ フライ級(61.2kg) 3分3ラウンド
jin-2	JIN	2024-11-17	RIZIN LANDMARK 10 in NAGOYA	としぞう	3R 判定	RIZIN	キックボクシング	RIZIN LANDMARK 10 in NAGOYA	としぞう	3R 判定（3-0）	OPENING FIGHT / としぞう vs. JIN
toshizou	としぞう	2024-11-17	RIZIN LANDMARK 10 in NAGOYA	JIN	3R 判定（3-0）	RIZIN	キックボクシング	RIZIN LANDMARK 10 in NAGOYA	JIN	3R 判定（3-0）	OPENING FIGHT / としぞう vs. JIN
tenshin-nasukawa	那須川天心	2020-12-31	Yogibo presents RIZIN.26	クマンドーイ・ペットジャルーンウィット	3R 判定	RIZIN	キックボクシング	Yogibo presents RIZIN.26	クマンドーイ・ペットジャルーンウィット	3R 判定 （3-0）	第14試合／スペシャルワンマッチ 那須川天心 vs. クマンドーイ・ペットジャルーンウィット
tenshin-nasukawa	那須川天心	2017-12-31	RIZIN.9	藤田大和	1R KO	RIZIN	キックボクシング	RIZIN.9 RIZIN FIGHTING WORLD GRAND-PRIX 2017 バンタム級トーナメント＆女子スーパーアトム級トーナメントFinal ROUND	藤田大和	1R 1分27秒 TKO（3ノックダウン）	第10試合／Cygames presents RIZIN KICK ワンナイトトーナメント 決勝戦 那須川天心 vs. 藤田大和
tenshin-nasukawa	那須川天心	2017-12-31	RIZIN.9	浜本“キャット”雄大	2R KO	RIZIN	キックボクシング	RIZIN.9 RIZIN FIGHTING WORLD GRAND-PRIX 2017 バンタム級トーナメント＆女子スーパーアトム級トーナメントFinal ROUND	浜本“キャット”雄大	2R 1分58秒 KO	第3試合／Cygames presents RIZIN KICK ワンナイトトーナメント 1回戦 那須川天心 vs. 浜本“キャット”雄大
tenshin-nasukawa	那須川天心	2017-10-15	RIZIN FIGHTING WORLD GRAND-PRIX 2017 バンタム級トーナメント 1st ROUND -秋の陣-	藤田大和	3R 判定	RIZIN	unknown	RIZIN.7 RIZIN FIGHTING WORLD GRAND-PRIX 2017 バンタム級トーナメント＆女子スーパーアトム級トーナメント1st ROUND -秋の陣-	藤田大和	3R 判定(3-0)	第15試合
koki-asano	浅野功暉	2024-08-25	DEEP NAGOYA IMPACT 2024 4th ROUND	河村嘉展	2R 判定	DEEP	unknown	DEEP NAGOYA IMPACT 2024 4th ROUND	河村嘉展	判定0-3	
manaka	MANAKA	2025-09-07	DEEP JEWELS 50	きたりこ	3R 判定	DEEP	unknown	DEEP JEWELS 50	きたりこ	判定0-3	DEEP JEWELS 52kg 2分3R KICKルール
jo-sanhe	ジョ・サンヘ	2025-05-31	RIZIN WORLD SERIES in KOREA	宇佐美 秀 メイソン	3R 判定	RIZIN	キックボクシング	RIZIN WORLD SERIES in KOREA	宇佐美秀メイソン	3R 判定（0-0）DRAW	第2試合／ジョ・サンヘ vs. 宇佐美秀メイソン
usami-hide-meison	宇佐美 秀 メイソン	2025-05-31	RIZIN WORLD SERIES in KOREA	ジョ・サンヘ	3R 判定	RIZIN	キックボクシング	RIZIN WORLD SERIES in KOREA	ジョ・サンヘ	3R 判定（0-0）DRAW	第2試合／ジョ・サンヘ vs. 宇佐美秀メイソン
yamauchi-yuutarou	山内佑太郎	2012-12-22	DEEP	松井裕馬	3R終了 判定2-0	DEEP	unknown	DEEP HALEO IMPACT ～三崎和雄引退セレモニー～	松井裕馬	判定2-0 ※29-28、30-30、30-28	Krushルール Krush公認試合 70kg以下 3分3R延長1R
takeru-2	武尊	2015-12-31	IZAの舞	ヤン・ミン	2R 3分00秒 KO	RIZIN	キックボクシング	IZAの舞	ヤン・ミン	2R 3分00秒 KO	第6試合
rena	RENA	2016-04-17	RIZIN.1	シンディ・アルベス	3R 判定	RIZIN	シュートボクシング	TOP Presents RIZIN.1	シンディ・アルベス	3R 判定3−0	第9試合
umeno-genji	梅野源治	2024-06-09	Yogibo presents RIZIN.47	魚井フルスイング	3R 判定（3-0）	RIZIN	キックボクシング	Yogibo presents RIZIN.47	魚井フルスイング	3R 判定（3-0）	第2試合／梅野源治 vs. 魚井フルスイング
matsukura-shintaro	松倉 信太郎	2020-08-10	RIZIN.23 - CALLING OVER -	森興二	1R 1分28秒 KO（右フック）	RIZIN	キックボクシング	RIZIN.23 - CALLING OVER -	森興二	1R 1分28秒 KO（右フック）	第1試合／スペシャルワンマッチ 松倉信太郎 vs. 森興二
kitagawa-yuki	北川 裕紀	2022-02-23	RIZIN TRIGGER 2nd	竹内 皇貴	3R 判定	RIZIN	キックボクシング	SPASHAN HPS presents RIZIN TRIGGER 2nd	竹内皇貴	3R 判定 （0-3）	第4試合／スペシャルワンマッチ 北川裕紀 vs. 竹内皇貴
kitagawa-yuki	北川 裕紀	2020-09-27	RIZIN.24	平塚 大士	2R KO	RIZIN	キックボクシング	Yogibo presents RIZIN.24	平塚大士	2R 27秒 KO	第7試合／スペシャルワンマッチ 北川裕紀 vs. 平塚大士
shuto-sato	佐藤執斗	2020-11-21	RIZIN.25	政所 仁	3R 判定	RIZIN	キックボクシング	Yogibo presents RIZIN.25	政所仁	3R 判定 （3-0）	第2試合 スペシャルワンマッチ／政所仁 vs. 佐藤執斗
kaishi	魁志	2022-07-31	湘南美容クリニック presents RIZIN.37	龍聖	3R 1分23秒 TKO（レフェリーストップ）	RIZIN	キックボクシング	湘南美容クリニック presents RIZIN.37	龍聖	3R 1分23秒 TKO（レフェリーストップ）	第3試合 ／龍聖 vs. 魁志
