slug	name	event	opponentName	promotion	sourceUrl	sourceType
yoshiki-2	耀織	Krush-IGNITION 2013 vol.1	林 京平	K-1 / Krush / Krush-EX	https://www.k-1.co.jp/fighter/208	official
morita-kazumi	森田 和美	Krush-IGNITION 2013 vol.8	成沢 紀予	K-1 / Krush / Krush-EX	https://www.k-1.co.jp/fighter/405	official
yuki-shun	ユウキ・旬	Krush-IGNITION 2013 vol.1	高橋 幸光	K-1 / Krush / Krush-EX	https://www.k-1.co.jp/fighter/323	official
shimo	Shi-mo	Krush-EX 2014 vol.4	佐野天馬	K-1 / Krush / Krush-EX	https://www.k-1.co.jp/fighter/132	official
shimo	Shi-mo	Krush-EX 2014 vol.3	MITSUTAKA	K-1 / Krush / Krush-EX	https://www.k-1.co.jp/fighter/132	official
shimo	Shi-mo	Krush.22 ~in NAGOYA~	大髙 瑞基	K-1 / Krush / Krush-EX	https://www.k-1.co.jp/fighter/132	official
takiya-shouta	瀧谷渉太	Krush-IGNITION 2013 vol.4	kazyosi	K-1 / Krush / Krush-EX	https://www.k-1.co.jp/fighter/33	official
takiya-shouta	瀧谷渉太	Krush.22 ~in NAGOYA~	匠	K-1 / Krush / Krush-EX	https://www.k-1.co.jp/fighter/33	official
watabe-shota	渡部 翔太	Krush YOUTH GP 2011 開幕戦I	マリモー	K-1 / Krush / Krush-EX	https://www.k-1.co.jp/fighter/326	official
watabe-shota	渡部 翔太	Krush-EX 2011 vol.2	塚越 仁志	K-1 / Krush / Krush-EX	https://www.k-1.co.jp/fighter/326	official
takaaki	貴章	Krush-IGNITION 2013 vol.3	林 京平	K-1 / Krush / Krush-EX	https://www.k-1.co.jp/fighter/139	official
shota-2	翔太	Krush-EX 2014 vol.7	嶋田 将典	K-1 / Krush / Krush-EX	https://www.k-1.co.jp/fighter/187	official
shota-2	翔太	Krush YOUTH GP 2011 開幕戦I	佐々木 大蔵	K-1 / Krush / Krush-EX	https://www.k-1.co.jp/fighter/187	official
nadeshiko	撫子	7月3日 DUEL 24 試合結果	斎藤千種	NJKF	https://www.njkf.info/result/duel-24.html	official
nadeshiko	撫子	10月16日 DUEL.25 試合結果	ねこ太	NJKF	https://www.njkf.info/result/duel-25.html	official
nadeshiko	撫子	11月31日 DUEL.22 試合結果	斎藤千種	NJKF	https://www.njkf.info/result/duel22_result.html	official
rui-ebata	江幡 塁	MAGNUM41☆試合結果速報	ペットクラビー・ペットプームムエタイ	新日本キックボクシング協会(SNKA)	https://ameblo.jp/skb-blog/entry-12163938400.html	official
ikeno-sho	池野 翔	Krush-IGNITION 2013 vol.6	佐野天馬	K-1 / Krush / Krush-EX	https://www.k-1.co.jp/fighter/108	official
kazuki-3	一貴	Krush-EX 2011 vol.2	晴矢	K-1 / Krush / Krush-EX	https://www.k-1.co.jp/fighter/508	official
nagasawa-samuel-kiyomitsu	永澤サムエル聖光	MAGNUM41☆試合結果速報	勝次	新日本キックボクシング協会(SNKA)	https://ameblo.jp/skb-blog/entry-12163938400.html	official
kana-484	KANA	12月8日 DUEL.32 試合結果	DJナックルハンマーyokko	NJKF	https://www.njkf.info/result/duel32.html	official
shuri	珠璃	9月10日 DUEL.28 試合結果	RUI・JANJIRA	NJKF	https://www.njkf.info/result/duel28.html	official
yamagiwa-kazuki	山際 和希	Krush-IGNITION 2013 vol.3	塚越 仁志	K-1 / Krush / Krush-EX	https://www.k-1.co.jp/fighter/351	official
nakano-yuki	中野 祐基	Krush.22 ~in NAGOYA~	MAN☆48	K-1 / Krush / Krush-EX	https://www.k-1.co.jp/fighter/242	official
dynamite-takahashi-yuta	”DYNAMITE”髙橋 佑太	Krush-EX 2014 vol.7	加藤 港	K-1 / Krush / Krush-EX	https://www.k-1.co.jp/fighter/236	official
shoko-jsk	祥子JSK	11月31日 DUEL.22 試合結果	久遠	NJKF	https://www.njkf.info/result/duel22_result.html	official
shoko-jsk	祥子JSK	12月8日 DUEL.32 試合結果	斎藤千種	NJKF	https://www.njkf.info/result/duel32.html	official
osawa-fumiya	大沢 文也	Krush YOUTH GP 2011 開幕戦I	小川 翔	K-1 / Krush / Krush-EX	https://www.k-1.co.jp/fighter/216	official
osawa-fumiya	大沢 文也	Krush-EX 2011 vol.1	中村 圭佑	K-1 / Krush / Krush-EX	https://www.k-1.co.jp/fighter/216	official
horio-ryuji	堀尾 竜司	Krush-IGNITION 2013 vol.6	良輝	K-1 / Krush / Krush-EX	https://www.k-1.co.jp/fighter/78	official
horio-ryuji	堀尾 竜司	Krush-IGNITION 2013 vol.6	石田 圭祐	K-1 / Krush / Krush-EX	https://www.k-1.co.jp/fighter/78	official
kazuhito	一仁	Krush-EX 2014 vol.3	匠	K-1 / Krush / Krush-EX	https://www.k-1.co.jp/fighter/120	official
masumoto-shoya	桝本 翔也	Krush-EX 2014 vol.4	塙 隆雄	K-1 / Krush / Krush-EX	https://www.k-1.co.jp/fighter/188	official
masumoto-shoya	桝本 翔也	Krush-IGNITION 2013 vol.8	竹内 賢一	K-1 / Krush / Krush-EX	https://www.k-1.co.jp/fighter/188	official
masumoto-shoya	桝本 翔也	Krush-IGNITION 2013 vol.7	KO-ICHI	K-1 / Krush / Krush-EX	https://www.k-1.co.jp/fighter/188	official
sakuta-yoshinori	作田 良典	Krush.22 ~in NAGOYA~	磯部 心	K-1 / Krush / Krush-EX	https://www.k-1.co.jp/fighter/127	official
shigemori-yota	重森 陽太	MAGNUM41☆試合結果速報	カターテープ・ポー．アリパーイ	新日本キックボクシング協会(SNKA)	https://ameblo.jp/skb-blog/entry-12163938400.html	official
mishima-ryuhei	三島 流平	Krush-EX 2014 vol.5	靖仁	K-1 / Krush / Krush-EX	https://www.k-1.co.jp/fighter/378	official
ayaka	Ayaka	DEEP☆KICK 40	TOMOMI	DEEP☆KICK	https://www.deep-kick.com/posts/6961368?categoryIds=1233394	official
saito-takehiko	斎藤 武彦	Krush-EX 2014 vol.6	菊崎 義史	K-1 / Krush / Krush-EX	https://www.k-1.co.jp/fighter/327	official
saito-takehiko	斎藤 武彦	Krush-EX 2014 vol.4	細越 智貴	K-1 / Krush / Krush-EX	https://www.k-1.co.jp/fighter/327	official
saito-takehiko	斎藤 武彦	Krush-EX 2014 vol.3	記村 一成	K-1 / Krush / Krush-EX	https://www.k-1.co.jp/fighter/327	official
saito-takehiko	斎藤 武彦	Krush-IGNITION 2013 vol.8	CAZ JANJIRA	K-1 / Krush / Krush-EX	https://www.k-1.co.jp/fighter/327	official
horita-yuzuki	堀田 優月	7月3日 DUEL 24 試合結果	鍋倉凛音	NJKF	https://www.njkf.info/result/duel-24.html	official
jin-mandokoro	政所 仁	DEEP☆KICK 40	滉大	DEEP☆KICK	https://www.deep-kick.com/posts/6961368?categoryIds=1233394	official
kondo-taisei	近藤 大成	Krush-IGNITION 2013 vol.7	中島弘貴	K-1 / Krush / Krush-EX	https://www.k-1.co.jp/fighter/339	official
kondo-taisei	近藤 大成	Krush-IGNITION 2013 vol.3	KENJI	K-1 / Krush / Krush-EX	https://www.k-1.co.jp/fighter/339	official
kondo-taisei	近藤 大成	Krush-EX 2012 vol.4	フレッド・マトス	K-1 / Krush / Krush-EX	https://www.k-1.co.jp/fighter/339	official
yamato-yuuya	大和侑也	Krush.22 ~in NAGOYA~	久保優太	K-1 / Krush / Krush-EX	https://www.k-1.co.jp/fighter/319	official
nakashima-tsuyoshi	中嶋 剛志	Krush-EX 2012 vol.4	皇治	K-1 / Krush / Krush-EX	https://www.k-1.co.jp/fighter/195	official
nakashima-tsuyoshi	中嶋 剛志	Krush YOUTH GP 2011 開幕戦I	鈴木翔也	K-1 / Krush / Krush-EX	https://www.k-1.co.jp/fighter/195	official
nakashima-tsuyoshi	中嶋 剛志	Krush-EX 2011 vol.2	後藤 勝也	K-1 / Krush / Krush-EX	https://www.k-1.co.jp/fighter/195	official
suda-takayoshi	須田 孝禎	Krush-IGNITION 2013 vol.7	MITSUTAKA	K-1 / Krush / Krush-EX	https://www.k-1.co.jp/fighter/135	official
takashi	武士	Krush-EX 2011 vol.1	TAIRA	K-1 / Krush / Krush-EX	https://www.k-1.co.jp/fighter/510	official
sanchez-yayoi	サンチェス弥生	Krush-IGNITION 2013 vol.3	林 美久	K-1 / Krush / Krush-EX	https://www.k-1.co.jp/fighter/394	official
tarou	TARO	Krush-EX 2011 vol.1	伊澤 波人	K-1 / Krush / Krush-EX	https://www.k-1.co.jp/fighter/194	official
isobe-shin	磯部 心	Krush.22 ~in NAGOYA~	作田 良典	K-1 / Krush / Krush-EX	https://www.k-1.co.jp/fighter/105	official
saito-chigusa	斎藤 千種	7月3日 DUEL 24 試合結果	撫子	NJKF	https://www.njkf.info/result/duel-24.html	official
saito-chigusa	斎藤 千種	10月16日 DUEL.25 試合結果	世莉JSK	NJKF	https://www.njkf.info/result/duel-25.html	official
saito-chigusa	斎藤 千種	11月31日 DUEL.22 試合結果	撫子	NJKF	https://www.njkf.info/result/duel22_result.html	official
saito-chigusa	斎藤 千種	12月8日 DUEL.32 試合結果	祥子JSK	NJKF	https://www.njkf.info/result/duel32.html	official
kamata-hirofumi	鎌田 裕史	Krush-IGNITION 2013 vol.7	アンドリュー“KEN”ブリュースター	K-1 / Krush / Krush-EX	https://www.k-1.co.jp/fighter/117	official
seiki-ueyama	植山征紀		カン・ビュンユ	SHOOT BOXING	https://shootboxing.org/fighter/ueyama_seiki/	official
yamazaki-hideaki	山崎秀晃	Krush-EX 2011 vol.2	TaCa	K-1 / Krush / Krush-EX	https://www.k-1.co.jp/fighter/8	official
kunitaka	国崇	NJKF 2013 5th ISKA世界タイトルマッチ ISKAムエタイ世界フェザー級暫定王座決定戦　3分5R	パトリック・カータ	NJKF	https://ja.wikipedia.org/wiki/%E5%9B%BD%E5%B4%87	wikipedia
hiroya	HIROYA	Krush YOUTH GP 2011 開幕戦I	小川 翔	K-1 / Krush / Krush-EX	https://www.k-1.co.jp/fighter/15	official
hiroya	HIROYA	Krush YOUTH GP 2011 開幕戦I	星川大輝	K-1 / Krush / Krush-EX	https://www.k-1.co.jp/fighter/15	official
fujiwara-keizo	藤原 啓三	Krush-EX 2011 vol.2	久保孝太	K-1 / Krush / Krush-EX	https://www.k-1.co.jp/fighter/504	official
zuzu	ズズ	Krush-EX 2014 vol.6	訓-NORI-	K-1 / Krush / Krush-EX	https://www.k-1.co.jp/fighter/416	official
takahashi-kazuki	高橋 一熹	Krush-EX 2014 vol.7	本村 謙太	K-1 / Krush / Krush-EX	https://www.k-1.co.jp/fighter/296	official
nekota	ねこ太	10月16日 DUEL.25 試合結果	撫子	NJKF	https://www.njkf.info/result/duel-25.html	official
anpo-rukiya	安保瑠輝也	Krush.22 ~in NAGOYA~	平塚 大士	K-1 / Krush / Krush-EX	https://www.k-1.co.jp/fighter/260	official
andoryu-ken-buryusuta	アンドリュー“KEN”ブリュースター	Krush-EX 2014 vol.3	勝大	K-1 / Krush / Krush-EX	https://www.k-1.co.jp/fighter/102	official
andoryu-ken-buryusuta	アンドリュー“KEN”ブリュースター	Krush-IGNITION 2013 vol.7	鎌田 裕史	K-1 / Krush / Krush-EX	https://www.k-1.co.jp/fighter/102	official
andoryu-ken-buryusuta	アンドリュー“KEN”ブリュースター	Krush-IGNITION 2013 vol.4	隆聖	K-1 / Krush / Krush-EX	https://www.k-1.co.jp/fighter/102	official
yasuhito	靖仁	Krush-EX 2014 vol.6	細越 智貴	K-1 / Krush / Krush-EX	https://www.k-1.co.jp/fighter/352	official
yasuhito	靖仁	Krush-EX 2014 vol.5	三島 流平	K-1 / Krush / Krush-EX	https://www.k-1.co.jp/fighter/352	official
hayashi-kyohei	林 京平	Krush-EX 2014 vol.7	大滝 裕太	K-1 / Krush / Krush-EX	https://www.k-1.co.jp/fighter/196	official
hayashi-kyohei	林 京平	Krush-EX 2014 vol.5	伊藤健人	K-1 / Krush / Krush-EX	https://www.k-1.co.jp/fighter/196	official
hayashi-kyohei	林 京平	Krush-IGNITION 2013 vol.7	林 健太	K-1 / Krush / Krush-EX	https://www.k-1.co.jp/fighter/196	official
hayashi-kyohei	林 京平	Krush-IGNITION 2013 vol.3	貴章	K-1 / Krush / Krush-EX	https://www.k-1.co.jp/fighter/196	official
hayashi-kyohei	林 京平	Krush-IGNITION 2013 vol.1	耀織	K-1 / Krush / Krush-EX	https://www.k-1.co.jp/fighter/196	official
taisuke	TAISUKE	Krush-EX 2012 vol.4	鈴木 雅博	K-1 / Krush / Krush-EX	https://www.k-1.co.jp/fighter/237	official
makihira-keita	牧平 圭太	Krush-IGNITION 2013 vol.4	テヨン	K-1 / Krush / Krush-EX	https://www.k-1.co.jp/fighter/10	official
makihira-keita	牧平 圭太	Krush.22 ~in NAGOYA~	野杁正明	K-1 / Krush / Krush-EX	https://www.k-1.co.jp/fighter/10	official
miwa-yuki	三輪 裕樹	Krush-EX 2014 vol.7	落合 淳	K-1 / Krush / Krush-EX	https://www.k-1.co.jp/fighter/257	official
miwa-yuki	三輪 裕樹	Krush-EX 2014 vol.5	明戸 仁志	K-1 / Krush / Krush-EX	https://www.k-1.co.jp/fighter/257	official
kitamura-miki	喜多村 美紀	10月16日 DUEL.25 試合結果	紗耶香	NJKF	https://www.njkf.info/result/duel-25.html	official
kurasaki-masafumi	倉崎 昌史	Krush-EX 2014 vol.6	鈴木 雅博	K-1 / Krush / Krush-EX	https://www.k-1.co.jp/fighter/181	official
yoshiki-3	良輝	Krush-EX 2014 vol.6	石田 圭祐	K-1 / Krush / Krush-EX	https://www.k-1.co.jp/fighter/164	official
yoshiki-3	良輝	Krush-IGNITION 2013 vol.6	堀尾竜司	K-1 / Krush / Krush-EX	https://www.k-1.co.jp/fighter/164	official
yoshiki-3	良輝	Krush-IGNITION 2013 vol.6	リョウタ	K-1 / Krush / Krush-EX	https://www.k-1.co.jp/fighter/164	official
yoshiki-3	良輝	Krush-IGNITION 2013 vol.1	隆聖	K-1 / Krush / Krush-EX	https://www.k-1.co.jp/fighter/164	official
iwasaki-hiroto	岩﨑 悠斗	Krush-IGNITION 2013 vol.8	緒方 惇	K-1 / Krush / Krush-EX	https://www.k-1.co.jp/fighter/268	official
shoei-yamazaki	山崎 尚英	7月3日 DUEL 24 試合結果	細川裕人	NJKF	https://www.njkf.info/result/duel-24.html	official
tsukakoshi-hitoshi	塚越 仁志	Krush-IGNITION 2013 vol.3	山際 和希	K-1 / Krush / Krush-EX	https://www.k-1.co.jp/fighter/298	official
tsukakoshi-hitoshi	塚越 仁志	Krush-EX 2011 vol.2	渡部 翔太	K-1 / Krush / Krush-EX	https://www.k-1.co.jp/fighter/298	official
watanabe-kenji	渡辺健司	MAGNUM41☆試合結果速報	松岡 力	新日本キックボクシング協会(SNKA)	https://ameblo.jp/skb-blog/entry-12163938400.html	official
nakajima-hiroki	中島 弘貴	Krush-IGNITION 2013 vol.7	近藤 大成	K-1 / Krush / Krush-EX	https://www.k-1.co.jp/fighter/11	official
nakajima-hiroki	中島 弘貴	Krush-IGNITION 2013 vol.4	KEN	K-1 / Krush / Krush-EX	https://www.k-1.co.jp/fighter/11	official
satou-yoshihiro	佐藤嘉洋	Krush.22 ~in NAGOYA~	大和 哲也	K-1 / Krush / Krush-EX	https://www.k-1.co.jp/fighter/362	official
sayaka-2	紗耶香	7月3日 DUEL 24 試合結果	佐藤”魔王”応紀	NJKF	https://www.njkf.info/result/duel-24.html	official
sayaka-2	紗耶香	10月16日 DUEL.25 試合結果	喜多村美紀	NJKF	https://www.njkf.info/result/duel-25.html	official
chien-ueitin	チェン・ウェイティン	Krush-IGNITION 2013 vol.4	朱里	K-1 / Krush / Krush-EX	https://www.k-1.co.jp/fighter/397	official
seina	聖愛	DEEP☆KICK 40	真美	DEEP☆KICK	https://www.deep-kick.com/posts/6961368?categoryIds=1233394	official
watanabe-shunya	渡部 瞬弥	11月31日 DUEL.22 試合結果	パヤヤーム浜田	NJKF	https://www.njkf.info/result/duel22_result.html	official
okawa-kaoru	大川 かおる	Krush-EX 2014 vol.3	楓花	K-1 / Krush / Krush-EX	https://www.k-1.co.jp/fighter/386	official
kikuzaki-yoshifumi	菊崎 義史	Krush-EX 2014 vol.6	斎藤 武彦	K-1 / Krush / Krush-EX	https://www.k-1.co.jp/fighter/336	official
sato-atsushi	佐藤 篤史	Krush.22 ~in NAGOYA~	西内 貴洋	K-1 / Krush / Krush-EX	https://www.k-1.co.jp/fighter/363	official
ryukei	龍啓	Krush-EX 2012 vol.4	卜部功也	K-1 / Krush / Krush-EX	https://www.k-1.co.jp/fighter/325	official
satoru	沙斗流	Krush-EX 2014 vol.3	佐野天馬	K-1 / Krush / Krush-EX	https://www.k-1.co.jp/fighter/130	official
masami-2	真美	DEEP☆KICK 40	聖愛	DEEP☆KICK	https://www.deep-kick.com/posts/6961368?categoryIds=1233394	official
taisei-umei	梅井泰成	DEEP☆KICK 40	力哉	DEEP☆KICK	https://www.deep-kick.com/posts/6961368?categoryIds=1233394	official
seri-jsk	世莉JSK	10月16日 DUEL.25 試合結果	斎藤千種	NJKF	https://www.njkf.info/result/duel-25.html	official
shimano-koutarou	島野浩太朗	Krush-IGNITION 2013 vol.7	加藤 港	K-1 / Krush / Krush-EX	https://www.k-1.co.jp/fighter/229	official
katsuji	勝次	MAGNUM41☆試合結果速報	永澤 サムエル 聖光	新日本キックボクシング協会(SNKA)	https://ameblo.jp/skb-blog/entry-12163938400.html	official
taniyama-toshiki	谷山 俊樹	Krush-EX 2012 vol.4	緒方 惇	K-1 / Krush / Krush-EX	https://www.k-1.co.jp/fighter/293	official
hasegawa-yutaka	長谷川 豊	Krush-EX 2014 vol.7	小鉄	K-1 / Krush / Krush-EX	https://www.k-1.co.jp/fighter/415	official
ogata-atsushi	緒方 惇	Krush-IGNITION 2013 vol.8	岩崎 悠斗	K-1 / Krush / Krush-EX	https://www.k-1.co.jp/fighter/273	official
ogata-atsushi	緒方 惇	Krush-EX 2012 vol.4	谷山 俊樹	K-1 / Krush / Krush-EX	https://www.k-1.co.jp/fighter/273	official
nishiuchi-takaumi	西内 貴洋	Krush.22 ~in NAGOYA~	佐藤 篤史	K-1 / Krush / Krush-EX	https://www.k-1.co.jp/fighter/345	official
paveru-maiya	パヴェル・マイヤー	K-1 Magyar 2005	ピーター・ヴァルガ	K-1 / Krush / Krush-EX	https://ja.wikipedia.org/wiki/%E3%83%91%E3%83%B4%E3%82%A7%E3%83%AB%E3%83%BB%E3%83%9E%E3%82%A4%E3%83%A4%E3%83%BC	wikipedia
yamato-tetsuya	大和 哲也	Krush.22 ~in NAGOYA~	佐藤 嘉洋	K-1 / Krush / Krush-EX	https://www.k-1.co.jp/fighter/318	official
yuuki-2	YUUKI	Krush-EX 2014 vol.5	斉藤 雄太	K-1 / Krush / Krush-EX	https://www.k-1.co.jp/fighter/353	official
yuuki-2	YUUKI	Krush-EX 2011 vol.1	関 太一	K-1 / Krush / Krush-EX	https://www.k-1.co.jp/fighter/353	official
nori	訓 -NORI-	Krush-EX 2014 vol.6	ズズ	K-1 / Krush / Krush-EX	https://www.k-1.co.jp/fighter/413	official
asami-zaurus	阿佐美ザウルス	Krush-EX 2014 vol.4	小鉄	K-1 / Krush / Krush-EX	https://www.k-1.co.jp/fighter/354	official
suzuki-shoya	鈴木 翔也	Krush YOUTH GP 2011 開幕戦I	中嶋 剛志	K-1 / Krush / Krush-EX	https://www.k-1.co.jp/fighter/231	official
kitamura-makoto	喜多村誠	MAGNUM41☆試合結果速報	ナ・スンイル	新日本キックボクシング協会(SNKA)	https://ameblo.jp/skb-blog/entry-12163938400.html	official
kizuku	築	Krush-IGNITION 2013 vol.6	林 将多	K-1 / Krush / Krush-EX	https://www.k-1.co.jp/fighter/223	official
ranbo	乱暴	Krush-IGNITION 2013 vol.3	大滝 裕太	K-1 / Krush / Krush-EX	https://www.k-1.co.jp/fighter/209	official
ranbo	乱暴	Krush YOUTH GP 2011 開幕戦I	野杁正明	K-1 / Krush / Krush-EX	https://www.k-1.co.jp/fighter/209	official
takezoe-shota	竹添 翔太	7月3日 DUEL 24 試合結果	庄司理玖斗	NJKF	https://www.njkf.info/result/duel-24.html	official
ishibashi-masayuki	石橋 真幸	Krush.22 ~in NAGOYA~	青津 潤平	K-1 / Krush / Krush-EX	https://www.k-1.co.jp/fighter/170	official
tsukuda-shingo	九十田 慎吾	Krush-EX 2012 vol.4	大川 一貴	K-1 / Krush / Krush-EX	https://www.k-1.co.jp/fighter/143	official
otaka-mizuki	大髙 瑞基	Krush.22 ~in NAGOYA~	Shi-mo	K-1 / Krush / Krush-EX	https://www.k-1.co.jp/fighter/115	official
taito	泰斗	Krush.22 ~in NAGOYA~	尾崎 圭司	K-1 / Krush / Krush-EX	https://www.k-1.co.jp/fighter/14	official
taito	泰斗	Krush-EX 2011 vol.1	佐々木涼助	K-1 / Krush / Krush-EX	https://www.k-1.co.jp/fighter/14	official
ozaki-keiji	尾崎圭司	Krush.22 ~in NAGOYA~	泰斗	K-1 / Krush / Krush-EX	https://www.k-1.co.jp/fighter/272	official
kikuzakiu-tan	菊崎U-TAN義史	Krush-EX 2011 vol.1	AKIRA	K-1 / Krush / Krush-EX	https://www.k-1.co.jp/fighter/454	official
motomura-kenta	本村 謙太	Krush-EX 2014 vol.7	高橋 一熹	K-1 / Krush / Krush-EX	https://www.k-1.co.jp/fighter/316	official
motomura-kenta	本村 謙太	Krush-EX 2014 vol.5	原田 ヨシキ	K-1 / Krush / Krush-EX	https://www.k-1.co.jp/fighter/316	official
taiga	大雅	Krush-IGNITION 2013 vol.6	伊澤 波人	K-1 / Krush / Krush-EX	https://www.k-1.co.jp/fighter/3	official
taiga	大雅	Krush-IGNITION 2013 vol.6	将大	K-1 / Krush / Krush-EX	https://www.k-1.co.jp/fighter/3	official
kurihara-keisuke	栗原 圭佑	Krush-IGNITION 2013 vol.8	西川 康平	K-1 / Krush / Krush-EX	https://www.k-1.co.jp/fighter/278	official
matsuno-yuki	松野 祐貴	Krush-IGNITION 2013 vol.1	渡辺 武	K-1 / Krush / Krush-EX	https://www.k-1.co.jp/fighter/253	official
takehiko	武彦	Krush.22 ~in NAGOYA~	富平 禎仁	K-1 / Krush / Krush-EX	https://www.k-1.co.jp/fighter/289	official
inazuma-shohei	稲妻 ショーヘイ	Krush-EX 2014 vol.5	kazyosi	K-1 / Krush / Krush-EX	https://www.k-1.co.jp/fighter/112	official
shibuya-koji	渋谷 昂治	11月31日 DUEL.22 試合結果	大稚YAMATO	NJKF	https://www.njkf.info/result/duel22_result.html	official
kubo-yuuta	久保優太	Krush.22 ~in NAGOYA~	大和 侑也	K-1 / Krush / Krush-EX	https://www.k-1.co.jp/fighter/13	official
seki-taichi	関 太一	Krush-EX 2011 vol.1	YUUKI	K-1 / Krush / Krush-EX	https://www.k-1.co.jp/fighter/478	official
miyazaki-naoto	宮崎 直人	Krush-EX 2011 vol.2	能登 崇	K-1 / Krush / Krush-EX	https://www.k-1.co.jp/fighter/506	official
naito-ryota	内藤凌太	DEEP☆KICK 40	市村大斗	DEEP☆KICK	https://www.deep-kick.com/posts/6961368?categoryIds=1233394	official
rikiya-2	力哉	DEEP☆KICK 40	梅井泰成	DEEP☆KICK	https://www.deep-kick.com/posts/6961368?categoryIds=1233394	official
hayashi-shota	林 将多	Krush-IGNITION 2013 vol.6	築	K-1 / Krush / Krush-EX	https://www.k-1.co.jp/fighter/247	official
hayashi-shota	林 将多	Krush.22 ~in NAGOYA~	悠矢	K-1 / Krush / Krush-EX	https://www.k-1.co.jp/fighter/247	official
kouji	皇治	Krush-EX 2012 vol.4	中嶋 剛志	K-1 / Krush / Krush-EX	https://www.k-1.co.jp/fighter/184	official
hara-kazuhito	原 一仁	Krush-IGNITION 2013 vol.3	NOMAN	K-1 / Krush / Krush-EX	https://www.k-1.co.jp/fighter/307	official
matsuoka-riki	松岡 力	MAGNUM41☆試合結果速報	渡辺 健司	新日本キックボクシング協会(SNKA)	https://ameblo.jp/skb-blog/entry-12163938400.html	official
tosaka-takumi	登坂 匠	Krush-EX 2014 vol.3	一仁	K-1 / Krush / Krush-EX	https://www.k-1.co.jp/fighter/137	official
tosaka-takumi	登坂 匠	Krush.22 ~in NAGOYA~	瀧谷渉太	K-1 / Krush / Krush-EX	https://www.k-1.co.jp/fighter/137	official
tomomi	TOMOMI	DEEP☆KICK 40	Ayaka	DEEP☆KICK	https://www.deep-kick.com/posts/6961368?categoryIds=1233394	official
aruberuto-kanposu	アルベルト・カンポス			RISE	https://rise-rc.com/fighter/albert_campos/	official
jabito-bairami	ジャビット・バイラミ	K-1 Rules Fight Night 2008	Daniel Torok	K-1 / Krush / Krush-EX	https://ja.wikipedia.org/wiki/%E3%82%B8%E3%83%A3%E3%83%93%E3%83%83%E3%83%88%E3%83%BB%E3%83%90%E3%82%A4%E3%83%A9%E3%83%9F	wikipedia
furedo-matosu	フレッド・マトス	Krush-EX 2012 vol.4	近藤 大成	K-1 / Krush / Krush-EX	https://www.k-1.co.jp/fighter/374	official
okawa-kazuki	大川 一貴	Krush-EX 2012 vol.4	九十田 慎吾	K-1 / Krush / Krush-EX	https://www.k-1.co.jp/fighter/116	official
sano-tenma	佐野 天馬	Krush-EX 2014 vol.4	石田 圭祐	K-1 / Krush / Krush-EX	https://www.k-1.co.jp/fighter/88	official
sano-tenma	佐野 天馬	Krush-EX 2014 vol.4	Shi-mo	K-1 / Krush / Krush-EX	https://www.k-1.co.jp/fighter/88	official
sano-tenma	佐野 天馬	Krush-EX 2014 vol.3	沙斗流	K-1 / Krush / Krush-EX	https://www.k-1.co.jp/fighter/88	official
sano-tenma	佐野 天馬	Krush-IGNITION 2013 vol.6	池野 翔	K-1 / Krush / Krush-EX	https://www.k-1.co.jp/fighter/88	official
harada-yoshiki	原田 ヨシキ	Krush-EX 2014 vol.5	本村 謙太	K-1 / Krush / Krush-EX	https://www.k-1.co.jp/fighter/310	official
ito-kento	伊藤 健人	Krush-EX 2014 vol.5	林 京平	K-1 / Krush / Krush-EX	https://www.k-1.co.jp/fighter/82	official
yasuda-keijiro	安田 慶二郎	Krush.22 ~in NAGOYA~	前田 修	K-1 / Krush / Krush-EX	https://www.k-1.co.jp/fighter/320	official
taira	TAIRA	Krush-EX 2011 vol.1	武士	K-1 / Krush / Krush-EX	https://www.k-1.co.jp/fighter/509	official
watanabe-takeshi-2	渡辺 武	Krush-IGNITION 2013 vol.1	松野 祐貴	K-1 / Krush / Krush-EX	https://www.k-1.co.jp/fighter/263	official
watanabe-takeshi-2	渡辺 武	Krush-EX 2011 vol.2	鬥嘩裟	K-1 / Krush / Krush-EX	https://www.k-1.co.jp/fighter/263	official
mitsutaka	MITSUTAKA	Krush-EX 2014 vol.3	Shi-mo	K-1 / Krush / Krush-EX	https://www.k-1.co.jp/fighter/159	official
mitsutaka	MITSUTAKA	Krush-IGNITION 2013 vol.7	須田 孝禎	K-1 / Krush / Krush-EX	https://www.k-1.co.jp/fighter/159	official
hiroyuki	HIROYUKI	20年月日 / 新日本キック TITANS NEOS 26	KING強介	Bigbang	https://bigbang-kick.com/hiroyuki-bigbang%e5%87%ba%e5%a0%b4%e9%81%b8%e6%89%8b%e8%a7%a3%e8%aa%ac/	official
hayashi-kenta	林 健太	Krush-IGNITION 2013 vol.7	林 京平	K-1 / Krush / Krush-EX	https://www.k-1.co.jp/fighter/199	official
wakasugi	若杉 成次	Krush-EX 2011 vol.1	前田 修	K-1 / Krush / Krush-EX	https://www.k-1.co.jp/fighter/511	official
kengo	拳剛	DEEP☆KICK 40	鷹介	DEEP☆KICK	https://www.deep-kick.com/posts/6961368?categoryIds=1233394	official
kirachihiro	キラッ☆Chihiro	Krush-IGNITION 2013 vol.1	楓花	K-1 / Krush / Krush-EX	https://www.k-1.co.jp/fighter/390	official
hoshikawa-daiki	星川 大輝	Krush YOUTH GP 2011 開幕戦I	HIROYA	K-1 / Krush / Krush-EX	https://www.k-1.co.jp/fighter/471	official
tobe-ryuma	戸邊 隆馬	Krush-IGNITION 2013 vol.3	伊澤 波人	K-1 / Krush / Krush-EX	https://www.k-1.co.jp/fighter/77	official
tobe-ryuma	戸邊 隆馬	Krush-EX 2011 vol.2	将太	K-1 / Krush / Krush-EX	https://www.k-1.co.jp/fighter/77	official
shishido-hiroki	宍戸 大樹		劉献偉	SHOOT BOXING	https://shootboxing.org/fighter/shishido_hiroki/	official
ruijanjira-447	RUI JANJIRA	9月10日 DUEL.28 試合結果	珠璃	NJKF	https://www.njkf.info/result/duel28.html	official
shuto-miyazaki	宮崎就斗	DEEP☆KICK 40	横野 洋	DEEP☆KICK	https://www.deep-kick.com/posts/6961368?categoryIds=1233394	official
goto-katsuya	後藤 勝也	Krush-EX 2011 vol.2	中嶋 剛志	K-1 / Krush / Krush-EX	https://www.k-1.co.jp/fighter/183	official
watanabe-raina	渡部 蕾	12月8日 DUEL.32 試合結果	大久保貴宏	NJKF	https://www.njkf.info/result/duel32.html	official
hayama-syohei	葉山 翔平	Krush-IGNITION 2013 vol.3	中村 圭佑	K-1 / Krush / Krush-EX	https://www.k-1.co.jp/fighter/248	official
koki-6	虎宇輝	Krush-EX 2014 vol.7	細越 智貴	K-1 / Krush / Krush-EX	https://www.k-1.co.jp/fighter/340	official
kazuyoshi	kazyosi	Krush-EX 2014 vol.5	稲妻 ショーヘイ	K-1 / Krush / Krush-EX	https://www.k-1.co.jp/fighter/57	official
kazuyoshi	kazyosi	Krush-IGNITION 2013 vol.4	瀧谷渉太	K-1 / Krush / Krush-EX	https://www.k-1.co.jp/fighter/57	official
tomihira-yoshihito	富平 禎仁	Krush.22 ~in NAGOYA~	武彦	K-1 / Krush / Krush-EX	https://www.k-1.co.jp/fighter/301	official
saito-yuta	斉藤 雄太	Krush-EX 2014 vol.5	YUUKI	K-1 / Krush / Krush-EX	https://www.k-1.co.jp/fighter/338	official
akimoto-kazuya	秋元 和也	Krush-IGNITION 2013 vol.8	小鉄	K-1 / Krush / Krush-EX	https://www.k-1.co.jp/fighter/54	official
yu-hirono	廣野 祐	Krush-EX 2012 vol.4	ジャングルコーキ	K-1 / Krush / Krush-EX	https://www.k-1.co.jp/fighter/445	official
katsuhiro	勝大	Krush-EX 2014 vol.3	アンドリュー“KEN”ブリュースター	K-1 / Krush / Krush-EX	https://www.k-1.co.jp/fighter/119	official
danger-uchiyama	デンジャー内山	Krush-IGNITION 2013 vol.1	一真	K-1 / Krush / Krush-EX	https://www.k-1.co.jp/fighter/287	official
syuto	愁斗	DUEL.26	徹平	NJKF	https://www.njkf.info/result/duel-26.html	official
hanawa-takao	塙 隆雄	Krush-EX 2014 vol.4	翔也	K-1 / Krush / Krush-EX	https://www.k-1.co.jp/fighter/197	official
noman	NOMAN	Krush-IGNITION 2013 vol.3	原 一仁	K-1 / Krush / Krush-EX	https://www.k-1.co.jp/fighter/9	official
hosogoe-takaki	細越 貴己	Krush-EX 2014 vol.7	虎宇輝	K-1 / Krush / Krush-EX	https://www.k-1.co.jp/fighter/330	official
hosogoe-takaki	細越 貴己	Krush-EX 2014 vol.6	靖仁	K-1 / Krush / Krush-EX	https://www.k-1.co.jp/fighter/330	official
hosogoe-takaki	細越 貴己	Krush-EX 2014 vol.4	斎藤 武彦	K-1 / Krush / Krush-EX	https://www.k-1.co.jp/fighter/330	official
otaki-yuta	大滝 裕太	Krush-EX 2014 vol.7	林 京平	K-1 / Krush / Krush-EX	https://www.k-1.co.jp/fighter/174	official
otaki-yuta	大滝 裕太	Krush-IGNITION 2013 vol.3	乱暴	K-1 / Krush / Krush-EX	https://www.k-1.co.jp/fighter/174	official
reona-petasu	レオナ・ペタス	Krush-IGNITION 2013 vol.3	明戸 仁志	K-1 / Krush / Krush-EX	https://www.k-1.co.jp/fighter/261	official
miyachi-kentaro	宮地 謙太朗	Krush.22 ~in NAGOYA~	杦岡 誉崇	K-1 / Krush / Krush-EX	https://www.k-1.co.jp/fighter/254	official
ito-yuichiro	伊藤 佑一郎	Krush-IGNITION 2013 vol.8	濱田 修成	K-1 / Krush / Krush-EX	https://www.k-1.co.jp/fighter/110	official
ito-yuichiro	伊藤 佑一郎	Krush-EX 2011 vol.2	加藤 港	K-1 / Krush / Krush-EX	https://www.k-1.co.jp/fighter/110	official
sugioka-yasutaka	杦岡 誉崇	Krush.22 ~in NAGOYA~	宮地 謙太朗	K-1 / Krush / Krush-EX	https://www.k-1.co.jp/fighter/285	official
ishida-keisuke	石田 圭祐	Krush-EX 2014 vol.6	良輝	K-1 / Krush / Krush-EX	https://www.k-1.co.jp/fighter/107	official
ishida-keisuke	石田 圭祐	Krush-EX 2014 vol.4	佐野天馬	K-1 / Krush / Krush-EX	https://www.k-1.co.jp/fighter/107	official
ishida-keisuke	石田 圭祐	Krush-EX 2014 vol.4	リョウタ	K-1 / Krush / Krush-EX	https://www.k-1.co.jp/fighter/107	official
ishida-keisuke	石田 圭祐	Krush-EX 2014 vol.3	濱田 修成	K-1 / Krush / Krush-EX	https://www.k-1.co.jp/fighter/107	official
ishida-keisuke	石田 圭祐	Krush-IGNITION 2013 vol.6	堀尾竜司	K-1 / Krush / Krush-EX	https://www.k-1.co.jp/fighter/107	official
andi-sawa	アンディ・サワー	K-1 WORLD MAX 2007～世界一決定トーナメント開幕戦～	オーレ・ローセン	SHOOT BOXING	https://shootboxing.org/fighter/andy_sower/	official
mana	真奈	Krush-IGNITION 2013 vol.4	楓花	K-1 / Krush / Krush-EX	https://www.k-1.co.jp/fighter/402	official
yokono-hiro	横野 洋	DEEP☆KICK 40	宮崎就斗	DEEP☆KICK	https://www.deep-kick.com/posts/6961368?categoryIds=1233394	official
k1-198	Bro.RYO	Krush-EX 2014 vol.4	鈴木 雅博	K-1 / Krush / Krush-EX	https://www.k-1.co.jp/fighter/198	official
k1-198	Bro.RYO	Krush-IGNITION 2013 vol.7	鈴木 雅博	K-1 / Krush / Krush-EX	https://www.k-1.co.jp/fighter/198	official
k1-198	Bro.RYO	Krush-IGNITION 2013 vol.4	濱田 修成	K-1 / Krush / Krush-EX	https://www.k-1.co.jp/fighter/198	official
nakashima-takanori-2	中島 隆徳	7月3日 DUEL 24 試合結果	愛輝	NJKF	https://www.njkf.info/result/duel-24.html	official
aketo-hitoshi	明戸 仁志	Krush-EX 2014 vol.5	三輪 裕樹	K-1 / Krush / Krush-EX	https://www.k-1.co.jp/fighter/212	official
aketo-hitoshi	明戸 仁志	Krush-EX 2014 vol.4	RYO	K-1 / Krush / Krush-EX	https://www.k-1.co.jp/fighter/212	official
aketo-hitoshi	明戸 仁志	Krush-IGNITION 2013 vol.3	レオナ・ペタス	K-1 / Krush / Krush-EX	https://www.k-1.co.jp/fighter/212	official
ozawa-kaito	小澤 海斗	Krush-EX 2014 vol.5	山川 昌志	K-1 / Krush / Krush-EX	https://www.k-1.co.jp/fighter/176	official
izawa-namito	伊澤 波人	Krush-IGNITION 2013 vol.6	大雅	K-1 / Krush / Krush-EX	https://www.k-1.co.jp/fighter/106	official
izawa-namito	伊澤 波人	Krush-IGNITION 2013 vol.6	隆聖	K-1 / Krush / Krush-EX	https://www.k-1.co.jp/fighter/106	official
izawa-namito	伊澤 波人	Krush-IGNITION 2013 vol.3	戸邊隆馬	K-1 / Krush / Krush-EX	https://www.k-1.co.jp/fighter/106	official
izawa-namito	伊澤 波人	Krush-EX 2011 vol.1	TARO	K-1 / Krush / Krush-EX	https://www.k-1.co.jp/fighter/106	official
yoshimi	443	Krush-EX 2014 vol.4	楓花	K-1 / Krush / Krush-EX	https://www.k-1.co.jp/fighter/406	official
yamada-hideto	山田 英登	Krush-EX 2011 vol.1	小鉄	K-1 / Krush / Krush-EX	https://www.k-1.co.jp/fighter/513	official
ochiai-jun	落合 淳	Krush-EX 2014 vol.7	三輪 裕樹	K-1 / Krush / Krush-EX	https://www.k-1.co.jp/fighter/219	official
ochiai-jun	落合 淳	Krush-IGNITION 2013 vol.8	中村 圭佑	K-1 / Krush / Krush-EX	https://www.k-1.co.jp/fighter/219	official
urabe-kouya	卜部功也	Krush-EX 2012 vol.4	龍啓	K-1 / Krush / Krush-EX	https://www.k-1.co.jp/fighter/5	official
fuka	楓花	Krush-EX 2014 vol.4	443	K-1 / Krush / Krush-EX	https://www.k-1.co.jp/fighter/400	official
fuka	楓花	Krush-EX 2014 vol.3	大川 かおる	K-1 / Krush / Krush-EX	https://www.k-1.co.jp/fighter/400	official
fuka	楓花	Krush-IGNITION 2013 vol.4	真奈	K-1 / Krush / Krush-EX	https://www.k-1.co.jp/fighter/400	official
fuka	楓花	Krush-IGNITION 2013 vol.1	キラッ☆Chihiro	K-1 / Krush / Krush-EX	https://www.k-1.co.jp/fighter/400	official
suzuki-masahiro	鈴木 雅博	Krush-EX 2014 vol.6	倉崎 昌史	K-1 / Krush / Krush-EX	https://www.k-1.co.jp/fighter/190	official
suzuki-masahiro	鈴木 雅博	Krush-EX 2014 vol.4	Bro.RYO	K-1 / Krush / Krush-EX	https://www.k-1.co.jp/fighter/190	official
suzuki-masahiro	鈴木 雅博	Krush-IGNITION 2013 vol.7	Bro.RYO	K-1 / Krush / Krush-EX	https://www.k-1.co.jp/fighter/190	official
suzuki-masahiro	鈴木 雅博	Krush-EX 2012 vol.4	TAISUKE	K-1 / Krush / Krush-EX	https://www.k-1.co.jp/fighter/190	official
taichi-nomura	野村太一	202年月日 / Super Bigbang 2025	乾 秀人	Bigbang	https://bigbang-kick.com/%e9%87%8e%e6%9d%91%e5%a4%aa%e4%b8%80-bigbang%e5%87%ba%e5%a0%b4%e9%81%b8%e6%89%8b%e8%a7%a3%e8%aa%ac/	official
oiwa-ryuse	大岩 竜世	12月8日 DUEL.32 試合結果	赤平大治	NJKF	https://www.njkf.info/result/duel32.html	official
tsukasa	鬥嘩裟	Krush-EX 2011 vol.2	渡辺 武	K-1 / Krush / Krush-EX	https://www.k-1.co.jp/fighter/466	official
iwa-king	岩KING	DEEP☆KICK 40	若井秀幸	DEEP☆KICK	https://www.deep-kick.com/posts/6961368?categoryIds=1233394	official
man48	MAN☆48	Krush.22 ~in NAGOYA~	中野 祐基	K-1 / Krush / Krush-EX	https://www.k-1.co.jp/fighter/201	official
yosuke	鷹介	DEEP☆KICK 40	拳剛	DEEP☆KICK	https://www.deep-kick.com/posts/6961368?categoryIds=1233394	official
masahiro	将大	Krush-IGNITION 2013 vol.6	大雅	K-1 / Krush / Krush-EX	https://www.k-1.co.jp/fighter/151	official
noto-takashi	能登 崇	Krush-EX 2011 vol.2	宮崎直人	K-1 / Krush / Krush-EX	https://www.k-1.co.jp/fighter/505	official
jangurukoki	ジャングルコーキ	Krush-EX 2012 vol.4	廣野 祐	K-1 / Krush / Krush-EX	https://www.k-1.co.jp/fighter/364	official
kotetsu	小鉄	Krush-EX 2014 vol.7	長谷川 豊	K-1 / Krush / Krush-EX	https://www.k-1.co.jp/fighter/59	official
kotetsu	小鉄	Krush-EX 2014 vol.4	阿佐美ザウルス	K-1 / Krush / Krush-EX	https://www.k-1.co.jp/fighter/59	official
kotetsu	小鉄	Krush-IGNITION 2013 vol.8	秋元和也	K-1 / Krush / Krush-EX	https://www.k-1.co.jp/fighter/59	official
kotetsu	小鉄	Krush-EX 2011 vol.1	山田英登	K-1 / Krush / Krush-EX	https://www.k-1.co.jp/fighter/59	official
sasaki-daizo	佐々木 大蔵	Krush-IGNITION 2013 vol.4	園田 顕悟	K-1 / Krush / Krush-EX	https://www.k-1.co.jp/fighter/280	official
sasaki-daizo	佐々木 大蔵	Krush YOUTH GP 2011 開幕戦I	野杁正明	K-1 / Krush / Krush-EX	https://www.k-1.co.jp/fighter/280	official
sasaki-daizo	佐々木 大蔵	Krush YOUTH GP 2011 開幕戦I	翔太	K-1 / Krush / Krush-EX	https://www.k-1.co.jp/fighter/280	official
maeda-osamu	前田 修	Krush.22 ~in NAGOYA~	安田 慶二郎	K-1 / Krush / Krush-EX	https://www.k-1.co.jp/fighter/312	official
maeda-osamu	前田 修	Krush-EX 2011 vol.1	若杉成次	K-1 / Krush / Krush-EX	https://www.k-1.co.jp/fighter/312	official
kimura-kazunari	記村 一成	Krush-EX 2014 vol.3	斎藤 武彦	K-1 / Krush / Krush-EX	https://www.k-1.co.jp/fighter/358	official
noiri-masaaki	野杁正明	Krush.22 ~in NAGOYA~	牧平圭太	K-1 / Krush / Krush-EX	https://www.k-1.co.jp/fighter/41	official
noiri-masaaki	野杁正明	Krush YOUTH GP 2011 開幕戦I	佐々木 大蔵	K-1 / Krush / Krush-EX	https://www.k-1.co.jp/fighter/41	official
noiri-masaaki	野杁正明	Krush YOUTH GP 2011 開幕戦I	乱暴	K-1 / Krush / Krush-EX	https://www.k-1.co.jp/fighter/41	official
mio-rareina	MIO LaReyna	12月8日 DUEL.32 試合結果	妃芽奈	NJKF	https://www.njkf.info/result/duel32.html	official
ryou	RYO	Krush-EX 2014 vol.4	明戸 仁志	K-1 / Krush / Krush-EX	https://www.k-1.co.jp/fighter/259	official
aotsu-junpei	青津潤平	Krush-IGNITION 2013 vol.7	北井 智大	K-1 / Krush / Krush-EX	https://www.k-1.co.jp/fighter/211	official
aotsu-junpei	青津潤平	Krush.22 ~in NAGOYA~	石橋 真幸	K-1 / Krush / Krush-EX	https://www.k-1.co.jp/fighter/211	official
ryusei-3	隆聖	Krush-EX 2014 vol.3	リョウタ	K-1 / Krush / Krush-EX	https://www.k-1.co.jp/fighter/165	official
ryusei-3	隆聖	Krush-IGNITION 2013 vol.6	伊澤 波人	K-1 / Krush / Krush-EX	https://www.k-1.co.jp/fighter/165	official
ryusei-3	隆聖	Krush-IGNITION 2013 vol.4	アンドリュー“KEN”ブリュースター	K-1 / Krush / Krush-EX	https://www.k-1.co.jp/fighter/165	official
ryusei-3	隆聖	Krush-IGNITION 2013 vol.1	良輝	K-1 / Krush / Krush-EX	https://www.k-1.co.jp/fighter/165	official
saikyo-haruma	西京 春馬	Krush-EX 2014 vol.5	リョウタ	K-1 / Krush / Krush-EX	https://www.k-1.co.jp/fighter/55	official
rina	RINA	7月3日 DUEL 24 試合結果	久遠	NJKF	https://www.njkf.info/result/duel-24.html	official
hamada-syusei	濱田 修成	Krush-EX 2014 vol.3	石田 圭祐	K-1 / Krush / Krush-EX	https://www.k-1.co.jp/fighter/147	official
hamada-syusei	濱田 修成	Krush-IGNITION 2013 vol.8	伊藤 佑一郎	K-1 / Krush / Krush-EX	https://www.k-1.co.jp/fighter/147	official
hamada-syusei	濱田 修成	Krush-IGNITION 2013 vol.4	Bro.RYO	K-1 / Krush / Krush-EX	https://www.k-1.co.jp/fighter/147	official
kazuma-2	一真	Krush-IGNITION 2013 vol.1	デンジャー内山	K-1 / Krush / Krush-EX	https://www.k-1.co.jp/fighter/275	official
ryouta	リョウタ	Krush-EX 2014 vol.5	西京春馬	K-1 / Krush / Krush-EX	https://www.k-1.co.jp/fighter/167	official
ryouta	リョウタ	Krush-EX 2014 vol.4	石田 圭祐	K-1 / Krush / Krush-EX	https://www.k-1.co.jp/fighter/167	official
ryouta	リョウタ	Krush-EX 2014 vol.3	隆聖	K-1 / Krush / Krush-EX	https://www.k-1.co.jp/fighter/167	official
ryouta	リョウタ	Krush-IGNITION 2013 vol.6	良輝	K-1 / Krush / Krush-EX	https://www.k-1.co.jp/fighter/167	official
akimu	明夢	7月3日 DUEL 24 試合結果	玉城海優	NJKF	https://www.njkf.info/result/duel-24.html	official
akimu	明夢	12月8日 DUEL.32 試合結果	悠	NJKF	https://www.njkf.info/result/duel32.html	official
arekusanda-usutinofu	アレクサンダー・ウスティノフ	K-1 WORLD GP 2003 in PARIS以前の試合	パヴェル・マイヤー	K-1 / Krush / Krush-EX	https://ja.wikipedia.org/wiki/%E3%82%A2%E3%83%AC%E3%82%AF%E3%82%B5%E3%83%B3%E3%83%80%E3%83%BC%E3%83%BB%E3%82%A6%E3%82%B9%E3%83%86%E3%82%A3%E3%83%8E%E3%83%95	wikipedia
kodai	滉大	DEEP☆KICK 40	政所 仁	DEEP☆KICK	https://www.deep-kick.com/posts/6961368?categoryIds=1233394	official
yamakawa-masashi	山川 昌志	Krush-EX 2014 vol.5	小澤 海斗	K-1 / Krush / Krush-EX	https://www.k-1.co.jp/fighter/205	official
tomohiro-kitai	北井智大	Krush-IGNITION 2013 vol.7	青津 潤平	K-1 / Krush / Krush-EX	https://www.k-1.co.jp/fighter/222	official
tomohiro-kitai	北井智大	Krush-IGNITION 2013 vol.4	琢磨	K-1 / Krush / Krush-EX	https://www.k-1.co.jp/fighter/222	official
tomohiro-kitai	北井智大	Krush-IGNITION 2013 vol.1	悠矢	K-1 / Krush / Krush-EX	https://www.k-1.co.jp/fighter/222	official
nakamura-keisuke	中村 圭佑	Krush-IGNITION 2013 vol.8	落合 淳	K-1 / Krush / Krush-EX	https://www.k-1.co.jp/fighter/243	official
nakamura-keisuke	中村 圭佑	Krush-IGNITION 2013 vol.3	葉山 翔平	K-1 / Krush / Krush-EX	https://www.k-1.co.jp/fighter/243	official
nakamura-keisuke	中村 圭佑	Krush-EX 2011 vol.1	大沢 文也	K-1 / Krush / Krush-EX	https://www.k-1.co.jp/fighter/243	official
aiko	AIKO	10月16日 DUEL.25 試合結果	莉都	NJKF	https://www.njkf.info/result/duel-25.html	official
ken	KEN	Krush-IGNITION 2013 vol.4	中島弘貴	K-1 / Krush / Krush-EX	https://www.k-1.co.jp/fighter/359	official
teyon	テヨン	Krush-IGNITION 2013 vol.4	牧平圭太	K-1 / Krush / Krush-EX	https://www.k-1.co.jp/fighter/342	official
kato-go	加藤 港	Krush-EX 2014 vol.7	”DYNAMITE”髙橋佑太	K-1 / Krush / Krush-EX	https://www.k-1.co.jp/fighter/221	official
kato-go	加藤 港	Krush-IGNITION 2013 vol.7	島野 浩太朗	K-1 / Krush / Krush-EX	https://www.k-1.co.jp/fighter/221	official
kato-go	加藤 港	Krush-IGNITION 2013 vol.1	平塚 大士	K-1 / Krush / Krush-EX	https://www.k-1.co.jp/fighter/221	official
kato-go	加藤 港	Krush-EX 2011 vol.2	伊藤 佑一郎	K-1 / Krush / Krush-EX	https://www.k-1.co.jp/fighter/221	official
hayashi-miku	林 美久	Krush-IGNITION 2013 vol.3	サンチェス弥生	K-1 / Krush / Krush-EX	https://www.k-1.co.jp/fighter/399	official
akira	AKIRA	Krush-EX 2011 vol.1	菊崎U-TAN義史	K-1 / Krush / Krush-EX	https://www.k-1.co.jp/fighter/494	official
