type	slug	name	wins	losses	draws	unknown	total	gym	orgs	classification	note
F1(敗0)	tenshin-nasukawa	那須川天心	49	0	0	0	49	TARGET/Cygames	['RISE', 'KNOCK OUT', 'RIZIN', 'DEEP☆KICK']	正当な戦績(相互参照で矛盾なし)	対戦相手側ページとの相互参照(同日・同大会の結果が対になっているか)で矛盾を検出せず
F1(敗0)	rikarudo-burabo	リカルド・ブラボ	11	0	1	0	12	WSRフェアテックス	['RISE']	正当な戦績(相互参照で矛盾なし)	対戦相手側ページとの相互参照(同日・同大会の結果が対になっているか)で矛盾を検出せず
F1(敗0)	tomoyuki	TOMOYUKI	11	0	1	0	12		['K-1 / Krush / Krush-EX', 'DEEP☆KICK', 'NJKF']	正当な戦績(相互参照で矛盾なし)	対戦相手側ページとの相互参照(同日・同大会の結果が対になっているか)で矛盾を検出せず
F1(敗0)	shin-nopadeson	シン・ノッパデッソーン	10	0	1	0	11		['K-1 / Krush / Krush-EX', '新日本キックボクシング協会(SNKA)']	正当な戦績(相互参照で矛盾なし)	対戦相手側ページとの相互参照(同日・同大会の結果が対になっているか)で矛盾を検出せず
F1(敗0)	usami-hide-meison	宇佐美 秀 メイソン	9	0	2	0	11	Battle-Box	['RISE']	正当な戦績(相互参照で矛盾なし)	対戦相手側ページとの相互参照(同日・同大会の結果が対になっているか)で矛盾を検出せず
F1(敗0)	yuki-yoza	与座優貴	10	0	0	0	10	K-1 GYM SAGAMI-ONO KREST	['RISE', 'K-1 / Krush / Krush-EX']	正当な戦績(相互参照で矛盾なし)	対戦相手側ページとの相互参照(同日・同大会の結果が対になっているか)で矛盾を検出せず
F1(敗0)	tsujii-wakana	辻井和奏	8	0	1	0	9	BRING IT ONパラエストラAKK	['RISE', 'KNOCK OUT']	正当な戦績(相互参照で矛盾なし)	対戦相手側ページとの相互参照(同日・同大会の結果が対になっているか)で矛盾を検出せず
F1(敗0)	ueno-kanata	上野 奏貴	8	0	0	0	8	kickboxing gym  SHINYUUKI＋	['K-1 / Krush / Krush-EX', 'RIZIN']	正当な戦績(相互参照で矛盾なし)	対戦相手側ページとの相互参照(同日・同大会の結果が対になっているか)で矛盾を検出せず
F1(敗0)	kairi-yatagai	谷田貝海吏	8	0	0	0	8	CYCLONE GYM	['RISE', 'KROSS×OVER']	正当な戦績(相互参照で矛盾なし)	対戦相手側ページとの相互参照(同日・同大会の結果が対になっているか)で矛盾を検出せず
F1(敗0)	jonasu-sarushicha	ジョナス・サルシチャ	8	0	0	0	8	TF Team/CT Allan Popeye	['K-1 / Krush / Krush-EX']	正当な戦績(相互参照で矛盾なし)	対戦相手側ページとの相互参照(同日・同大会の結果が対になっているか)で矛盾を検出せず
F1(敗0)	haruka-shimada	島田知佳	8	0	0	0	8	team VASILEUS	['RISE', 'KROSS×OVER']	正当な戦績(相互参照で矛盾なし)	対戦相手側ページとの相互参照(同日・同大会の結果が対になっているか)で矛盾を検出せず
F1(敗0)	hyuu	陽勇	7	0	0	0	7	TEAM3K	['RISE', 'Stand up']	正当な戦績(相互参照で矛盾なし)	対戦相手側ページとの相互参照(同日・同大会の結果が対になっているか)で矛盾を検出せず
F1(敗0)	tsubasa-nio	鳰 翼	5	0	2	0	7	KSR GYM	['RISE', 'KROSS×OVER']	正当な戦績(相互参照で矛盾なし)	対戦相手側ページとの相互参照(同日・同大会の結果が対になっているか)で矛盾を検出せず
F1(敗0)	pk	センチャイ・PKセンチャイムエタイジム	7	0	0	0	7		['NJKF', 'HoostCup']	正当な戦績(相互参照で矛盾なし)	対戦相手側ページとの相互参照(同日・同大会の結果が対になっているか)で矛盾を検出せず
F1(敗0)	momoka-cinderella	桃花シンデレラ	7	0	0	0	7	山口道場	['RISE', 'DEEP☆KICK']	正当な戦績(相互参照で矛盾なし)	対戦相手側ページとの相互参照(同日・同大会の結果が対になっているか)で矛盾を検出せず
F1(敗0)	shiba-kojiro	芝 宏二郎	7	0	0	0	7	Striker GYM	['K-1 / Krush / Krush-EX', 'RIZIN', 'HoostCup']	正当な戦績(相互参照で矛盾なし)	対戦相手側ページとの相互参照(同日・同大会の結果が対になっているか)で矛盾を検出せず
F1(敗0)	yuta-uchida	内田雄大	6	0	0	1	7	フリー	['RISE', 'RIZIN', 'HoostCup']	正当な戦績(相互参照で矛盾なし)	対戦相手側ページとの相互参照(同日・同大会の結果が対になっているか)で矛盾を検出せず
F1(敗0)	katono-neigo	上遠野 寧吾	7	0	0	0	7	POWER OF DREAM	['K-1 / Krush / Krush-EX']	正当な戦績(相互参照で矛盾なし)	対戦相手側ページとの相互参照(同日・同大会の結果が対になっているか)で矛盾を検出せず
F1(敗0)	naofumi-yamashina	山科直史	7	0	0	0	7	極真会館	['RISE']	正当な戦績(相互参照で矛盾なし)	対戦相手側ページとの相互参照(同日・同大会の結果が対になっているか)で矛盾を検出せず
F1(敗0)	ryuu-tsua	リュウ・ツァー	6	0	0	0	6	唐山文旅驍騎ファイトクラブ/CFP	['K-1 / Krush / Krush-EX']	正当な戦績(相互参照で矛盾なし)	対戦相手側ページとの相互参照(同日・同大会の結果が対になっているか)で矛盾を検出せず
F1(敗0)	taishi-hiratsuka	平塚大士	6	0	0	0	6	チームドラゴン	['RIZIN', 'HoostCup']	正当な戦績(相互参照で矛盾なし)	対戦相手側ページとの相互参照(同日・同大会の結果が対になっているか)で矛盾を検出せず
F1(敗0)	yuto-3	優翔	6	0	0	0	6	team NOVA	['KNOCK OUT']	正当な戦績(相互参照で矛盾なし)	対戦相手側ページとの相互参照(同日・同大会の結果が対になっているか)で矛盾を検出せず
F1(敗0)	bobo-sacko	ボボ･サッコ	6	0	0	0	6	Teambilos Muaythaï Gym 77	['RISE']	正当な戦績(相互参照で矛盾なし)	対戦相手側ページとの相互参照(同日・同大会の結果が対になっているか)で矛盾を検出せず
F1(敗0)	nanaka-honda	本田ななか	6	0	0	0	6	TRY HARD GYM	['RISE', 'KROSS×OVER']	正当な戦績(相互参照で矛盾なし)	対戦相手側ページとの相互参照(同日・同大会の結果が対になっているか)で矛盾を検出せず
F1(敗0)	shuri	珠璃	4	0	1	0	5	闘神塾	['KNOCK OUT', 'NJKF']	正当な戦績(相互参照で矛盾なし)	対戦相手側ページとの相互参照(同日・同大会の結果が対になっているか)で矛盾を検出せず
F1(敗0)	karurosu-budio	カルロス・ブディオ	5	0	0	0	5	ブラジリアン・タイ	['RISE', 'HoostCup']	正当な戦績(相互参照で矛盾なし)	対戦相手側ページとの相互参照(同日・同大会の結果が対になっているか)で矛盾を検出せず
F1(敗0)	yodokunpon-uirasakureku	ヨードクンポン・ウィラサクレック	5	0	0	0	5	ウィラサクレック・フェアテックスジム	['K-1 / Krush / Krush-EX']	正当な戦績(相互参照で矛盾なし)	対戦相手側ページとの相互参照(同日・同大会の結果が対になっているか)で矛盾を検出せず
F1(敗0)	shiryu-minamihara	南原士龍	5	0	0	0	5	龍士會	['RISE']	正当な戦績(相互参照で矛盾なし)	対戦相手側ページとの相互参照(同日・同大会の結果が対になっているか)で矛盾を検出せず
F1(敗0)	makasu-ebagu	マーカス・エバーグ	5	0	0	0	5		['K-1 / Krush / Krush-EX']	正当な戦績(相互参照で矛盾なし)	対戦相手側ページとの相互参照(同日・同大会の結果が対になっているか)で矛盾を検出せず
F1(敗0)	taiki-matsui	松井大樹	5	0	0	0	5	MEIBUKAI	['RISE']	正当な戦績(相互参照で矛盾なし)	対戦相手側ページとの相互参照(同日・同大会の結果が対になっているか)で矛盾を検出せず
F1(敗0)	suzuki-shota	鈴木 翔大	5	0	0	0	5	澁谷会/TEAM KAITO	['K-1 / Krush / Krush-EX', 'KROSS×OVER']	正当な戦績(相互参照で矛盾なし)	対戦相手側ページとの相互参照(同日・同大会の結果が対になっているか)で矛盾を検出せず
F1(敗0)	sasaki-kosei	佐々木昊生	5	0	0	0	5	B.F.A-SEED	['RISE', 'KNOCK OUT', 'DEEP☆KICK', 'NJKF', 'HoostCup']	正当な戦績(相互参照で矛盾なし)	対戦相手側ページとの相互参照(同日・同大会の結果が対になっているか)で矛盾を検出せず
F1(敗0)	tian-tazan	ティアン・ターザン	4	0	0	0	4	Luc Verheije Fight Club	['K-1 / Krush / Krush-EX']	正当な戦績(相互参照で矛盾なし)	対戦相手側ページとの相互参照(同日・同大会の結果が対になっているか)で矛盾を検出せず
F1(敗0)	suzuki-chihiro	鈴木 千裕	3	0	1	0	4	KNOCK OUT クロスポイント吉祥寺	['KNOCK OUT']	正当な戦績(相互参照で矛盾なし)	対戦相手側ページとの相互参照(同日・同大会の結果が対になっているか)で矛盾を検出せず
F1(敗0)	kan-ri	カン・リー	4	0	0	0	4		['K-1 / Krush / Krush-EX']	正当な戦績(反証なし)	対戦相手が名簿外のため相互参照不可。他に疑わしい所見なし
F1(敗0)	karyu-giburein	カリュ・ギブレイン	4	0	0	0	4	ブラジル/ブラジリアン・タイ	['RISE']	正当な戦績(相互参照で矛盾なし)	対戦相手側ページとの相互参照(同日・同大会の結果が対になっているか)で矛盾を検出せず
F1(敗0)	hamana-hayato	浜名 颯斗	4	0	0	0	4	K-1ジム大宮チームレオン	['K-1 / Krush / Krush-EX']	正当な戦績(相互参照で矛盾なし)	対戦相手側ページとの相互参照(同日・同大会の結果が対になっているか)で矛盾を検出せず
F1(敗0)	yasuhito	靖仁	2	0	2	0	4		['K-1 / Krush / Krush-EX']	正当な戦績(相互参照で矛盾なし)	対戦相手側ページとの相互参照(同日・同大会の結果が対になっているか)で矛盾を検出せず
F1(敗0)	takumi-2	匠	4	0	0	0	4		['NJKF', 'JKA']	正当な戦績(相互参照で矛盾なし)	対戦相手側ページとの相互参照(同日・同大会の結果が対になっているか)で矛盾を検出せず
F1(敗0)	haruto-nio	鳰 陽斗	3	0	1	0	4	KSR GYM	['RISE', 'KROSS×OVER']	正当な戦績(相互参照で矛盾なし)	対戦相手側ページとの相互参照(同日・同大会の結果が対になっているか)で矛盾を検出せず
F1(敗0)	rantaro	乱太郎	4	0	0	0	4	猛者連愛媛支部OGRE	['RISE']	正当な戦績(相互参照で矛盾なし)	対戦相手側ページとの相互参照(同日・同大会の結果が対になっているか)で矛盾を検出せず
F1(敗0)	kimura-mona	木村 萌那	4	0	0	0	4	K-1ジム目黒TEAM TIGER	['K-1 / Krush / Krush-EX']	正当な戦績(相互参照で矛盾なし)	対戦相手側ページとの相互参照(同日・同大会の結果が対になっているか)で矛盾を検出せず
F1(敗0)	rukasu-yarosu	ルーカス・ヤロス	4	0	0	0	4		['K-1 / Krush / Krush-EX']	正当な戦績(相互参照で矛盾なし)	対戦相手側ページとの相互参照(同日・同大会の結果が対になっているか)で矛盾を検出せず
F1(敗0)	rui-2	ルイ	3	0	1	0	4	クラミツムエタイジム	['KNOCK OUT', 'NJKF']	正当な戦績(相互参照で矛盾なし)	対戦相手側ページとの相互参照(同日・同大会の結果が対になっているか)で矛盾を検出せず
F1(敗0)	fukuda-kaito	福田 海斗	4	0	0	0	4	キング・ムエ	['KNOCK OUT', 'HoostCup']	正当な戦績(相互参照で矛盾なし)	対戦相手側ページとの相互参照(同日・同大会の結果が対になっているか)で矛盾を検出せず
F1(敗0)	mina-hayashi	林 美菜	4	0	0	0	4	FORWARD GYM	['RISE']	正当な戦績(相互参照で矛盾なし)	対戦相手側ページとの相互参照(同日・同大会の結果が対になっているか)で矛盾を検出せず
F1(敗0)	negi-tetsuya	根木 哲也	4	0	0	0	4	TEAM FOREST	['SHOOT BOXING']	正当な戦績(相互参照で矛盾なし)	対戦相手側ページとの相互参照(同日・同大会の結果が対になっているか)で矛盾を検出せず
F1(敗0)	geoganwan-so-amunuwaide	ゲーオガンワーン・ソー.アムヌワイデッー	4	0	0	0	4	タイ	['KNOCK OUT']	正当な戦績(相互参照で矛盾なし)	対戦相手側ページとの相互参照(同日・同大会の結果が対になっているか)で矛盾を検出せず
F1(敗0)	tsubasa-3	飛翔	2	0	2	0	4	K-1ジム総本部チームペガサス	['K-1 / Krush / Krush-EX']	正当な戦績(相互参照で矛盾なし)	対戦相手側ページとの相互参照(同日・同大会の結果が対になっているか)で矛盾を検出せず
F1(敗0)	yurian-pozudoniakofu	ユリアン・ポズドニアコフ	4	0	0	0	4	ウクライナ	['KNOCK OUT']	正当な戦績(相互参照で矛盾なし)	対戦相手側ページとの相互参照(同日・同大会の結果が対になっているか)で矛盾を検出せず
F1(敗0)	kirachihiro	キラッ☆Chihiro	3	0	1	0	4		['K-1 / Krush / Krush-EX', 'DEEP☆KICK']	正当な戦績(相互参照で矛盾なし)	対戦相手側ページとの相互参照(同日・同大会の結果が対になっているか)で矛盾を検出せず
F1(敗0)	chansuku-petindiakademi	チャーンスック・ペッティンディーアカデミー	4	0	0	0	4	Petchyindee Academy	['RISE']	データ誤り(修正済み)	2026-06-06 麻火佑太郎戦。両者の個人ページが共に「勝利」を表示(RISE公式サイト自体の誤り)。大会結果ページ(rise-rc.com/result/rise_ws2026_tokyo_result/)で麻火佑太郎の勝利(◯)・本選手の敗北(×)を確認し、result/result_markをlossに修正
F1(敗0)	mizutani-kodai	水谷 昊代	4	0	0	0	4	TEAM TMT	['K-1 / Krush / Krush-EX', 'HoostCup']	正当な戦績(相互参照で矛盾なし)	対戦相手側ページとの相互参照(同日・同大会の結果が対になっているか)で矛盾を検出せず
F1(敗0)	megumi-yamaguchi	山口 恵	4	0	0	0	4	RICHキックボクシングジム	['RISE']	正当な戦績(相互参照で矛盾なし)	対戦相手側ページとの相互参照(同日・同大会の結果が対になっているか)で矛盾を検出せず
F1(敗0)	rukasu-ahaterubagu	ルーカス・アハテルバーグ	4	0	0	0	4	Team CSK/Sparta Aachen	['K-1 / Krush / Krush-EX']	正当な戦績(相互参照で矛盾なし)	対戦相手側ページとの相互参照(同日・同大会の結果が対になっているか)で矛盾を検出せず
F1(敗0)	uchida-masayuki	内田雅之	2	0	2	0	4		['NJKF', 'NKB', 'JKA']	正当な戦績(相互参照で矛盾なし)	対戦相手側ページとの相互参照(同日・同大会の結果が対になっているか)で矛盾を検出せず
F1(敗0)	mikami-henri-daichi	三上 大智	4	0	0	0	4	ボスジムジャパン	['SHOOT BOXING']	正当な戦績(相互参照で矛盾なし)	対戦相手側ページとの相互参照(同日・同大会の結果が対になっているか)で矛盾を検出せず
F1(敗0)	marato-guregorian	マラット・グレゴリアン	3	0	0	0	3		['K-1 / Krush / Krush-EX']	正当な戦績(相互参照で矛盾なし)	対戦相手側ページとの相互参照(同日・同大会の結果が対になっているか)で矛盾を検出せず
F1(敗0)	urajimiru-touraefu	ウラジーミル・トゥラエフ	3	0	0	0	3	Makeev Team	['K-1 / Krush / Krush-EX']	正当な戦績(相互参照で矛盾なし)	対戦相手側ページとの相互参照(同日・同大会の結果が対になっているか)で矛盾を検出せず
F1(敗0)	umezwa-ryotaro	梅沢 遼太郎	2	0	1	0	3	白山道場	['KNOCK OUT', 'NJKF']	正当な戦績(相互参照で矛盾なし)	対戦相手側ページとの相互参照(同日・同大会の結果が対になっているか)で矛盾を検出せず
F1(敗0)	shoji-hagimoto	萩本将次	2	0	1	0	3	FUTAMI FIGHTCLUB	['RISE']	正当な戦績(相互参照で矛盾なし)	対戦相手側ページとの相互参照(同日・同大会の結果が対になっているか)で矛盾を検出せず
F1(敗0)	tan-fon	タン・フォン	3	0	0	0	3	中国/長沙鋭景ファイティングクラブ/CFP	['KNOCK OUT']	正当な戦績(相互参照で矛盾なし)	対戦相手側ページとの相互参照(同日・同大会の結果が対になっているか)で矛盾を検出せず
F1(敗0)	bonta	ボン太	3	0	0	0	3		['K-1 / Krush / Krush-EX', 'HoostCup']	正当な戦績(相互参照で矛盾なし)	対戦相手側ページとの相互参照(同日・同大会の結果が対になっているか)で矛盾を検出せず
F1(敗0)	ashurafu-ashira	アシュラフ・アーシラ	3	0	0	0	3	Hammer crew 69/ Empire Fight gym	['RISE']	正当な戦績(相互参照で矛盾なし)	対戦相手側ページとの相互参照(同日・同大会の結果が対になっているか)で矛盾を検出せず
F1(敗0)	jieijiei-morisu	ジェイジェイ・モーリス	3	0	0	0	3	Gym One/Team Morris	['K-1 / Krush / Krush-EX']	正当な戦績(相互参照で矛盾なし)	対戦相手側ページとの相互参照(同日・同大会の結果が対になっているか)で矛盾を検出せず
F1(敗0)	suzuki-shinji	鈴木真治	3	0	0	0	3		['NJKF']	正当な戦績(反証なし)	対戦相手が名簿外のため相互参照不可。他に疑わしい所見なし
F1(敗0)	mirosu-tsuvechikanin-2	ミロス・ツヴェチカニン	3	0	0	0	3		['K-1 / Krush / Krush-EX']	正当な戦績(相互参照で矛盾なし)	対戦相手側ページとの相互参照(同日・同大会の結果が対になっているか)で矛盾を検出せず
F1(敗0)	hirao	平尾 大智	1	0	2	0	3		['K-1 / Krush / Krush-EX', 'HoostCup']	正当な戦績(相互参照で矛盾なし)	対戦相手側ページとの相互参照(同日・同大会の結果が対になっているか)で矛盾を検出せず
F1(敗0)	斗吾	斗吾	3	0	0	0	3		['新日本キックボクシング協会(SNKA)']	正当な戦績(反証なし)	対戦相手が名簿外のため相互参照不可。他に疑わしい所見なし
F1(敗0)	zaku-pankuhasuto	ザック・パンクハースト	3	0	0	0	3	Taylormade Muay Thai	['K-1 / Krush / Krush-EX']	正当な戦績(相互参照で矛盾なし)	対戦相手側ページとの相互参照(同日・同大会の結果が対になっているか)で矛盾を検出せず
F1(敗0)	ibuki	歩希	2	0	1	0	3	team VASILEUS	['KNOCK OUT', 'Stand up']	正当な戦績(相互参照で矛盾なし)	対戦相手側ページとの相互参照(同日・同大会の結果が対になっているか)で矛盾を検出せず
F1(敗0)	sutefan-ratesuku	ステファン・ラテスク	3	0	0	0	3	SCORPIONS IASI	['K-1 / Krush / Krush-EX']	正当な戦績(相互参照で矛盾なし)	対戦相手側ページとの相互参照(同日・同大会の結果が対になっているか)で矛盾を検出せず
F1(敗0)	joichiro-iwaduru	岩鶴城一楼	3	0	0	0	3	KOGスポーツジム	['RISE']	正当な戦績(相互参照で矛盾なし)	対戦相手側ページとの相互参照(同日・同大会の結果が対になっているか)で矛盾を検出せず
F1(敗0)	igoru-yurukobichi	イゴール・ユルコビッチ	3	0	0	0	3		['K-1 / Krush / Krush-EX']	正当な戦績(相互参照で矛盾なし)	対戦相手側ページとの相互参照(同日・同大会の結果が対になっているか)で矛盾を検出せず
F1(敗0)	ikeda-kota	池田 航太	2	0	1	0	3	拳粋会宮越道場	['KNOCK OUT', 'NJKF']	正当な戦績(相互参照で矛盾なし)	対戦相手側ページとの相互参照(同日・同大会の結果が対になっているか)で矛盾を検出せず
F2(勝0)	utsunomiya-joe	宇都宮 城	0	9	1	0	10		['K-1 / Krush / Krush-EX', 'NJKF']	正当な戦績(相互参照で矛盾なし)	対戦相手側ページとの相互参照(同日・同大会の結果が対になっているか)で矛盾を検出せず
F2(勝0)	motoki	元氣	0	8	0	0	8	楠誠会館	['RISE', 'RIZIN']	正当な戦績(相互参照で矛盾なし)	対戦相手側ページとの相互参照(同日・同大会の結果が対になっているか)で矛盾を検出せず
F2(勝0)	imai-ryoji	今井 良次	0	7	1	0	8	ポゴナ・クラブジム	['K-1 / Krush / Krush-EX', 'NJKF', 'KROSS×OVER']	正当な戦績(相互参照で矛盾なし)	対戦相手側ページとの相互参照(同日・同大会の結果が対になっているか)で矛盾を検出せず
F2(勝0)	oizumi-sho	大泉 翔	0	7	0	0	7		['K-1 / Krush / Krush-EX', 'HoostCup']	正当な戦績(相互参照で矛盾なし)	対戦相手側ページとの相互参照(同日・同大会の結果が対になっているか)で矛盾を検出せず
F2(勝0)	mikity	美斬帝	0	6	1	0	7	テツジム	['RISE', 'NJKF']	正当な戦績(相互参照で矛盾なし)	対戦相手側ページとの相互参照(同日・同大会の結果が対になっているか)で矛盾を検出せず
F2(勝0)	andoryu-ken-buryusuta	アンドリュー“KEN”ブリュースター	0	6	0	0	6		['K-1 / Krush / Krush-EX', 'KROSS×OVER']	正当な戦績(相互参照で矛盾なし)	対戦相手側ページとの相互参照(同日・同大会の結果が対になっているか)で矛盾を検出せず
F2(勝0)	ozawa-rikiya	小澤 量哉	0	6	0	0	6		['K-1 / Krush / Krush-EX', 'HoostCup']	正当な戦績(相互参照で矛盾なし)	対戦相手側ページとの相互参照(同日・同大会の結果が対になっているか)で矛盾を検出せず
F2(勝0)	uiriamu-dinda	ウィリアム・ディンダー	0	6	0	0	6		['K-1 / Krush / Krush-EX']	正当な戦績(相互参照で矛盾なし)	対戦相手側ページとの相互参照(同日・同大会の結果が対になっているか)で矛盾を検出せず
F2(勝0)	kenta-mori	森 謙太	0	6	0	0	6	秀心塾	['RISE', 'HoostCup']	正当な戦績(相互参照で矛盾なし)	対戦相手側ページとの相互参照(同日・同大会の結果が対になっているか)で矛盾を検出せず
F2(勝0)	moue-kazuki	馬上 一樹	0	6	0	0	6	REX GYM	['KNOCK OUT']	正当な戦績(相互参照で矛盾なし)	対戦相手側ページとの相互参照(同日・同大会の結果が対になっているか)で矛盾を検出せず
F2(勝0)	go-oh	剛王	0	5	0	1	6		['K-1 / Krush / Krush-EX', 'HoostCup']	正当な戦績(相互参照で矛盾なし)	対戦相手側ページとの相互参照(同日・同大会の結果が対になっているか)で矛盾を検出せず
F2(勝0)	yamane-takeo	山根 武夫	0	5	1	0	6		['K-1 / Krush / Krush-EX', 'KROSS×OVER']	正当な戦績(相互参照で矛盾なし)	対戦相手側ページとの相互参照(同日・同大会の結果が対になっているか)で矛盾を検出せず
F2(勝0)	sakuta-yoshinori	作田 良典	0	3	1	1	5		['K-1 / Krush / Krush-EX', 'DEEP☆KICK', 'NKB']	正当な戦績(相互参照で矛盾なし)	対戦相手側ページとの相互参照(同日・同大会の結果が対になっているか)で矛盾を検出せず
F2(勝0)	kura	呼良	0	4	1	0	5	SHINE SPORTS CLUB	['K-1 / Krush / Krush-EX']	正当な戦績(相互参照で矛盾なし)	対戦相手側ページとの相互参照(同日・同大会の結果が対になっているか)で矛盾を検出せず
F2(勝0)	tsuchiya-shinobu	土屋 忍	0	1	4	0	5	Y’ZD GYM	['K-1 / Krush / Krush-EX', 'NKB']	正当な戦績(相互参照で矛盾なし)	対戦相手側ページとの相互参照(同日・同大会の結果が対になっているか)で矛盾を検出せず
F2(勝0)	kimu-gyonsoku	キム・ギョンソック	0	5	0	0	5		['K-1 / Krush / Krush-EX']	正当な戦績(相互参照で矛盾なし)	対戦相手側ページとの相互参照(同日・同大会の結果が対になっているか)で矛盾を検出せず
F2(勝0)	sota-fukushima	福島草太	0	4	1	0	5	MASTER JAPAN	['RISE']	正当な戦績(相互参照で矛盾なし)	対戦相手側ページとの相互参照(同日・同大会の結果が対になっているか)で矛盾を検出せず
F2(勝0)	natsuki	夏気	0	5	0	0	5	VRK GYM	['K-1 / Krush / Krush-EX', 'KROSS×OVER']	正当な戦績(相互参照で矛盾なし)	対戦相手側ページとの相互参照(同日・同大会の結果が対になっているか)で矛盾を検出せず
F2(勝0)	takeaki-kobayashi	小林 丈晃	0	3	2	0	5	練誠塾	['KNOCK OUT']	正当な戦績(相互参照で矛盾なし)	対戦相手側ページとの相互参照(同日・同大会の結果が対になっているか)で矛盾を検出せず
F2(勝0)	reito-nagamine	永峯麗人	0	5	0	0	5	インタージム谷山	['RISE']	正当な戦績(相互参照で矛盾なし)	対戦相手側ページとの相互参照(同日・同大会の結果が対になっているか)で矛盾を検出せず
F2(勝0)	kato-yosuke	加藤 洋介	0	4	0	1	5	K-1 GYM SAGAMI-ONO KREST	['K-1 / Krush / Krush-EX', 'NJKF', 'NKB']	正当な戦績(相互参照で矛盾なし)	対戦相手側ページとの相互参照(同日・同大会の結果が対になっているか)で矛盾を検出せず
F2(勝0)	juna-koda	上田樹那	0	4	1	0	5	山口道場	['RISE', 'RIZIN', 'DEEP☆KICK']	正当な戦績(相互参照で矛盾なし)	対戦相手側ページとの相互参照(同日・同大会の結果が対になっているか)で矛盾を検出せず
F2(勝0)	ochiai-jun	落合 淳	0	5	0	0	5		['K-1 / Krush / Krush-EX']	正当な戦績(相互参照で矛盾なし)	対戦相手側ページとの相互参照(同日・同大会の結果が対になっているか)で矛盾を検出せず
F2(勝0)	suzuki-tyson	鈴木 太尊	0	5	0	0	5	クボジム	['K-1 / Krush / Krush-EX', 'NJKF']	正当な戦績(相互参照で矛盾なし)	対戦相手側ページとの相互参照(同日・同大会の結果が対になっているか)で矛盾を検出せず
F2(勝0)	ishii-hirokazu	石井宏和	0	5	0	0	5		['DEEP☆KICK', 'NJKF', 'HoostCup']	正当な戦績(相互参照で矛盾なし)	対戦相手側ページとの相互参照(同日・同大会の結果が対になっているか)で矛盾を検出せず
F2(勝0)	yuki-shun	ユウキ・旬	0	3	1	0	4		['K-1 / Krush / Krush-EX']	正当な戦績(相互参照で矛盾なし)	対戦相手側ページとの相互参照(同日・同大会の結果が対になっているか)で矛盾を検出せず
F2(勝0)	ootakaichirou	大高一郎	0	4	0	0	4		['K-1 / Krush / Krush-EX', 'NJKF']	正当な戦績(相互参照で矛盾なし)	対戦相手側ページとの相互参照(同日・同大会の結果が対になっているか)で矛盾を検出せず
F2(勝0)	ishii-takuya	石井 拓也	0	4	0	0	4	TEAM FOREST	['SHOOT BOXING']	正当な戦績(相互参照で矛盾なし)	対戦相手側ページとの相互参照(同日・同大会の結果が対になっているか)で矛盾を検出せず
F2(勝0)	ibi-daisuke	井樋 大介	0	3	1	0	4	KNOCK OUT クロスポイント金沢	['KNOCK OUT', 'KROSS×OVER']	正当な戦績(相互参照で矛盾なし)	対戦相手側ページとの相互参照(同日・同大会の結果が対になっているか)で矛盾を検出せず
F2(勝0)	aran-kudo	アラン・クドー	0	4	0	0	4	Brazilian Thai	['K-1 / Krush / Krush-EX', 'HoostCup']	正当な戦績(相互参照で矛盾なし)	対戦相手側ページとの相互参照(同日・同大会の結果が対になっているか)で矛盾を検出せず
F2(勝0)	watanabe-shunya	渡部 瞬弥	0	4	0	0	4	エスジム	['K-1 / Krush / Krush-EX', 'NJKF']	正当な戦績(相互参照で矛盾なし)	対戦相手側ページとの相互参照(同日・同大会の結果が対になっているか)で矛盾を検出せず
F2(勝0)	ranbo	乱暴	0	3	1	0	4		['K-1 / Krush / Krush-EX']	正当な戦績(相互参照で矛盾なし)	対戦相手側ページとの相互参照(同日・同大会の結果が対になっているか)で矛盾を検出せず
F2(勝0)	kikuzakiu-tan	菊崎U-TAN義史	0	2	2	0	4	TANG TANG FIGHT CLUB	['K-1 / Krush / Krush-EX']	正当な戦績(相互参照で矛盾なし)	対戦相手側ページとの相互参照(同日・同大会の結果が対になっているか)で矛盾を検出せず
F2(勝0)	adachi-maiko	足立 麻衣子	0	4	0	0	4	ONESIDE KICKBOXING GYM	['K-1 / Krush / Krush-EX', 'NKB', 'KROSS×OVER']	正当な戦績(相互参照で矛盾なし)	対戦相手側ページとの相互参照(同日・同大会の結果が対になっているか)で矛盾を検出せず
F2(勝0)	sasho-koichi	佐生 光一	0	4	0	0	4	K-1ジム五反田チームキングス	['K-1 / Krush / Krush-EX']	正当な戦績(相互参照で矛盾なし)	対戦相手側ページとの相互参照(同日・同大会の結果が対になっているか)で矛盾を検出せず
F2(勝0)	pere-rido	ペレ・リード	0	4	0	0	4		['K-1 / Krush / Krush-EX']	正当な戦績(相互参照で矛盾なし)	対戦相手側ページとの相互参照(同日・同大会の結果が対になっているか)で矛盾を検出せず
F2(勝0)	mitsutaka	MITSUTAKA	0	4	0	0	4		['K-1 / Krush / Krush-EX']	正当な戦績(相互参照で矛盾なし)	対戦相手側ページとの相互参照(同日・同大会の結果が対になっているか)で矛盾を検出せず
F2(勝0)	yamaguchi-sho	山口 将	0	4	0	0	4	STRIKEs GYM/3POUND	['K-1 / Krush / Krush-EX', 'HoostCup']	正当な戦績(相互参照で矛盾なし)	対戦相手側ページとの相互参照(同日・同大会の結果が対になっているか)で矛盾を検出せず
F2(勝0)	endo-shingen	遠藤 信玄	0	2	2	0	4	MASTERPIECE KICKBOXING	['K-1 / Krush / Krush-EX']	正当な戦績(相互参照で矛盾なし)	対戦相手側ページとの相互参照(同日・同大会の結果が対になっているか)で矛盾を検出せず
F2(勝0)	yamada-sumie	山田純琴	0	4	0	0	4		['NJKF']	正当な戦績(相互参照で矛盾なし)	対戦相手側ページとの相互参照(同日・同大会の結果が対になっているか)で矛盾を検出せず
F2(勝0)	shimizu-takuma	清水 卓馬	0	4	0	0	4	K-1ジム川口TEAM SIRIUS	['K-1 / Krush / Krush-EX']	正当な戦績(相互参照で矛盾なし)	対戦相手側ページとの相互参照(同日・同大会の結果が対になっているか)で矛盾を検出せず
F2(勝0)	ihara-shunpei	井原 駿平	0	4	0	0	4	ワイルドシーサーコザ	['KNOCK OUT', 'NJKF', 'KROSS×OVER']	正当な戦績(相互参照で矛盾なし)	対戦相手側ページとの相互参照(同日・同大会の結果が対になっているか)で矛盾を検出せず
F2(勝0)	danieru-uiriamusu	ダニエル・ウィリアムス	0	4	0	0	4		['K-1 / Krush / Krush-EX', 'ONE Championship']	正当な戦績(相互参照で矛盾なし)	対戦相手側ページとの相互参照(同日・同大会の結果が対になっているか)で矛盾を検出せず
F2(勝0)	uitikon-sonnamutankiri	ウィッティコーン・ソンナムタンキリ	0	4	0	0	4	ソンナムタンキリ	['RISE']	正当な戦績(相互参照で矛盾なし)	対戦相手側ページとの相互参照(同日・同大会の結果が対になっているか)で矛盾を検出せず
F2(勝0)	yamamoto-yuuki	山本佑機	0	4	0	0	4		['K-1 / Krush / Krush-EX', 'NJKF']	正当な戦績(相互参照で矛盾なし)	対戦相手側ページとの相互参照(同日・同大会の結果が対になっているか)で矛盾を検出せず
F2(勝0)	phakchi-okuda	パクチー奥田	0	2	1	0	3	TEAM BEYOND	['RISE']	正当な戦績(相互参照で矛盾なし)	対戦相手側ページとの相互参照(同日・同大会の結果が対になっているか)で矛盾を検出せず
F2(勝0)	kota	皓太	0	3	0	0	3	K-1ジム川口TEAM SIRIUS	['K-1 / Krush / Krush-EX', 'NKB']	正当な戦績(反証なし)	対戦相手が名簿外のため相互参照不可。他に疑わしい所見なし
F2(勝0)	nakagawa-kota	仲川 広汰	0	2	0	1	3	Ten Clover Gym	['RIZIN', 'HoostCup']	正当な戦績(反証なし)	対戦相手が名簿外のため相互参照不可。他に疑わしい所見なし
F2(勝0)	suda-tomoki	須田 知希	0	2	1	0	3	Katana Gym	['KNOCK OUT']	正当な戦績(相互参照で矛盾なし)	対戦相手側ページとの相互参照(同日・同大会の結果が対になっているか)で矛盾を検出せず
F2(勝0)	nagasaki-hideya	長崎秀哉	0	3	0	0	3		['RISE', 'K-1 / Krush / Krush-EX', 'NJKF']	正当な戦績(相互参照で矛盾なし)	対戦相手側ページとの相互参照(同日・同大会の結果が対になっているか)で矛盾を検出せず
F2(勝0)	kimo-reoporudo	キモ・レオポルド	0	3	0	0	3		['K-1 / Krush / Krush-EX']	正当な戦績(相互参照で矛盾なし)	対戦相手側ページとの相互参照(同日・同大会の結果が対になっているか)で矛盾を検出せず
F2(勝0)	nakamura-hiroki	中村 広輝	0	2	0	1	3	赤雲會	['K-1 / Krush / Krush-EX', 'HoostCup']	正当な戦績(相互参照で矛盾なし)	対戦相手側ページとの相互参照(同日・同大会の結果が対になっているか)で矛盾を検出せず
F2(勝0)	sumida-mao	住田 真生	0	3	0	0	3	マッハ道場	['KNOCK OUT']	正当な戦績(相互参照で矛盾なし)	対戦相手側ページとの相互参照(同日・同大会の結果が対になっているか)で矛盾を検出せず
F2(勝0)	yamachan	やまちゃん	0	3	0	0	3	K-1 GYM BLOWS	['KNOCK OUT', 'K-1 / Krush / Krush-EX']	正当な戦績(相互参照で矛盾なし)	対戦相手側ページとの相互参照(同日・同大会の結果が対になっているか)で矛盾を検出せず
F2(勝0)	yuuki	YU-KI	0	3	0	0	3	隆真ジム	['KNOCK OUT', 'K-1 / Krush / Krush-EX', 'RIZIN']	正当な戦績(相互参照で矛盾なし)	対戦相手側ページとの相互参照(同日・同大会の結果が対になっているか)で矛盾を検出せず
F2(勝0)	mitsui-hiroki	三井 大揮	0	3	0	0	3	WIZARDキックボクシングジム	['K-1 / Krush / Krush-EX']	正当な戦績(相互参照で矛盾なし)	対戦相手側ページとの相互参照(同日・同大会の結果が対になっているか)で矛盾を検出せず
F2(勝0)	okahan-bara	オカハン バラ	0	3	0	0	3	リーブルロア	['K-1 / Krush / Krush-EX', 'KROSS×OVER']	正当な戦績(相互参照で矛盾なし)	対戦相手側ページとの相互参照(同日・同大会の結果が対になっているか)で矛盾を検出せず
F2(勝0)	oyacchi	おやっち	0	3	0	0	3	BRAVE FIGHT CLUB	['RISE']	正当な戦績(相互参照で矛盾なし)	対戦相手側ページとの相互参照(同日・同大会の結果が対になっているか)で矛盾を検出せず
F2(勝0)	kenya	剣夜	0	2	1	0	3	SHINE沖縄	['KNOCK OUT', 'KROSS×OVER']	正当な戦績(相互参照で矛盾なし)	対戦相手側ページとの相互参照(同日・同大会の結果が対になっているか)で矛盾を検出せず
F2(勝0)	yasuyuki-nojiri	野尻定由	0	2	1	0	3	マスタージャパン福岡	['RISE']	正当な戦績(相互参照で矛盾なし)	対戦相手側ページとの相互参照(同日・同大会の結果が対になっているか)で矛盾を検出せず
F2(勝0)	hiraki-yumeto	開 夢斗	0	2	1	0	3	魁塾中川道場	['K-1 / Krush / Krush-EX', 'DEEP☆KICK']	正当な戦績(相互参照で矛盾なし)	対戦相手側ページとの相互参照(同日・同大会の結果が対になっているか)で矛盾を検出せず
F2(勝0)	aira	愛来	0	2	1	0	3	一神會舘	['KNOCK OUT', 'NJKF']	正当な戦績(相互参照で矛盾なし)	対戦相手側ページとの相互参照(同日・同大会の結果が対になっているか)で矛盾を検出せず
F2(勝0)	nishimaki-hayata	西槇 隼汰	0	3	0	0	3	POWER OF DREAM	['K-1 / Krush / Krush-EX']	正当な戦績(相互参照で矛盾なし)	対戦相手側ページとの相互参照(同日・同大会の結果が対になっているか)で矛盾を検出せず
F2(勝0)	kimura-shigeki	木村 茂樹	0	3	0	0	3		['K-1 / Krush / Krush-EX', 'NJKF']	正当な戦績(相互参照で矛盾なし)	対戦相手側ページとの相互参照(同日・同大会の結果が対になっているか)で矛盾を検出せず
F2(勝0)	nishimoto-ryuya	西本 竜也	0	3	0	0	3	ISN GYM/CLIMB	['K-1 / Krush / Krush-EX']	正当な戦績(相互参照で矛盾なし)	対戦相手側ページとの相互参照(同日・同大会の結果が対になっているか)で矛盾を検出せず
F2(勝0)	yuoke-yusei	湯桶 勇成	0	3	0	0	3	K-1 GYM BLOWS	['K-1 / Krush / Krush-EX']	正当な戦績(相互参照で矛盾なし)	対戦相手側ページとの相互参照(同日・同大会の結果が対になっているか)で矛盾を検出せず
F2(勝0)	kikuzaki-yoshifumi	菊崎 義史	0	2	1	0	3	TANG TANG FIGHT CLUB	['K-1 / Krush / Krush-EX']	正当な戦績(相互参照で矛盾なし)	対戦相手側ページとの相互参照(同日・同大会の結果が対になっているか)で矛盾を検出せず
F2(勝0)	satoru	沙斗流	0	2	1	0	3		['K-1 / Krush / Krush-EX']	正当な戦績(相互参照で矛盾なし)	対戦相手側ページとの相互参照(同日・同大会の結果が対になっているか)で矛盾を検出せず
F2(勝0)	uomu	ウォーム	0	3	0	0	3	ONE LINK	['RISE']	正当な戦績(相互参照で矛盾なし)	対戦相手側ページとの相互参照(同日・同大会の結果が対になっているか)で矛盾を検出せず
F2(勝0)	hata-fumiya	秦 文也	0	2	1	0	3		['K-1 / Krush / Krush-EX']	正当な戦績(相互参照で矛盾なし)	対戦相手側ページとの相互参照(同日・同大会の結果が対になっているか)で矛盾を検出せず
F2(勝0)	kyohei-nishijima	西島恭平	0	2	1	0	3	ELEVEN	['RISE']	正当な戦績(相互参照で矛盾なし)	対戦相手側ページとの相互参照(同日・同大会の結果が対になっているか)で矛盾を検出せず
F2(勝0)	oohigashi-akira	大東旭	0	3	0	0	3		['K-1 / Krush / Krush-EX']	正当な戦績(相互参照で矛盾なし)	対戦相手側ページとの相互参照(同日・同大会の結果が対になっているか)で矛盾を検出せず
F2(勝0)	toshio	俊雄	0	3	0	0	3	PAL-GYM	['K-1 / Krush / Krush-EX']	正当な戦績(相互参照で矛盾なし)	対戦相手側ページとの相互参照(同日・同大会の結果が対になっているか)で矛盾を検出せず
F2(勝0)	ozeki-keima	大関 敬真	0	3	0	0	3	POWER OF DREAM	['K-1 / Krush / Krush-EX']	正当な戦績(相互参照で矛盾なし)	対戦相手側ページとの相互参照(同日・同大会の結果が対になっているか)で矛盾を検出せず
F2(勝0)	umeo-mei	梅尾 メイ	0	3	0	0	3	B9 GYM	['KNOCK OUT', 'NJKF']	正当な戦績(相互参照で矛盾なし)	対戦相手側ページとの相互参照(同日・同大会の結果が対になっているか)で矛盾を検出せず
F2(勝0)	petosamui-shimura	ペットサムイ・シムラ	0	3	0	0	3	志村道場	['K-1 / Krush / Krush-EX']	正当な戦績(相互参照で矛盾なし)	対戦相手側ページとの相互参照(同日・同大会の結果が対になっているか)で矛盾を検出せず
F2(勝0)	tyson-rina-500	タイソンRINA	0	3	0	0	3	TEAM TEPPEN	['KNOCK OUT', 'HoostCup']	正当な戦績(相互参照で矛盾なし)	対戦相手側ページとの相互参照(同日・同大会の結果が対になっているか)で矛盾を検出せず
F2(勝0)	ritomo	利共	0	3	0	0	3	TOP RUN GYM	['KNOCK OUT', 'HoostCup']	正当な戦績(相互参照で矛盾なし)	対戦相手側ページとの相互参照(同日・同大会の結果が対になっているか)で矛盾を検出せず
F2(勝0)	nomoto-kiyoshi	野元 清史	0	3	0	0	3	龍生塾	['SHOOT BOXING']	正当な戦績(相互参照で矛盾なし)	対戦相手側ページとの相互参照(同日・同大会の結果が対になっているか)で矛盾を検出せず
F2(勝0)	aimi	aimi-	0	3	0	0	3	DANGER GYM	['K-1 / Krush / Krush-EX', 'NJKF']	正当な戦績(相互参照で矛盾なし)	対戦相手側ページとの相互参照(同日・同大会の結果が対になっているか)で矛盾を検出せず
F2(勝0)	mitsuru	MITSURU	0	2	1	0	3		['K-1 / Krush / Krush-EX', 'DEEP☆KICK', 'NJKF']	正当な戦績(相互参照で矛盾なし)	対戦相手側ページとの相互参照(同日・同大会の結果が対になっているか)で矛盾を検出せず
F2(勝0)	afumado-akodado	アフマド・アコーダッド	0	3	0	0	3	Brutal Gym	['RISE']	正当な戦績(相互参照で矛盾なし)	対戦相手側ページとの相互参照(同日・同大会の結果が対になっているか)で矛盾を検出せず
F2(勝0)	tatsuto-3	龍翔	0	3	0	0	3	OU-BU GYM	['RISE']	正当な戦績(相互参照で矛盾なし)	対戦相手側ページとの相互参照(同日・同大会の結果が対になっているか)で矛盾を検出せず
F2(勝0)	satoi	SATOI	0	3	0	0	3		['K-1 / Krush / Krush-EX']	正当な戦績(相互参照で矛盾なし)	対戦相手側ページとの相互参照(同日・同大会の結果が対になっているか)で矛盾を検出せず
F2(勝0)	chiba-yuki	千羽 裕樹	0	3	0	0	3	KNOCK OUT クロスポイント渋谷	['KNOCK OUT', 'NJKF']	正当な戦績(相互参照で矛盾なし)	対戦相手側ページとの相互参照(同日・同大会の結果が対になっているか)で矛盾を検出せず
F2(勝0)	yoshimura-takumi	吉村 匠	0	2	0	1	3	TAD	['K-1 / Krush / Krush-EX', 'HoostCup']	正当な戦績(相互参照で矛盾なし)	対戦相手側ページとの相互参照(同日・同大会の結果が対になっているか)で矛盾を検出せず
F2(勝0)	kusa-max	草MAX	0	3	0	0	3	グラバカ赤羽	['KNOCK OUT', 'DEEP☆KICK', 'NJKF']	正当な戦績(相互参照で矛盾なし)	対戦相手側ページとの相互参照(同日・同大会の結果が対になっているか)で矛盾を検出せず
F2(勝0)	kimu-donuku	キム・ドンウック	0	3	0	0	3		['K-1 / Krush / Krush-EX']	正当な戦績(相互参照で矛盾なし)	対戦相手側ページとの相互参照(同日・同大会の結果が対になっているか)で矛盾を検出せず
F2(勝0)	nishikawa-kohei	西川 康平	0	3	0	0	3	8ball fitness	['KNOCK OUT']	正当な戦績(相互参照で矛盾なし)	対戦相手側ページとの相互参照(同日・同大会の結果が対になっているか)で矛盾を検出せず
F2(勝0)	yamaguchi-mahiro	山口 真宙	0	3	0	0	3	月心会チーム侍	['K-1 / Krush / Krush-EX', 'DEEP☆KICK', 'HoostCup']	正当な戦績(相互参照で矛盾なし)	対戦相手側ページとの相互参照(同日・同大会の結果が対になっているか)で矛盾を検出せず
F2(勝0)	teppei	哲平	0	2	1	0	3	VAINQUEUR GYM	['K-1 / Krush / Krush-EX']	正当な戦績(相互参照で矛盾なし)	対戦相手側ページとの相互参照(同日・同大会の結果が対になっているか)で矛盾を検出せず
F2(勝0)	awano-takayuki	粟納 貴之	0	2	1	0	3		['K-1 / Krush / Krush-EX', 'NJKF']	正当な戦績(相互参照で矛盾なし)	対戦相手側ページとの相互参照(同日・同大会の結果が対になっているか)で矛盾を検出せず
F2(勝0)	mohamedo-azui	モハメド・アズーイ	0	3	0	0	3		['K-1 / Krush / Krush-EX']	正当な戦績(相互参照で矛盾なし)	対戦相手側ページとの相互参照(同日・同大会の結果が対になっているか)で矛盾を検出せず
F2(勝0)	takahashi	高橋 功	0	3	0	0	3		['K-1 / Krush / Krush-EX']	正当な戦績(相互参照で矛盾なし)	対戦相手側ページとの相互参照(同日・同大会の結果が対になっているか)で矛盾を検出せず
F2(勝0)	namuwan-sokonkurapan	ナムワーン・ソーコンクラパン	0	3	0	0	3	ソーコンクラパン	['RISE']	正当な戦績(反証なし)	対戦相手が名簿外のため相互参照不可。他に疑わしい所見なし
F2(勝0)	sato-takuya	佐藤 拓也	0	3	0	0	3	KNOCK OUT クロスポイント吉祥寺	['KNOCK OUT', 'NKB']	正当な戦績(相互参照で矛盾なし)	対戦相手側ページとの相互参照(同日・同大会の結果が対になっているか)で矛盾を検出せず
F2(勝0)	asakawa-hirotatu	浅川 大立	0	3	0	0	3	MWS	['KNOCK OUT', 'NJKF']	正当な戦績(相互参照で矛盾なし)	対戦相手側ページとの相互参照(同日・同大会の結果が対になっているか)で矛盾を検出せず
F2(勝0)	中尾満	中尾満	0	3	0	0	3		['KROSS×OVER', 'JKA']	正当な戦績(相互参照で矛盾なし)	対戦相手側ページとの相互参照(同日・同大会の結果が対になっているか)で矛盾を検出せず
F2(勝0)	arai-takaya	新井 昂弥	0	2	1	0	3	Ten Clover Gym	['KNOCK OUT', 'Stand up']	正当な戦績(相互参照で矛盾なし)	対戦相手側ページとの相互参照(同日・同大会の結果が対になっているか)で矛盾を検出せず
F2(勝0)	makoto-aiuchi	相内 誠	0	3	0	0	3	K26	['RISE']	正当な戦績(相互参照で矛盾なし)	対戦相手側ページとの相互参照(同日・同大会の結果が対になっているか)で矛盾を検出せず
F2(勝0)	sashikubi-yuta	指首 祐太	0	3	0	0	3		['K-1 / Krush / Krush-EX']	正当な戦績(相互参照で矛盾なし)	対戦相手側ページとの相互参照(同日・同大会の結果が対になっているか)で矛盾を検出せず
F2(勝0)	mio-rareina	MIO LaReyna	0	3	0	0	3	TEAM REY DE REYES	['K-1 / Krush / Krush-EX', 'NJKF', 'KROSS×OVER']	正当な戦績(相互参照で矛盾なし)	対戦相手側ページとの相互参照(同日・同大会の結果が対になっているか)で矛盾を検出せず
F2(勝0)	nobuhito-kohagura	古波蔵信人	0	2	1	0	3	赤雲會	['RISE', 'Stand up']	正当な戦績(相互参照で矛盾なし)	対戦相手側ページとの相互参照(同日・同大会の結果が対になっているか)で矛盾を検出せず
F2(勝0)	ryo-2	涼	0	2	1	0	3	ハーデスワークアウトジム	['RISE', 'NJKF', 'HoostCup']	正当な戦績(相互参照で矛盾なし)	対戦相手側ページとの相互参照(同日・同大会の結果が対になっているか)で矛盾を検出せず
F2(勝0)	ryuu-uei	リュウ・ウェイ	0	3	0	0	3	深圳争途格闘クラブ/CFP	['K-1 / Krush / Krush-EX']	正当な戦績(相互参照で矛盾なし)	対戦相手側ページとの相互参照(同日・同大会の結果が対になっているか)で矛盾を検出せず
F2(勝0)	kenta-3	絢太	0	3	0	0	3	CUC	['K-1 / Krush / Krush-EX', 'DEEP☆KICK']	正当な戦績(相互参照で矛盾なし)	対戦相手側ページとの相互参照(同日・同大会の結果が対になっているか)で矛盾を検出せず
