slug,nameJa,shootoId,date,section,symbol,result,opponentRaw,opponentShootoId,methodRaw,linkedResultId,category,note,mismatchPattern,existingNoteRaw
tanoue-koyuru,田上こゆる,1167,2026-05-31,SHOOTO,○,win,"黒部  和沙",1632,"4R 01:42 TKO",281,matched,"",,""
tanoue-koyuru,田上こゆる,1167,2025-11-16,SHOOTO,×,loss,"新井  丈",49,"判定 3-0",224,matched,"",,""
tanoue-koyuru,田上こゆる,1167,2025-09-21,SHOOTO,○,win,"山上  幹臣",41,"1R 03:49 KO",222,matched,"",,""
tanoue-koyuru,田上こゆる,1167,2024-12-29,SHOOTO,○,win,"旭那  拳",1098,"判定 3-0",214,matched,"",,""
tanoue-koyuru,田上こゆる,1167,2024-05-19,SHOOTO,○,win,"旭那  拳",1098,"1R 01:52 KO",184,matched,"",,""
tanoue-koyuru,田上こゆる,1167,2023-06-18,SHOOTO,○,win,"タイガー  石井",67,"2R 02:49 TKO  レフェリーストップ",161,matched,"",,""
tanoue-koyuru,田上こゆる,1167,2022-12-11,SHOOTO,○,win,"泰斗",1316,"判定 3-0",145,matched,"",,""
tanoue-koyuru,田上こゆる,1167,2022-04-17,SHOOTO,×,loss,"当真  佳直",1176,"判定 0-3",139,matched,"",,""
tanoue-koyuru,田上こゆる,1167,2021-07-04,SHOOTO,×,loss,"安芸  柊斗",1129,"判定 0-3",116,matched,"",,""
tanoue-koyuru,田上こゆる,1167,2020-12-20,SHOOTO,○,win,"永井  美自戒",143,"2R 02:08 KO",103,matched,"",,""
tanoue-koyuru,田上こゆる,1167,2020-02-16,SHOOTO,○,win,"楳沢  智治",51,"1R 04:47 KO",89,matched,"",,""
tanoue-koyuru,田上こゆる,1167,2019-06-30,SHOOTO,○,win,"若林  耕平",1174,"判定 3-0",82,matched,"",,""
tanoue-koyuru,田上こゆる,1167,2019-01-27,SHOOTO,○,win,"牧ヶ谷  篤",80,"判定 0-3",68,matched,"",,""
naito-shoki,内藤頌貴,142,2026-03-30,SHOOTO,○,win,"畠山  隆称",1302,"判定 0-2",262,matched,"",,""
naito-shoki,内藤頌貴,142,2025-09-02,SHOOTO,×,loss,"当真  佳直",1176,"判定 3-0",242,matched,"",,""
naito-shoki,内藤頌貴,142,2025-01-19,SHOOTO,○,win,"泰斗",1316,"判定 0-3",216,matched,"",,""
naito-shoki,内藤頌貴,142,2024-09-22,SHOOTO,○,win,"大城  正也",1227,"1R 02:54 KO",192,matched,"",,""
naito-shoki,内藤頌貴,142,2023-12-02,SHOOTO,×,loss,"石井  逸人",147,"2R 03:16 TS",171,matched,"",,""
naito-shoki,内藤頌貴,142,2023-07-23,SHOOTO,×,loss,"関口  祐冬",959,"判定 3-0",162,matched,"",,""
naito-shoki,内藤頌貴,142,2022-11-27,SHOOTO,○,win,"高岡  宏気",1067,"判定 3-0",134,matched,"",,""
naito-shoki,内藤頌貴,142,2022-07-17,SHOOTO,×,loss,"山内  渉",1348,"判定 0-3",132,matched,"",,""
naito-shoki,内藤頌貴,142,2020-03-21,SHOOTO,○,win,"渡辺  健太郎",112,"1R 05:00 KO",99,matched,"",,""
naito-shoki,内藤頌貴,142,2019-06-30,SHOOTO,×,loss,"前田  吉朗",11,"判定 2-1",82,matched,"",,""
naito-shoki,内藤頌貴,142,2018-12-15,SHOOTO,○,win,"小堀  貴広",27,"2R 03:42 KO",61,matched,"",,""
naito-shoki,内藤頌貴,142,2018-07-15,SHOOTO,×,loss,"清水  清隆",100,"判定 3-0",58,matched,"",,""
naito-shoki,内藤頌貴,142,2018-03-25,SHOOTO,△,draw,"井上  学",163,"判定 1-1",54,matched,"",,""
naito-shoki,内藤頌貴,142,2017-11-19,SHOOTO,○,win,"北原  史寛",96,"1R 02:07 KO  グラウンドパンチ",47,matched,"",,""
naito-shoki,内藤頌貴,142,2016-09-04,SHOOTO,○,win,"奇天烈",127,"判定 3-0",27,matched,"",,""
naito-shoki,内藤頌貴,142,2016-02-27,SHOOTO,○,win,"塙  真一",106,"3R  判定 0-3",28,matched,"",,""
naito-shoki,内藤頌貴,142,2015-12-20,SHOOTO,○,win,"輝龍",129,"1R 01:21 KO",31,matched,"",,""
naito-shoki,内藤頌貴,142,2015-07-12,SHOOTO,△,draw,"オニボウズ",18,"2R  判定 0-1",,new2b_event_missing,"post-cutoffだがprofileページに大会リンクなし",,""
naito-shoki,内藤頌貴,142,2015-02-11,SHOOTO,○,win,"前山  哲兵",79,"2R  判定 0-2",,new2b_event_missing,"post-cutoffだがprofileページに大会リンクなし",,""
naito-shoki,内藤頌貴,142,2014-11-16,SHOOTO,△,draw,"萩原  幸太郎",105,"2R  判定 1-1",,new2b_event_missing,"post-cutoffだがprofileページに大会リンクなし",,""
naito-shoki,内藤頌貴,142,2014-09-27,SHOOTO,×,loss,"藤田 ケオン 寿大",150,"2R  判定 3-0",,new2b_event_missing,"post-cutoffだがprofileページに大会リンクなし",,""
naito-shoki,内藤頌貴,142,2014-02-22,SHOOTO,○,win,"鈴木  正克",136,"1R 03:42 KO",,new2b_event_missing,"post-cutoffだがprofileページに大会リンクなし",,""
naito-shoki,内藤頌貴,142,2013-09-22,SHOOTO,×,loss,"梶川  卓",121,"2R  判定 3-0",,new2b_event_missing,"post-cutoffだがprofileページに大会リンクなし",,""
toma-yoshinao,当真佳直,1176,2026-04-19,SHOOTO,○,win,"友利  幸汰",1754,"1R 00:27 S  フロントチョーク",264,matched,"",,""
toma-yoshinao,当真佳直,1176,2025-09-02,SHOOTO,○,win,"内藤  頌貴",142,"判定 3-0",242,matched,"",,""
toma-yoshinao,当真佳直,1176,2025-01-19,SHOOTO,×,loss,"山上  幹臣",41,"判定 1-2",216,matched,"",,""
toma-yoshinao,当真佳直,1176,2024-04-14,SHOOTO,○,win,"根井  博登",1566,"判定 3-0",182,matched,"",,""
toma-yoshinao,当真佳直,1176,2023-11-12,SHOOTO,○,win,"マッチョ ザ バタフライ",38,"判定 3-0",168,matched,"",,""
toma-yoshinao,当真佳直,1176,2023-04-16,SHOOTO,○,win,"大城  正也",1227,"判定 3-0",156,matched,"",,""
toma-yoshinao,当真佳直,1176,2022-11-06,SHOOTO,○,win,"マッチョ ザ バタフライ",38,"判定 0-2",148,matched,"",,""
toma-yoshinao,当真佳直,1176,2022-04-17,SHOOTO,○,win,"田上  こゆる",1167,"判定 0-3",139,matched,"",,""
toma-yoshinao,当真佳直,1176,2021-11-14,SHOOTO,○,win,"金内 サイダー 雄哉",122,"02:36 TKO  レフェリーストップ",126,matched,"",,""
toma-yoshinao,当真佳直,1176,2021-04-18,SHOOTO,×,loss,"内田  タケル",1159,"2R 03:23 S  肩固め",117,matched,"",,""
toma-yoshinao,当真佳直,1176,2020-11-29,SHOOTO,×,loss,"木内 SKINNY ZOMBIE 崇雅",672,"2R 03:39 S  スリーパーホールド",105,matched,"",,""
toma-yoshinao,当真佳直,1176,2019-11-03,SHOOTO,○,win,"木村  旬志",1133,"1R 04:34 S  腕十字固め",85,matched,"",,""
toma-yoshinao,当真佳直,1176,2019-06-16,SHOOTO,○,win,"わっしょい  内田",1226,"2R  判定 3-0",,new2b_event_missing,"post-cutoffだがprofileページに大会リンクなし",,""
toma-yoshinao,当真佳直,1176,2019-04-07,SHOOTO,○,win,"里見  拓磨",1217,"判定 0-3",149,matched,"",,""
toma-yoshinao,当真佳直,1176,2018-11-25,SHOOTO,△,draw,"MC  たわし",1048,"判定 1-1",70,matched,"",,""
hatakeyama-ryuya,畠山隆称,1302,2026-03-30,SHOOTO,×,loss,"内藤  頌貴",142,"判定 0-2",262,matched,"",,""
hatakeyama-ryuya,畠山隆称,1302,2025-10-19,SHOOTO,○,win,"ニシダ ☆ ショー",35,"判定 3-0",243,matched,"",,""
hatakeyama-ryuya,畠山隆称,1302,2024-11-10,SHOOTO,○,win,"マッチョ ザ バタフライ",38,"1R 02:16 KO",194,matched,"",,""
hatakeyama-ryuya,畠山隆称,1302,2024-04-14,SHOOTO,○,win,"牧ヶ谷  篤",80,"判定 3-0",182,matched,"",,""
hatakeyama-ryuya,畠山隆称,1302,2023-11-12,SHOOTO,○,win,"蒔田 Gandhi 伸吾",81,"1R 03:22 TKO  グラウンドパンチ",168,matched,"",,""
hatakeyama-ryuya,畠山隆称,1302,2023-05-28,SHOOTO,△,draw,"泰斗",1316,"判定 1-0",160,matched,"",,""
hatakeyama-ryuya,畠山隆称,1302,2022-11-06,SHOOTO,○,win,"大城  正也",1227,"判定 3-0",148,matched,"",,""
hatakeyama-ryuya,畠山隆称,1302,2022-09-11,SHOOTO,○,win,"木村  旬志",1133,"判定 3-0",146,matched,"",,""
hatakeyama-ryuya,畠山隆称,1302,2022-04-17,SHOOTO,○,win,"わっしょい  内田",1226,"2R 01:13 S  スリーパーホールド",139,matched,"",,""
hatakeyama-ryuya,畠山隆称,1302,2021-12-05,SHOOTO,○,win,"麻生 Leg Lock 祐弘",1413,"1R 03:38 S  スリーパーホールド",128,matched,"",,""
hatakeyama-ryuya,畠山隆称,1302,2020-11-29,SHOOTO,△,draw,"大城  正也",1227,"判定 0-0",105,matched,"",,""
kurobe-kazusa,黒部和沙,1632,2026-05-31,SHOOTO,×,loss,"田上  こゆる",1167,"4R 01:42 TKO",281,matched,"",,""
kurobe-kazusa,黒部和沙,1632,2026-01-18,SHOOTO,○,win,"旭那  拳",1098,"判定 3-0",249,matched,"",,""
kurobe-kazusa,黒部和沙,1632,2025-11-16,SHOOTO,○,win,"田口  恵大",1773,"1R 03:34 S  リアネイキッドチョーク",224,matched,"",,""
kurobe-kazusa,黒部和沙,1632,2025-07-21,SHOOTO,○,win,"マッチョ ザ バタフライ",38,"判定 3-0",221,matched,"",,""
kurobe-kazusa,黒部和沙,1632,2025-05-18,SHOOTO,○,win,"友利  琉偉",1713,"1R 04:24 TKO  レフェリーストップ/グラウンドパンチ",219,matched,"",,""
kurobe-kazusa,黒部和沙,1632,2024-11-10,SHOOTO,○,win,"大城  匡史",1255,"1R 04:47 S  スリーパーホールド",194,matched,"",,""
kurobe-kazusa,黒部和沙,1632,2024-09-22,SHOOTO,×,loss,"山上  幹臣",41,"1R 02:16 S",192,matched,"",,""
kurobe-kazusa,黒部和沙,1632,2024-04-07,SHOOTO,○,win,"澤田  龍人",30,"1R 03:38 S  ネックストレッチ",181,matched,"",,""
kurobe-kazusa,黒部和沙,1632,2024-01-28,SHOOTO,○,win,"大田  ノヒロ",1427,"1R 01:13 S  スリーパーホールド",178,matched,"",,""
kurobe-kazusa,黒部和沙,1632,2023-10-21,SHOOTO,△,draw,"根井  博登",1566,"判定 0-1",167,matched,"",,""
yamagami-mikihito,山上幹臣,41,2025-09-21,SHOOTO,×,loss,"田上  こゆる",1167,"1R 03:49 KO",222,matched,"",,""
yamagami-mikihito,山上幹臣,41,2025-01-19,SHOOTO,○,win,"当真  佳直",1176,"判定 1-2",216,matched,"",,""
yamagami-mikihito,山上幹臣,41,2024-09-22,SHOOTO,○,win,"黒部  和沙",1632,"1R 02:16 S",192,matched,"",,""
yamagami-mikihito,山上幹臣,41,2012-09-30,SHOOTO,○,win,"猿丸  ジュンジ",29,"2R 01:36 S  スリーパーホールド",,new1_precutoff,"",,""
yamagami-mikihito,山上幹臣,41,2011-11-05,SHOOTO,○,win,"生駒  純司",26,"1R 00:41 KO",,new1_precutoff,"",,""
yamagami-mikihito,山上幹臣,41,2011-04-29,SHOOTO,○,win,"ATCH  アナーキー",23,"3R  判定 0-3",,new1_precutoff,"",,""
yamagami-mikihito,山上幹臣,41,2010-11-19,SHOOTO,○,win,"室伏  シンヤ",40,"2R  判定 0-2",,new1_precutoff,"",,""
yamagami-mikihito,山上幹臣,41,2010-07-04,SHOOTO,○,win,"春崎  武裕",36,"2R  判定 3-0",,new1_precutoff,"",,""
yamagami-mikihito,山上幹臣,41,2009-08-09,SHOOTO,×,loss,"タイガー  石井",67,"1R 04:21 S  チキンウィング・アームロック",,new1_precutoff,"",,""
yamagami-mikihito,山上幹臣,41,2009-03-20,SHOOTO,×,loss,"ATCH  アナーキー",23,"2R  判定 3-0",,new1_precutoff,"",,""
yamagami-mikihito,山上幹臣,41,2008-12-13,SHOOTO,○,win,"猿丸  ジュンジ",29,"2R 02:15 S  フロント・スリーパーホールド",,new1_precutoff,"",,""
yamagami-mikihito,山上幹臣,41,2008-10-05,SHOOTO,○,win,"天風  ゆうすけ",73,"2R 00:18 KO",,new1_precutoff,"",,""
yamagami-mikihito,山上幹臣,41,2008-08-03,SHOOTO,○,win,"ろん",481,"2R  判定 2-0",,new1_precutoff,"",,""
yamagami-mikihito,山上幹臣,41,2013-06-22,VTJ,○,win,"マモル",109,"3R  判定 0-2",25,matched,"",,""
ryoga,亮我,1493,2025-11-16,SHOOTO,○,win,"関口  祐冬",959,"3R 04:45 S  リアネイキッドチョーク",224,matched,"",,""
ryoga,亮我,1493,2025-06-22,SHOOTO,○,win,"高岡  宏気",1067,"判定 0-3",236,matched,"",,""
ryoga,亮我,1493,2025-04-13,SHOOTO,○,win,"黒石  大資",670,"判定 3-0",230,matched,"",,""
ryoga,亮我,1493,2025-01-19,SHOOTO,○,win,"大竹  陽",1139,"1R 01:20 KO",216,matched,"",,""
ryoga,亮我,1493,2024-11-30,SHOOTO,×,loss,"須藤  晃大",1423,"判定 2-0",212,matched,"",,""
ryoga,亮我,1493,2024-07-28,SHOOTO,○,win,"ヤックル  真吾",158,"判定 0-3",206,matched,"",,""
ryoga,亮我,1493,2023-11-12,SHOOTO,○,win,"神里  昭吾",1645,"2R 03:26 TKO  グラウンドパンチ",168,matched,"",,""
ryoga,亮我,1493,2023-09-17,SHOOTO,△,draw,"堀川 55 滉介",153,"判定 0-0",165,matched,"",,""
ryoga,亮我,1493,2023-06-18,SHOOTO,○,win,"谷中  たいち",1539,"1R 04:40 S  チキンウイングアームロック",161,matched,"",,""
ryoga,亮我,1493,2023-04-23,SHOOTO,○,win,"矢野  武蔵",1579,"判定 0-3",158,matched,"",,""
ryoga,亮我,1493,2022-12-04,SHOOTO,○,win,"秋山  翼",968,"2R 00:58 TKO",172,matched,"",,""
ryoga,亮我,1493,2022-08-21,SHOOTO,△,draw,"山口  峻",1352,"判定 0-1",147,mismatch,"既存result=win vs profile symbol=△(draw) [shootoRecords, event=越後風神祭り9] judge(count=3,tie=2,majorityDraw=true)",majority_draw_miscount,"［レフェリー］片岡誠人\n［サブレフェリー］\n太田純一 19-19（1R 10-9／2R 9-10）\n高本裕和 18-20（1R 9-10／2R 9-10）\n小島邦裕 19-19（1R 10-9／2R 9-10）"
taito-rangers,泰斗,1316,2025-01-19,SHOOTO,×,loss,"内藤  頌貴",142,"判定 0-3",216,matched,"",,""
taito-rangers,泰斗,1316,2024-05-26,SHOOTO,△,draw,"石原  愼之介",1390,"判定 1-1",185,matched,"",,""
taito-rangers,泰斗,1316,2023-11-12,SHOOTO,×,loss,"旭那  拳",1098,"判定 3-0",168,matched,"",,""
taito-rangers,泰斗,1316,2023-05-28,SHOOTO,△,draw,"畠山  隆称",1302,"判定 1-0",160,matched,"",,""
taito-rangers,泰斗,1316,2022-12-11,SHOOTO,×,loss,"田上  こゆる",1167,"判定 3-0",145,matched,"",,""
taito-rangers,泰斗,1316,2022-06-05,SHOOTO,○,win,"丸山  大輝",1444,"1R 04:38 S  スリーパーホールド",141,matched,"",,""
taito-rangers,泰斗,1316,2021-11-14,SHOOTO,○,win,"大城  匡史",1255,"判定 0-3",126,matched,"",,""
taito-rangers,泰斗,1316,2020-12-13,SHOOTO,○,win,"横関  タルト",1315,"判定 1-2",106,matched,"",,""
takaoka-hiroki,高岡宏気,1067,2026-07-13,SHOOTO,○,win,"マーウィン  キランテ",2058,"判定 2-1",285,matched,"",,""
takaoka-hiroki,高岡宏気,1067,2026-03-29,SHOOTO,○,win,"杉本  静弥",1635,"3R 00:58 S  リアネイキッドチョーク",251,matched,"",,""
takaoka-hiroki,高岡宏気,1067,2025-10-26,SHOOTO,○,win,"大竹  陽",1139,"2R 04:09 S  リアネイキッドチョーク",244,matched,"",,""
takaoka-hiroki,高岡宏気,1067,2025-06-22,SHOOTO,×,loss,"亮我",1493,"判定 0-3",236,matched,"",,""
takaoka-hiroki,高岡宏気,1067,2024-12-29,SHOOTO,○,win,"渡辺  健太郎",112,"判定 2-0",214,matched,"",,""
takaoka-hiroki,高岡宏気,1067,2024-09-08,SHOOTO,○,win,"宮城  友一",955,"判定 3-0",191,matched,"",,""
takaoka-hiroki,高岡宏気,1067,2024-03-24,SHOOTO,○,win,"志賀  竜太郎",1063,"2R 01:38 TKO  レフリーストップ",180,matched,"",,""
takaoka-hiroki,高岡宏気,1067,2023-09-17,SHOOTO,×,loss,"加マーク納",1585,"判定 0-3",165,matched,"",,""
takaoka-hiroki,高岡宏気,1067,2023-06-18,SHOOTO,△,draw,"和田  教良",1426,"判定 0-1",161,matched,"",,""
takaoka-hiroki,高岡宏気,1067,2023-04-23,SHOOTO,○,win,"蒔田 Gandhi 伸吾",81,"2R 03:38 S  スリーパーホールド",158,matched,"",,""
takaoka-hiroki,高岡宏気,1067,2022-11-27,SHOOTO,×,loss,"内藤  頌貴",142,"判定 3-0",134,matched,"",,""
takaoka-hiroki,高岡宏気,1067,2022-09-11,SHOOTO,○,win,"ニシダ ☆ ショー",35,"判定 3-0",146,matched,"",,""
takaoka-hiroki,高岡宏気,1067,2022-07-17,SHOOTO,×,loss,"齋藤  奨司",1339,"判定 3-0",132,matched,"",,""
takaoka-hiroki,高岡宏気,1067,2022-04-24,SHOOTO,△,draw,"井口  翔太",1383,"判定 1-0",140,mismatch,"既存result=win vs profile symbol=△(draw) [shootoRecords, event=FORCE GIG 02] judge(count=3,tie=2,majorityDraw=true)",majority_draw_miscount,"レフェリー］福田正人\n［サブレフェリー］\n岡田剛史 20-18（1R 10-9／2R 10-9）\n山本諭志 19-19（1R 10-9／2R 9-10）\n吉田元貴 19-19（1R 10-9／2R 9-10）"
takaoka-hiroki,高岡宏気,1067,2021-11-07,SHOOTO,△,draw,"寺嶋  直人",1324,"判定 0-0",125,matched,"",,""
takaoka-hiroki,高岡宏気,1067,2021-07-04,SHOOTO,×,loss,"ダイキ  ライトイヤー",295,"判定 3-0",111,matched,"",,""
takaoka-hiroki,高岡宏気,1067,2020-12-13,SHOOTO,×,loss,"親川  龍",1175,"判定 0-3",106,matched,"",,""
takaoka-hiroki,高岡宏気,1067,2019-12-15,SHOOTO,△,draw,"大竹  陽",1139,"判定 1-0",97,mismatch,"既存result=win vs profile symbol=△(draw) [shootoRecords, event=プロフェッショナル修斗公式戦香川大会「FORCE 12」] judge(count=3,tie=2,majorityDraw=true)",majority_draw_miscount,"［レフェリー］吉田元貴\n［サブレフェリー］\n山本諭志 19-19（1R 9-10/2R 10-9）\n岡田剛史 20-18（1R 10-9/2R 10-9）\n小池義昭 19-19（1R 9-10/2R 10-9）"
takaoka-hiroki,高岡宏気,1067,2019-06-30,SHOOTO,×,loss,"小堀  貴広",27,"判定 2-0",82,matched,"",,""
takaoka-hiroki,高岡宏気,1067,2019-05-12,SHOOTO,○,win,"梅川  毒一郎",1202,"判定 3-0",83,matched,"",,""
takaoka-hiroki,高岡宏気,1067,2019-04-07,SHOOTO,△,draw,"西村  大地",223,"判定 1-0",149,mismatch,"既存result=win vs profile symbol=△(draw) [shootoRecords, event=FORCE 11] judge(count=3,tie=2,majorityDraw=true)",majority_draw_miscount,"[レフェリー] 福田正人\n[サブレフェリー]\n大内 敬 19-19（1R 9-10/2R 10-9）\n小池義昭 19-19（1R 9-10/2R 10-9）\n岡田剛史 20-19（1R 10-10/2R 10-9）"
takaoka-hiroki,高岡宏気,1067,2019-04-07,SHOOTO,△,draw,"西村  大地",223,"2R  判定 1-0",,mismatch,"既存result=win vs profile symbol=△(draw) [shootoRecords, event=FORCE 11] judge(count=3,tie=2,majorityDraw=true)",majority_draw_miscount,"[レフェリー] 福田正人\n[サブレフェリー]\n大内 敬 19-19（1R 9-10/2R 10-9）\n小池義昭 19-19（1R 9-10/2R 10-9）\n岡田剛史 20-19（1R 10-10/2R 10-9）"
takaoka-hiroki,高岡宏気,1067,2018-10-21,SHOOTO,○,win,"阿部  剛",48,"2R 03:44 S  腕ひしぎ十字固め",,new2b_event_missing,"post-cutoffだがprofileページに大会リンクなし",,""
takaoka-hiroki,高岡宏気,1067,2018-04-15,SHOOTO,△,draw,"堀川 55 滉介",153,"2R  判定 1-0",,new2b_event_missing,"post-cutoffだがprofileページに大会リンクなし",,""
takaoka-hiroki,高岡宏気,1067,2017-12-03,SHOOTO,×,loss,"藤田  健吾",1041,"2R  判定 0-3",,new2b_event_missing,"post-cutoffだがprofileページに大会リンクなし",,""
takaoka-hiroki,高岡宏気,1067,2017-09-10,SHOOTO,○,win,"九州  力",152,"2R  判定 3-0",,new2b_event_missing,"post-cutoffだがprofileページに大会リンクなし",,""
takaoka-hiroki,高岡宏気,1067,2017-04-09,SHOOTO,×,loss,"MC  たわし",1048,"2R 03:22 S  スリーパーホールド",,new2b_event_missing,"post-cutoffだがprofileページに大会リンクなし",,""
arai-jo,新井丈,49,2025-11-16,SHOOTO,○,win,"田上  こゆる",1167,"判定 3-0",224,matched,"",,""
arai-jo,新井丈,49,2023-11-19,SHOOTO,○,win,"山内  渉",1348,"3R 02:55 TKO  グラウンドパンチ",169,matched,"",,""
arai-jo,新井丈,49,2023-07-23,SHOOTO,○,win,"安芸  柊斗",1129,"1R 04:41 TKO  グラウンドパンチ",162,matched,"",,""
arai-jo,新井丈,49,2023-03-19,SHOOTO,○,win,"関口  祐冬",959,"判定 0-3",153,matched,"",,""
arai-jo,新井丈,49,2022-11-27,SHOOTO,○,win,"大竹  陽",1139,"1R 04:10 KO",134,matched,"",,""
arai-jo,新井丈,49,2022-09-19,SHOOTO,○,win,"猿丸  ジュンジ",29,"1R 01:50 KO",133,matched,"",,""
arai-jo,新井丈,49,2022-05-22,SHOOTO,○,win,"黒澤  亮平",22,"2R 02:12 TKO  レフェリーストップ",131,matched,"",,""
arai-jo,新井丈,49,2022-01-16,SHOOTO,○,win,"木内 SKINNY ZOMBIE 崇雅",672,"1R 04:46 KO",129,matched,"",,""
arai-jo,新井丈,49,2021-06-26,SHOOTO,○,win,"飯野  タテオ",25,"1R 00:59 KO",118,matched,"",,""
arai-jo,新井丈,49,2020-11-23,SHOOTO,○,win,"津村  有哉",1153,"判定 3-0",96,matched,"",,""
arai-jo,新井丈,49,2020-03-21,SHOOTO,○,win,"牧ヶ谷  篤",80,"判定 3-0",99,matched,"",,""
arai-jo,新井丈,49,2019-10-20,SHOOTO,○,win,"大竹  陽",1139,"2R 02:21 KO",76,matched,"",,""
arai-jo,新井丈,49,2019-07-15,SHOOTO,×,loss,"内田  タケル",1159,"2R  S  スリーパーホールド",74,matched,"",,""
arai-jo,新井丈,49,2018-12-15,SHOOTO,×,loss,"楳沢  智治",51,"2R 04:51 S  肩固め",61,matched,"",,""
arai-jo,新井丈,49,2018-07-15,SHOOTO,×,loss,"小巻  洋平",59,"1R 01:15 S  スリーパーホールド",58,matched,"",,""
arai-jo,新井丈,49,2018-04-22,SHOOTO,×,loss,"ニシダ ☆ ショー",35,"1R 04:02 S  三角絞め",55,matched,"",,""
arai-jo,新井丈,49,2018-03-25,SHOOTO,×,loss,"箕輪  ひろば",84,"2R 04:05 S  スリーパーホールド",54,matched,"",,""
arai-jo,新井丈,49,2017-02-24,SHOOTO,×,loss,"太田  トモアキ",55,"2R 04:00 KO  グランドパンチ",38,matched,"",,""
arai-jo,新井丈,49,2016-05-28,SHOOTO,○,win,"楳沢  智治",51,"2R 00:24 KO",3,matched,"",,""
arai-jo,新井丈,49,2016-03-21,SHOOTO,△,draw,"小川  竜輔",54,"2R  判定 1-0",8,mismatch,"既存result=win vs profile symbol=△(draw) [shootoRecords, event=プロフェッショナル修斗公式戦] judge(count=0,tie=0,majorityDraw=false)",other,""
suzuki-simon,シモンスズキ,1636,2026-07-13,SHOOTO,○,win,"シンバートル  バットエルデネ",1873,"1R 01:46 TS",285,matched,"",,""
suzuki-simon,シモンスズキ,1636,2026-03-30,SHOOTO,○,win,"饒平名  知靖",1924,"判定 3-0",262,matched,"",,""
suzuki-simon,シモンスズキ,1636,2025-10-19,SHOOTO,○,win,"宮城  友一",955,"判定 0-3",243,matched,"",,""
suzuki-simon,シモンスズキ,1636,2025-07-21,SHOOTO,○,win,"安芸  柊斗",1129,"1R 04:16 S  リアネイキッドチョーク",221,matched,"",,""
suzuki-simon,シモンスズキ,1636,2025-05-18,SHOOTO,○,win,"フィルダウス  フェイジエフ",1815,"1R 03:33 S  リアネイキッドチョーク",229,matched,"",,""
suzuki-simon,シモンスズキ,1636,2025-01-19,SHOOTO,○,win,"山本  壮馬",1722,"判定 3-0",216,matched,"",,""
suzuki-simon,シモンスズキ,1636,2024-11-30,SHOOTO,○,win,"中池  武寛",1179,"1R 04:37 TKO",212,matched,"",,""
suzuki-simon,シモンスズキ,1636,2024-07-21,SHOOTO,×,loss,"岡田  嵐士",1669,"判定 0-2",188,matched,"",,""
suzuki-simon,シモンスズキ,1636,2023-11-19,SHOOTO,△,draw,"江口  諒",1621,"判定 0-0",169,matched,"",,""
sekiguchi-yuto,関口祐冬,959,2026-07-20,SHOOTO,○,win,"中池  武寛",1179,"判定 2-1",254,matched,"",,""
sekiguchi-yuto,関口祐冬,959,2026-03-29,SHOOTO,△,draw,"中村  優作",940,"ドロー 0-1",251,matched,"",,""
sekiguchi-yuto,関口祐冬,959,2025-11-16,SHOOTO,×,loss,"亮我",1493,"3R 04:45 S  リアネイキッドチョーク",224,matched,"",,""
sekiguchi-yuto,関口祐冬,959,2025-01-19,SHOOTO,○,win,"安芸  柊斗",1129,"4R 03:24 S  スリーパーホールド",216,matched,"",,""
sekiguchi-yuto,関口祐冬,959,2024-05-19,SHOOTO,○,win,"石井  逸人",147,"2R 03:12 TKO  レフェリーストップ",184,matched,"",,""
sekiguchi-yuto,関口祐冬,959,2024-01-28,SHOOTO,○,win,"ヤックル  真吾",158,"判定 3-0",199,matched,"",,""
sekiguchi-yuto,関口祐冬,959,2023-07-23,SHOOTO,○,win,"内藤  頌貴",142,"判定 3-0",162,matched,"",,""
sekiguchi-yuto,関口祐冬,959,2023-03-19,SHOOTO,×,loss,"新井  丈",49,"判定 0-3",153,matched,"",,""
sekiguchi-yuto,関口祐冬,959,2022-09-19,SHOOTO,○,win,"内田  タケル",1159,"1R 04:46 S  腕十字固め",133,matched,"",,""
sekiguchi-yuto,関口祐冬,959,2022-03-21,SHOOTO,○,win,"宮城  友一",955,"判定 3-0",130,matched,"",,""
sekiguchi-yuto,関口祐冬,959,2021-06-26,SHOOTO,○,win,"西村  大地",223,"判定 3-0",118,matched,"",,""
sekiguchi-yuto,関口祐冬,959,2021-01-31,SHOOTO,○,win,"鎌田  悠介",635,"判定 0-2",108,matched,"",,""
sekiguchi-yuto,関口祐冬,959,2020-09-19,SHOOTO,○,win,"大竹  陽",1139,"1R 02:19 KO",102,matched,"",,""
sekiguchi-yuto,関口祐冬,959,2019-06-08,SHOOTO,×,loss,"平良  達郎",1144,"判定 3-0",73,matched,"",,""
sekiguchi-yuto,関口祐冬,959,2019-03-24,SHOOTO,×,loss,"梶川  卓",121,"判定 3-0",71,matched,"",,""
sekiguchi-yuto,関口祐冬,959,2018-12-15,SHOOTO,○,win,"六本木  洋",160,"2R 01:24 KO  グラウンドパンチ",61,matched,"",,""
sekiguchi-yuto,関口祐冬,959,2018-08-03,SHOOTO,×,loss,"仲宗根  武蔵",144,"判定 3-0",65,matched,"",,""
sekiguchi-yuto,関口祐冬,959,2018-02-24,SHOOTO,○,win,"輝龍",129,"1R 00:58 KO",52,matched,"",,""
sekiguchi-yuto,関口祐冬,959,2017-11-19,SHOOTO,○,win,"斎藤  康太",1111,"判定 3-0",47,matched,"",,""
sekiguchi-yuto,関口祐冬,959,2017-05-12,SHOOTO,△,draw,"本田  良介",1049,"2R  判定 0-0",42,matched,"",,""
sekiguchi-yuto,関口祐冬,959,2015-06-21,VTJ,○,win,"若松  佑弥",958,"1R 02:43 S  腕ひしぎ十字固め",18,matched,"",,""
nakamura-yusaku,中村優作,940,2026-03-29,SHOOTO,△,draw,"関口  祐冬",959,"ドロー 0-1",251,matched,"",,""
nakamura-yusaku,中村優作,940,2025-11-22,SHOOTO,○,win,"打威致",1453,"判定 3-0",238,matched,"",,""
nakamura-yusaku,中村優作,940,2019-03-24,SHOOTO,○,win,"ロドニー  モンダラ",1187,"1R 01:57 KO  グラウンド・パンチ",71,matched,"",,""
nakamura-yusaku,中村優作,940,2017-10-15,SHOOTO,×,loss,"ライリー  ドゥトロ",1097,"2R 02:14 KO  KO",46,matched,"",,""
nakamura-yusaku,中村優作,940,2015-09-13,VTJ,○,win,"グォン  サンス",941,"2R 00:36 KO",16,matched,"",,""
nakamura-yusaku,中村優作,940,2015-06-21,VTJ,○,win,"カナ  ハヤット",904,"2R 02:22 KO",18,matched,"",,""
nakamura-yusaku,中村優作,940,2014-06-28,VTJ,○,win,"山本  賢治",191,"3R  判定 1-2",22,matched,"",,""
nagai-kanata,永井奏多,1548,2025-09-21,SHOOTO,○,win,"齋藤  奨司",1339,"3R 03:24 S",239,matched,"",,""
nagai-kanata,永井奏多,1548,2025-05-25,SHOOTO,○,win,"ダイキ  ライトイヤー",295,"1R 04:52 TKO  レフェリーストップ/グラウンドパンチ",228,matched,"",,""
nagai-kanata,永井奏多,1548,2025-03-16,SHOOTO,○,win,"藤井  伸樹",1148,"判定 0-3",217,matched,"",,""
nagai-kanata,永井奏多,1548,2024-10-20,SHOOTO,○,win,"一條  貴洋",197,"1R 02:34 KO",193,matched,"",,""
nagai-kanata,永井奏多,1548,2024-04-07,SHOOTO,○,win,"松下  祐介",232,"判定 0-3",181,matched,"",,""
nagai-kanata,永井奏多,1548,2024-01-28,SHOOTO,○,win,"HAMMER  KATU",1414,"判定 3-0",199,matched,"",,""
nagai-kanata,永井奏多,1548,2023-10-21,SHOOTO,○,win,"小林  佳純",1050,"判定 0-3",167,matched,"",,""
nagai-kanata,永井奏多,1548,2023-05-21,SHOOTO,○,win,"新井  拓巳",1253,"1R 01:13 TKO  レフェリーストップ",173,matched,"",,""
nagai-kanata,永井奏多,1548,2023-04-09,SHOOTO,△,draw,"藤田  ムネノリ",1547,"判定 0-0",157,matched,"",,""
saito-shoji,齋藤奨司,1339,2026-02-18,SHOOTO,○,win,"シンバートル  バットエルデネ",1873,"判定 0-3",260,matched,"",,""
saito-shoji,齋藤奨司,1339,2025-09-21,SHOOTO,×,loss,"永井  奏多",1548,"3R 03:24 S",239,matched,"",,""
saito-shoji,齋藤奨司,1339,2024-07-21,SHOOTO,○,win,"藤井  伸樹",1148,"判定 1-2",188,matched,"",,""
saito-shoji,齋藤奨司,1339,2023-05-21,SHOOTO,○,win,"須藤  拓真",1500,"判定 0-3",173,matched,"",,""
saito-shoji,齋藤奨司,1339,2023-01-15,SHOOTO,○,win,"野尻  定由",1185,"1R 04:23 KO",151,matched,"",,""
saito-shoji,齋藤奨司,1339,2022-11-27,SHOOTO,△,draw,"新井  拓巳",1253,"判定 0-1",134,matched,"",,""
saito-shoji,齋藤奨司,1339,2022-07-17,SHOOTO,○,win,"高岡  宏気",1067,"判定 3-0",132,matched,"",,""
saito-shoji,齋藤奨司,1339,2022-03-21,SHOOTO,○,win,"親川  龍",1175,"判定 0-3",130,matched,"",,""
saito-shoji,齋藤奨司,1339,2021-10-02,SHOOTO,○,win,"谷井  翔太",1353,"判定 3-0",119,matched,"",,""
saito-shoji,齋藤奨司,1339,2021-06-26,SHOOTO,×,loss,"片山  将宏",1340,"判定 0-3",118,matched,"",,""
nakano-goki,中野剛貴,1483,2026-03-29,SHOOTO,○,win,"杉野  光星",1614,"1R 03:22 KO",251,matched,"",,""
nakano-goki,中野剛貴,1483,2025-07-21,SHOOTO,○,win,"青柳  洸志",777,"2R 04:33 TKO  レフェリーストップ/グラウンドパンチ",221,matched,"",,""
nakano-goki,中野剛貴,1483,2025-03-16,SHOOTO,○,win,"松下  祐介",232,"判定 3-0",217,matched,"",,""
nakano-goki,中野剛貴,1483,2024-03-23,SHOOTO,×,loss,"人見  礼王",1658,"2R 02:35 KO",179,matched,"",,""
nakano-goki,中野剛貴,1483,2023-11-19,SHOOTO,○,win,"Jセロウ  若林",1081,"判定 0-3",169,matched,"",,""
nakano-goki,中野剛貴,1483,2022-10-15,SHOOTO,×,loss,"川北  晏生",1385,"判定 2-0",138,matched,"",,""
sugino-kosei,杉野光星,1614,2026-03-29,SHOOTO,×,loss,"中野  剛貴",1483,"1R 03:22 KO",251,matched,"",,""
sugino-kosei,杉野光星,1614,2025-09-21,SHOOTO,○,win,"ザヒド  アフメドフ",1851,"1R 00:41 KO",239,matched,"",,""
sugino-kosei,杉野光星,1614,2025-03-16,SHOOTO,○,win,"川北  晏生",1385,"判定 0-3",217,matched,"",,""
sugino-kosei,杉野光星,1614,2024-11-30,SHOOTO,○,win,"平川  智也",305,"判定 0-2",212,matched,"",,""
sugino-kosei,杉野光星,1614,2023-09-24,SHOOTO,○,win,"谷井  翔太",1353,"判定 0-3",166,matched,"",,""
baterdene-simbaatar,シンバートルバットエルデネ,1873,2026-07-13,SHOOTO,×,loss,"シモン  スズキ",1636,"1R 01:46 TS",285,matched,"",,""
baterdene-simbaatar,シンバートルバットエルデネ,1873,2026-02-18,SHOOTO,×,loss,"齋藤  奨司",1339,"判定 0-3",260,matched,"",,""
baterdene-simbaatar,シンバートルバットエルデネ,1873,2025-10-19,SHOOTO,○,win,"野瀬  翔平",1141,"1R 01:20 S  フロントスリーパーホールド",243,matched,"",,""
nose-shohei,野瀬翔平,1141,2026-06-28,SHOOTO,○,win,"青柳  洸志",777,"1R 03:19 TS",299,matched,"",,""
nose-shohei,野瀬翔平,1141,2026-02-18,SHOOTO,○,win,"ジョン  オルニド",1906,"1R 03:14 S  アームロック",260,matched,"",,""
nose-shohei,野瀬翔平,1141,2025-10-19,SHOOTO,×,loss,"シンバートル  バットエルデネ",1873,"1R 01:20 S  フロントスリーパーホールド",243,matched,"",,""
nose-shohei,野瀬翔平,1141,2025-05-11,SHOOTO,○,win,"加藤  ケンジ",130,"1R 03:35 S  肩固め",235,matched,"",,""
nose-shohei,野瀬翔平,1141,2024-12-29,SHOOTO,×,loss,"ダイキ  ライトイヤー",295,"判定 1-2",214,matched,"",,""
nose-shohei,野瀬翔平,1141,2024-09-22,SHOOTO,○,win,"人見  礼王",1658,"2R 02:53 S  チキンウィングアームロック",192,matched,"",,""
nose-shohei,野瀬翔平,1141,2023-12-03,SHOOTO,○,win,"神田 T800 周一",1221,"1R 03:10 S  チキンウイングアームロック",170,matched,"",,""
nose-shohei,野瀬翔平,1141,2023-03-19,SHOOTO,○,win,"新井  拓巳",1253,"1R 02:53 S  チキンウイング・アームロック",153,matched,"",,""
nose-shohei,野瀬翔平,1141,2022-05-15,SHOOTO,○,win,"藤川  智史",229,"1R 01:15 S  フロントスリーパーホールド",143,matched,"",,""
nose-shohei,野瀬翔平,1141,2021-12-05,SHOOTO,○,win,"奇天烈",127,"1R 04:36 S  ネックシザース",127,matched,"",,""
nose-shohei,野瀬翔平,1141,2021-07-25,SHOOTO,○,win,"齋藤  翼",214,"判定 0-3",112,matched,"",,""
nose-shohei,野瀬翔平,1141,2020-09-19,SHOOTO,×,loss,"工藤  諒司",1115,"1R 02:13 KO",94,matched,"",,""
nose-shohei,野瀬翔平,1141,2019-06-16,SHOOTO,○,win,"一水  浩二",1181,"1R 02:02 S  スリーパーホールド",,new2b_event_missing,"post-cutoffだがprofileページに大会リンクなし",,""
nose-shohei,野瀬翔平,1141,2018-10-21,SHOOTO,○,win,"田原  樹也",298,"1R 02:01 S  スリーパーホールド",,new2b_event_missing,"post-cutoffだがprofileページに大会リンクなし",,""
nose-shohei,野瀬翔平,1141,2018-07-15,SHOOTO,△,draw,"國頭  武",624,"2R  判定 0-0",58,matched,"",,""
sasuke,SASUKE,288,2025-03-16,SHOOTO,○,win,"椿  飛鳥",1296,"2R 02:54 TS",217,matched,"",,""
sasuke,SASUKE,288,2024-05-19,SHOOTO,○,win,"ジョングウェン  パン",1702,"1R 03:02 S  膝十字固め",204,matched,"",,""
sasuke,SASUKE,288,2023-12-02,SHOOTO,○,win,"田中  半蔵",250,"3R 01:07 TKO  レフェリーストップ",171,matched,"",,""
sasuke,SASUKE,288,2023-03-19,SHOOTO,○,win,"たてお",701,"2R 01:49 KO",153,matched,"",,""
sasuke,SASUKE,288,2021-07-25,SHOOTO,○,win,"工藤  諒司",1115,"判定 2-0",112,matched,"",,""
sasuke,SASUKE,288,2021-01-31,SHOOTO,○,win,"内藤  太尊",15,"2R 02:34 S  スリーパーホールド",108,matched,"",,""
sasuke,SASUKE,288,2020-09-19,SHOOTO,○,win,"仲山  貴志",300,"2R 02:05 TKO",102,matched,"",,""
sasuke,SASUKE,288,2020-05-31,SHOOTO,○,win,"西浦 ウィッキー 聡生",258,"判定 3-0",92,matched,"",,""
sasuke,SASUKE,288,2019-11-24,SHOOTO,○,win,"山本 健斗 デリカット",314,"判定 0-2",77,matched,"",,""
sasuke,SASUKE,288,2019-10-20,SHOOTO,○,win,"稲葉  聡",269,"1R 03:48 S  フロント・スリーパーホールド",76,matched,"",,""
sasuke,SASUKE,288,2019-07-15,SHOOTO,○,win,"鈴木  淑徳",355,"1R 04:30 TKO  レフェリーストップ",74,matched,"",,""
sasuke,SASUKE,288,2016-12-11,SHOOTO,×,loss,"山本 健斗 デリカット",314,"1R 04:37 KO  スタンドパンチ",37,matched,"",,""
sasuke,SASUKE,288,2016-11-06,SHOOTO,○,win,"小川  将貴",275,"2R 00:38 TKO",,new2b_event_missing,"post-cutoffだがprofileページに大会リンクなし",,""
sasuke,SASUKE,288,2016-07-17,SHOOTO,△,draw,"たてお",701,"判定 1-0",7,mismatch,"既存result=loss vs profile symbol=△(draw) [shootoRecords, event=プロフェッショナル修斗公式戦] judge(count=0,tie=0,majorityDraw=false)",other,"優勢ポイント1-2で飯田選手がトーナメント準決勝進出"
sasuke,SASUKE,288,2016-03-21,SHOOTO,○,win,"葛西  達",276,"2R  判定 0-3",8,matched,"",,""
hikaru,ヒカル,1704,2026-05-17,SHOOTO,○,win,"青井  太一",1485,"3R 01:07 TKO",253,matched,"",,""
hikaru,ヒカル,1704,2025-11-22,SHOOTO,○,win,"山本 健斗 デリカット",314,"判定 1-2",238,matched,"",,""
hikaru,ヒカル,1704,2025-01-19,SHOOTO,○,win,"歩生",1659,"判定 3-0",216,matched,"",,""
hikaru,ヒカル,1704,2024-05-26,SHOOTO,○,win,"清水  洸志",1377,"判定 3-0",185,matched,"",,""
aoi-taichi,青井太一,1485,2026-05-17,SHOOTO,×,loss,"ヒカル",1704,"3R 01:07 TKO",253,matched,"",,""
aoi-taichi,青井太一,1485,2026-02-28,SHOOTO,△,draw,"たてお",701,"判定 1-0",250,mismatch,"既存result=loss vs profile symbol=△(draw) [shootoRecords, event=SHOOTO GIG TOKYO Vol.40] judge(count=3,tie=2,majorityDraw=true)",majority_draw_miscount,"［レフェリー］橋本 貴\n［ジャッジ］\n片岡 誠人28-28 （1R 9-10／2R 10-8／3R 9-10）\n福田 正人28-28 （1R 9-10／2R 10-8／3R 9-10）\n石川 喬也 29-28 （1R 9-10／2R 10-8／3R 10-9）"
aoi-taichi,青井太一,1485,2025-05-18,SHOOTO,○,win,"石原  夜叉坊",162,"1R 02:07 KO",229,matched,"",,""
aoi-taichi,青井太一,1485,2025-03-23,SHOOTO,×,loss,"上原  平",1249,"判定 2-1",218,matched,"",,""
aoi-taichi,青井太一,1485,2024-12-29,SHOOTO,○,win,"山本 健斗 デリカット",314,"1R 00:42 KO",214,matched,"",,""
aoi-taichi,青井太一,1485,2024-09-01,SHOOTO,○,win,"澤江  優侍",1561,"1R 00:56 TKO  ボディへの膝蹴り",211,matched,"",,""
aoi-taichi,青井太一,1485,2024-05-19,SHOOTO,×,loss,"齋藤  翼",214,"判定 3-0",184,matched,"",,""
aoi-taichi,青井太一,1485,2024-03-23,SHOOTO,○,win,"島村  裕",1671,"1R 04:21 KO",179,matched,"",,""
aoi-taichi,青井太一,1485,2024-01-28,SHOOTO,○,win,"加藤  裕彦",1162,"2R 02:33 TKO  レフェリーストップ",178,matched,"",,""
aoi-taichi,青井太一,1485,2023-12-02,SHOOTO,×,loss,"ネイン  デイネッシュ",1623,"判定 0-3",171,matched,"",,""
aoi-taichi,青井太一,1485,2023-10-21,SHOOTO,○,win,"椿  馨",1562,"判定 3-0",167,matched,"",,""
aoi-taichi,青井太一,1485,2023-05-21,SHOOTO,×,loss,"國頭  武",624,"2R 02:14 S  肩固め",173,matched,"",,""
aoi-taichi,青井太一,1485,2023-04-09,SHOOTO,△,draw,"中村  修平",1545,"ドロー 0-0",157,matched,"",,""
aoi-taichi,青井太一,1485,2022-10-15,SHOOTO,○,win,"太田  慎太郎",1498,"判定 3-0",138,matched,"",,""
tateo,たてお,701,2026-02-28,SHOOTO,△,draw,"青井  太一",1485,"判定 1-0",250,mismatch,"既存result=win vs profile symbol=△(draw) [shootoRecords, event=SHOOTO GIG TOKYO Vol.40] judge(count=3,tie=2,majorityDraw=true)",majority_draw_miscount,"［レフェリー］橋本 貴\n［ジャッジ］\n片岡 誠人28-28 （1R 9-10／2R 10-8／3R 9-10）\n福田 正人28-28 （1R 9-10／2R 10-8／3R 9-10）\n石川 喬也 29-28 （1R 9-10／2R 10-8／3R 10-9）"
tateo,たてお,701,2025-09-21,SHOOTO,○,win,"上原  平",1249,"判定 1-2",239,matched,"",,""
tateo,たてお,701,2025-03-16,SHOOTO,△,draw,"シャ  ランディ",1665,"判定 0-0",217,matched,"",,""
tateo,たてお,701,2024-11-30,SHOOTO,○,win,"島村  裕",1671,"判定 3-0",212,matched,"",,""
tateo,たてお,701,2024-07-21,SHOOTO,×,loss,"椿  飛鳥",1296,"判定 2-1",188,matched,"",,""
tateo,たてお,701,2023-03-19,SHOOTO,×,loss,"SASUKE",288,"2R 01:49 KO",153,matched,"",,""
tateo,たてお,701,2022-09-19,SHOOTO,○,win,"論田  愛空隆",1089,"3R 01:13 TKO  レフェリーストップ",133,matched,"",,""
tateo,たてお,701,2022-07-03,SHOOTO,○,win,"山本 健斗 デリカット",314,"1R 02:49 S  スリーパーホールド",136,matched,"",,""
tateo,たてお,701,2021-12-19,SHOOTO,○,win,"後藤  陽駆",1140,"1R 03:38 S  スリーパーホールド",123,matched,"",,""
tateo,たてお,701,2021-10-02,SHOOTO,○,win,"木下  カラテ",1183,"判定 0-2",119,matched,"",,""
tateo,たてお,701,2020-12-20,SHOOTO,×,loss,"長田  拓也",406,"判定 3-0",115,matched,"",,""
tateo,たてお,701,2020-08-01,SHOOTO,△,draw,"宮路  智之",1242,"判定 0-0",93,matched,"",,""
tateo,たてお,701,2016-07-17,SHOOTO,△,draw,"SASUKE",288,"判定 1-0",7,mismatch,"既存result=win vs profile symbol=△(draw) [shootoRecords, event=プロフェッショナル修斗公式戦] judge(count=0,tie=0,majorityDraw=false)",other,"優勢ポイント1-2で飯田選手がトーナメント準決勝進出"
horie-taishi,堀江耐志,1907,2026-02-18,SHOOTO,○,win,"TOMA",255,"判定 1-2",260,matched,"",,""
toma,TOMA,255,2026-06-28,SHOOTO,○,win,"田中  半蔵",250,"2R 01:09 TKO",299,matched,"",,""
toma,TOMA,255,2026-02-18,SHOOTO,×,loss,"堀江  耐志",1907,"判定 1-2",260,matched,"",,""
toma,TOMA,255,2024-07-28,SHOOTO,○,win,"ネイン  デイネッシュ",1623,"2R 01:15 KO",202,matched,"",,""
toma,TOMA,255,2024-01-28,SHOOTO,○,win,"齋藤  翼",214,"3R 02:41 TKO",199,matched,"",,""
toma,TOMA,255,2023-09-03,SHOOTO,○,win,"岡田  達磨",1361,"2R 02:36 TKO  グラウンドパンチ",164,matched,"",,""
toma,TOMA,255,2023-05-28,SHOOTO,×,loss,"結城  大樹",642,"判定 3-0",160,matched,"",,""
toma,TOMA,255,2020-01-26,SHOOTO,×,loss,"仲山  貴志",300,"判定 1-2",86,matched,"",,""
toma,TOMA,255,2019-06-30,SHOOTO,○,win,"高野  明",296,"判定 3-0",82,matched,"",,""
toma,TOMA,255,2018-09-23,SHOOTO,×,loss,"リオン  武",266,"判定 0-3",59,matched,"",,""
toma,TOMA,255,2018-06-17,SHOOTO,○,win,"山本 健斗 デリカット",314,"1R 01:30 KO  グラウンドパンチ",57,matched,"",,""
toma,TOMA,255,2017-11-19,SHOOTO,○,win,"三上  譲治",310,"2R 00:19 KO  グラウンドパンチ",47,matched,"",,""
toma,TOMA,255,2017-06-25,SHOOTO,○,win,"山本 健斗 デリカット",314,"判定 0-2",43,matched,"",,""
toma,TOMA,255,2017-05-12,SHOOTO,○,win,"内藤  太尊",15,"1R 00:56 KO  スタンドパンチ",42,matched,"",,""
toma,TOMA,255,2017-03-19,SHOOTO,×,loss,"仲山  貴志",300,"2R 04:40 S  スリーパーホールド",40,matched,"",,""
toma,TOMA,255,2016-12-11,SHOOTO,×,loss,"摩嶋  一整",309,"2R 02:07 S  スリーパーホールド",37,matched,"",,""
toma,TOMA,255,2015-09-06,SHOOTO,×,loss,"太田  拓己",272,"2R 04:14 KO",,new2b_event_missing,"post-cutoffだがprofileページに大会リンクなし",,""
toma,TOMA,255,2015-06-21,SHOOTO,○,win,"里本  一也",290,"1R 04:49 KO",,new2b_event_missing,"post-cutoffだがprofileページに大会リンクなし",,""
toma,TOMA,255,2015-03-20,SHOOTO,△,draw,"内藤  太尊",15,"2R  判定 1-0",,new2b_event_missing,"post-cutoffだがprofileページに大会リンクなし",,""
toma,TOMA,255,2014-09-21,SHOOTO,○,win,"虎刃殺獅",284,"2R 04:38 TKO",,new2b_event_missing,"post-cutoffだがprofileページに大会リンクなし",,""
toma,TOMA,255,2014-07-19,SHOOTO,×,loss,"斎藤  裕",5,"2R  判定 3-0",,new2b_event_missing,"post-cutoffだがprofileページに大会リンクなし",,""
toma,TOMA,255,2014-05-05,SHOOTO,○,win,"城田  和秀",215,"1R 02:34 S  スリーパーホールド",,new2b_event_missing,"post-cutoffだがprofileページに大会リンクなし",,""
toma,TOMA,255,2014-04-27,SHOOTO,○,win,"田中  宏幸",641,"1R 02:10 S  スリーパーホールド",,new2b_event_missing,"post-cutoffだがprofileページに大会リンクなし",,""
toma,TOMA,255,2014-01-12,SHOOTO,△,draw,"土肥 聖帝 潤",570,"2R  判定 1-1",,new2b_event_missing,"post-cutoffだがprofileページに大会リンクなし",,""
toma,TOMA,255,2013-09-01,SHOOTO,○,win,"天草 ストロンガー 四郎",268,"1R 04:11 S  スリーパーホールド",,new2b_event_missing,"post-cutoffだがprofileページに大会リンクなし",,""
toma,TOMA,255,2013-06-08,SHOOTO,×,loss,"誠",186,"2R  判定 3-0",,new2b_event_missing,"post-cutoffだがprofileページに大会リンクなし",,""
toma,TOMA,255,2013-04-07,SHOOTO,×,loss,"大道  翔貴",203,"2R  判定 0-2",,new2b_event_missing,"post-cutoffだがprofileページに大会リンクなし",,""
toma,TOMA,255,2012-12-09,SHOOTO,○,win,"じゅん",571,"2R 03:40 S  フロントスリーパーホールド",,new1_precutoff,"",,""
toma,TOMA,255,2012-09-23,SHOOTO,○,win,"海鬼袈侍鬼",610,"2R  判定 2-0",,new1_precutoff,"",,""
efeviga-yushi,エフェヴィガ雄志,1537,2026-06-01,SHOOTO,×,loss,"ローウェン  タイナネス",2020,"1R 03:44 KO",284,matched,"",,""
efeviga-yushi,エフェヴィガ雄志,1537,2026-03-29,SHOOTO,○,win,"キャプテン ☆ アフリカ",1056,"2R 02:45 KO",251,matched,"",,""
efeviga-yushi,エフェヴィガ雄志,1537,2026-01-18,SHOOTO,×,loss,"イム  クァンウ",1899,"1R 04:49 KO  グランドパンチ",249,matched,"",,""
efeviga-yushi,エフェヴィガ雄志,1537,2025-01-19,SHOOTO,○,win,"ライダーHIRO",1615,"1R 04:33 S  スリーパーホールド",216,matched,"",,""
efeviga-yushi,エフェヴィガ雄志,1537,2024-11-30,SHOOTO,○,win,"マックス・ザ・ボディ",1295,"3R 03:17 S  スリーパーホールド",212,matched,"",,""
efeviga-yushi,エフェヴィガ雄志,1537,2024-05-19,SHOOTO,○,win,"アーイージアコ  アーケンビエコァ",1701,"2R 02:31 TKO  膝十字固め",204,matched,"",,""
efeviga-yushi,エフェヴィガ雄志,1537,2024-03-23,SHOOTO,○,win,"キム  ミンヒュン",1672,"1R 03:21 S  スリーパーホールド",179,matched,"",,""
efeviga-yushi,エフェヴィガ雄志,1537,2023-11-19,SHOOTO,○,win,"後藤  陽駆",1140,"1R 00:21 KO",169,matched,"",,""
efeviga-yushi,エフェヴィガ雄志,1537,2023-01-15,SHOOTO,○,win,"クアト  驎",1499,"1R 01:20 TKO  レフェリーストップ",151,matched,"",,""
im-kwangwoo,イムクァンウ,1899,2026-01-18,SHOOTO,○,win,"エフェヴィガ  雄志",1537,"1R 04:49 KO  グランドパンチ",249,matched,"",,""
goto-ryo,後藤亮,1549,2026-02-18,SHOOTO,○,win,"シヴァエフ",1707,"1R 01:44 KO",260,matched,"",,""
goto-ryo,後藤亮,1549,2025-10-11,SHOOTO,○,win,"結城  大樹",642,"判定 0-2",223,matched,"",,""
goto-ryo,後藤亮,1549,2025-03-16,SHOOTO,○,win,"手島  響",1734,"判定 0-3",217,matched,"",,""
goto-ryo,後藤亮,1549,2023-04-09,SHOOTO,○,win,"石原  匠",1550,"判定 3-0",157,new2a_bout_missing_in_existing_event,"event shootoEventId=157 は既存だがbout自体が無い",,""
captain-africa,キャプテン☆アフリカ,1056,2026-03-29,SHOOTO,×,loss,"エフェヴィガ  雄志",1537,"2R 02:45 KO",251,matched,"",,""
captain-africa,キャプテン☆アフリカ,1056,2024-07-28,SHOOTO,○,win,"大尊  伸光",247,"1R 02:03 S",206,matched,"",,""
captain-africa,キャプテン☆アフリカ,1056,2022-07-03,SHOOTO,○,win,"長田  拓也",406,"判定 3-0",136,matched,"",,""
captain-africa,キャプテン☆アフリカ,1056,2021-12-19,SHOOTO,○,win,"マックス・ザ・ボディ",1295,"1R 02:46 S  フロントスリーパーホールド",123,matched,"",,""
captain-africa,キャプテン☆アフリカ,1056,2021-07-04,SHOOTO,×,loss,"マックス・ザ・ボディ",1295,"判定 0-3",111,matched,"",,""
captain-africa,キャプテン☆アフリカ,1056,2020-12-20,SHOOTO,○,win,"田中  有",1102,"1R 04:02 S  Vクロスアームバー",103,matched,"",,""
captain-africa,キャプテン☆アフリカ,1056,2020-07-12,SHOOTO,×,loss,"川名 TENCHO 雄生",4,"1R 03:48 KO",100,matched,"",,""
captain-africa,キャプテン☆アフリカ,1056,2019-11-24,SHOOTO,○,win,"AB",321,"2R 01:10 TKO",77,matched,"",,""
captain-africa,キャプテン☆アフリカ,1056,2019-06-30,SHOOTO,○,win,"ウエタ  ユウ",320,"判定 3-0",82,matched,"",,""
captain-africa,キャプテン☆アフリカ,1056,2018-11-17,SHOOTO,×,loss,"小谷  直之",984,"2R 00:51 S  スリーパーホールド",60,matched,"",,""
captain-africa,キャプテン☆アフリカ,1056,2018-06-17,SHOOTO,×,loss,"キム  ギョンピョ",1142,"1R 01:50 KO  グラウンドパンチ",57,matched,"",,""
captain-africa,キャプテン☆アフリカ,1056,2018-03-25,SHOOTO,○,win,"鈴木  槙吾",1075,"1R 01:25 S  アームバー",54,matched,"",,""
captain-africa,キャプテン☆アフリカ,1056,2017-12-23,SHOOTO,○,win,"Ju-sei  Aquila",1058,"1R 01:28 S  腕ひしぎ十字固め",62,matched,"",,""
captain-africa,キャプテン☆アフリカ,1056,2017-09-03,SHOOTO,○,win,"興梠  弘樹",1103,"1R 00:50 S  腕ひしぎ十字固め",50,matched,"",,""
shivaev,シヴァエフ,1707,2026-02-18,SHOOTO,×,loss,"後藤  亮",1549,"1R 01:44 KO",260,matched,"",,""
shivaev,シヴァエフ,1707,2025-07-21,SHOOTO,○,win,"西尾  真輔",1739,"2R 05:00 TKO  レフェリーストップ/グラウンドパンチ",221,matched,"",,""
shivaev,シヴァエフ,1707,2025-01-19,SHOOTO,○,win,"手島  響",1734,"2R 00:21 TKO  レフェリーストップ/グラウンドパンチ",216,matched,"",,""
shivaev,シヴァエフ,1707,2024-11-17,SHOOTO,○,win,"山下  康一郎",1760,"2R 01:43 KO",215,matched,"",,""
shivaev,シヴァエフ,1707,2024-07-14,SHOOTO,○,win,"KENZO",1394,"2R 01:25 TKO  レフェリーストップ",207,matched,"",,""
shivaev,シヴァエフ,1707,2024-05-26,SHOOTO,○,win,"ムクロック",1706,"判定 0-3",185,matched,"",,""
nishio-shinsuke,西尾真輔,1739,2025-07-21,SHOOTO,×,loss,"シヴァエフ",1707,"2R 05:00 TKO  レフェリーストップ/グラウンドパンチ",221,matched,"",,""
nishio-shinsuke,西尾真輔,1739,2024-09-22,SHOOTO,○,win,"マックス・ザ・ボディ",1295,"1R 00:36 KO",192,matched,"",,""
sumimura-ryuichiro,住村竜市朗,400,2026-05-17,SHOOTO,×,loss,"デソウザ  マルセル",1854,"2R 00:55 KO",283,matched,"",,""
sumimura-ryuichiro,住村竜市朗,400,2025-11-16,SHOOTO,○,win,"森井   翼",1885,"2R 03:03 TS",224,matched,"",,""
sumimura-ryuichiro,住村竜市朗,400,2025-07-21,SHOOTO,○,win,"ソーキ",402,"判定 0-3",221,matched,"",,""
sumimura-ryuichiro,住村竜市朗,400,2024-09-22,SHOOTO,○,win,"西條  英成",1564,"判定 3-0",192,matched,"",,""
sumimura-ryuichiro,住村竜市朗,400,2010-12-18,SHOOTO,△,draw,"井上  雄策",386,"2R  判定 1-0",,new1_precutoff,"",,""
desouza-marcel,デソウザマルセル,1854,2026-05-17,SHOOTO,○,win,"住村  竜市朗",400,"2R 00:55 KO",283,matched,"",,""
desouza-marcel,デソウザマルセル,1854,2026-01-18,SHOOTO,△,draw,"グラップラー脇",1708,"判定 1-0",249,matched,"",,""
desouza-marcel,デソウザマルセル,1854,2025-09-21,SHOOTO,○,win,"六郷   海南人",1853,"1R 00:38 KO",222,matched,"",,""
sumiyoshi-ryota,墨吉涼太,1452,2024-11-17,SHOOTO,○,win,"ソーキ",402,"1R 03:47 KO",215,matched,"",,""
sumiyoshi-ryota,墨吉涼太,1452,2023-12-03,SHOOTO,○,win,"ソーキ",402,"判定 0-3",170,matched,"",,""
sumiyoshi-ryota,墨吉涼太,1452,2022-12-04,SHOOTO,○,win,"久保  昌弘",969,"1R 00:55 KO",172,matched,"",,""
sumiyoshi-ryota,墨吉涼太,1452,2022-05-15,SHOOTO,×,loss,"加藤  正憲",390,"判定 2-0",143,matched,"",,""
cooper-makoa,マコアクーパー,1945,2026-04-19,SHOOTO,○,win,"西條  英成",1564,"判定 0-3",264,matched,"",,""
saijo-hidenari,西條英成,1564,2026-04-19,SHOOTO,×,loss,"マコア  クーパー",1945,"判定 0-3",264,matched,"",,""
saijo-hidenari,西條英成,1564,2025-10-19,SHOOTO,○,win,"クルボン  バトル",1874,"判定 3-0",243,matched,"",,""
saijo-hidenari,西條英成,1564,2025-01-19,SHOOTO,○,win,"ムクロック",1706,"1R 01:51 S  腕十字固め",216,matched,"",,""
saijo-hidenari,西條英成,1564,2024-09-22,SHOOTO,×,loss,"住村  竜市朗",400,"判定 3-0",192,matched,"",,""
saijo-hidenari,西條英成,1564,2024-05-19,SHOOTO,○,win,"ジャン  シイジェン",1695,"1R 04:33 TKO  レフェリーストップ",204,matched,"",,""
saijo-hidenari,西條英成,1564,2024-04-14,SHOOTO,○,win,"アイエティ  ケビン",1689,"1R 03:13 S  スリーパーホールド",182,matched,"",,""
saijo-hidenari,西條英成,1564,2023-11-12,SHOOTO,○,win,"加藤  正憲",390,"判定 0-3",168,matched,"",,""
saijo-hidenari,西條英成,1564,2023-04-16,SHOOTO,○,win,"スターリング ベアー ミーチャム",1565,"判定 3-0",156,matched,"",,""
soki,ソーキ,402,2026-05-17,SHOOTO,○,win,"SOKO",1848,"判定 3-0",266,matched,"",,""
soki,ソーキ,402,2025-07-21,SHOOTO,×,loss,"住村  竜市朗",400,"判定 0-3",221,matched,"",,""
soki,ソーキ,402,2024-11-17,SHOOTO,×,loss,"墨吉  涼太",1452,"1R 03:47 KO",215,matched,"",,""
soki,ソーキ,402,2023-12-03,SHOOTO,×,loss,"墨吉  涼太",1452,"判定 0-3",170,matched,"",,""
soki,ソーキ,402,2022-05-15,SHOOTO,×,loss,"田村  ヒビキ",375,"2R 03:15 KO",143,matched,"",,""
soki,ソーキ,402,2019-06-16,SHOOTO,○,win,"田村  ヒビキ",375,"3R  判定 2-1",,new2b_event_missing,"post-cutoffだがprofileページに大会リンクなし",,""
soki,ソーキ,402,2015-12-23,SHOOTO,○,win,"加藤  正憲",390,"1R 03:33 S  アームロック",33,matched,"",,""
soki,ソーキ,402,2015-08-23,SHOOTO,○,win,"黒田  好治",393,"2R 01:22 S  膝十字固め",,new2b_event_missing,"post-cutoffだがprofileページに大会リンクなし",,""
soki,ソーキ,402,2015-06-28,SHOOTO,×,loss,"TAKASHI",404,"2R 02:16 KO",,new2b_event_missing,"post-cutoffだがprofileページに大会リンクなし",,""
uno-caol,宇野薫,8,2026-07-13,SHOOTO,×,loss,"児山  佳宏",329,"判定 0-3",285,matched,"",,""
uno-caol,宇野薫,8,2025-12-07,SHOOTO,○,win,"毛利  昭彦",1212,"判定 3-0",248,matched,"",,""
uno-caol,宇野薫,8,2024-11-17,SHOOTO,△,draw,"田中  半蔵",250,"ドロー",215,matched,"",,""
uno-caol,宇野薫,8,2024-07-14,SHOOTO,○,win,"岡田  剛史",204,"1R 03:32 S  スリーパーホールド",207,new2a_bout_missing_in_existing_event,"event shootoEventId=207 は既存だがbout自体が無い",,""
uno-caol,宇野薫,8,2023-11-19,SHOOTO,×,loss,"オーディン",1609,"2R 00:56 KO",169,matched,"",,""
uno-caol,宇野薫,8,2021-05-16,SHOOTO,×,loss,"内藤  太尊",15,"2R 04:59 KO",110,matched,"",,""
uno-caol,宇野薫,8,2019-11-24,SHOOTO,○,win,"マーカス  ヘルド",1169,"2R 01:56 S  スリーパーホールド",77,matched,"",,""
uno-caol,宇野薫,8,2019-05-06,SHOOTO,×,loss,"デュアン ヴァン ヘルフォート",1198,"判定 0-3",81,matched,"",,""
uno-caol,宇野薫,8,2017-04-23,SHOOTO,×,loss,"斎藤  裕",5,"判定 3-0",41,matched,"",,""
uno-caol,宇野薫,8,2016-04-23,SHOOTO,○,win,"ファン  チョンホ",585,"2R 00:31 S  スリーパーホールド",1,matched,"",,""
uno-caol,宇野薫,8,2015-07-06,SHOOTO,×,loss,"大澤  茂樹",240,"2R 04:03 KO",,new2b_event_missing,"post-cutoffだがprofileページに大会リンクなし",,""
uno-caol,宇野薫,8,2015-01-25,SHOOTO,×,loss,"中村  ジュニア",257,"3R  判定 0-3",,new2b_event_missing,"post-cutoffだがprofileページに大会リンクなし",,""
uno-caol,宇野薫,8,2014-05-05,SHOOTO,○,win,"土屋  大喜",12,"3R  判定 3-0",,new2b_event_missing,"post-cutoffだがprofileページに大会リンクなし",,""
uno-caol,宇野薫,8,2013-03-16,SHOOTO,○,win,"キム  キュハ",586,"1R 04:10 S  スリーパーホールド",,new2b_event_missing,"post-cutoffだがprofileページに大会リンクなし",,""
uno-caol,宇野薫,8,2012-09-30,SHOOTO,×,loss,"石渡  伸太郎",239,"3R  判定 0-3",,new1_precutoff,"",,""
uno-caol,宇野薫,8,2004-03-20,SHOOTO,△,draw,"川尻  達也",325,"3R  判定 0-1",,new1_precutoff,"",,""
uno-caol,宇野薫,8,2000-12-17,SHOOTO,○,win,"佐藤  ルミナ",245,"1R 02:21 KO",,new1_precutoff,"",,""
uno-caol,宇野薫,8,2000-08-27,SHOOTO,×,loss,"マーシオ  クロマド",587,"3R 01:49 S  フロントスリーパーホールド",,new1_precutoff,"",,""
uno-caol,宇野薫,8,2000-04-02,SHOOTO,○,win,"デニス  ホールマン",588,"3R  判定 3-0",,new1_precutoff,"",,""
uno-caol,宇野薫,8,1999-09-05,SHOOTO,○,win,"ディン  トーマス",589,"3R 03:16 S  スリーパーホールド",,new1_precutoff,"",,""
uno-caol,宇野薫,8,1999-05-29,SHOOTO,○,win,"佐藤  ルミナ",245,"3R 04:02 S  スリーパーホールド",,new1_precutoff,"",,""
uno-caol,宇野薫,8,1998-07-29,SHOOTO,○,win,"スボンコ  セコリエビッチ",590,"1R 03:15 S  三角絞め",,new1_precutoff,"",,""
uno-caol,宇野薫,8,1998-05-13,SHOOTO,○,win,"イアン ジェームス シャファ",591,"3R 03:13 S  腕ひしぎ十字固め",,new1_precutoff,"",,""
uno-caol,宇野薫,8,1998-03-01,SHOOTO,○,win,"ルタ ☆ ユージ",592,"2R  判定 3-0",,new1_precutoff,"",,""
uno-caol,宇野薫,8,1997-10-12,SHOOTO,△,draw,"桑原  卓也",593,"2R  判定 1-1",,new1_precutoff,"",,""
uno-caol,宇野薫,8,1997-06-25,SHOOTO,○,win,"YUZO",594,"1R 02:14 S  スリーパーホールド",,new1_precutoff,"",,""
uno-caol,宇野薫,8,1996-10-04,SHOOTO,×,loss,"桜井 マッハ 速人",371,"1R 02:52 S  腕ひしぎ十字固め",,new1_precutoff,"",,""
uno-caol,宇野薫,8,2021-11-06,VTJ,×,loss,"原口  央",1372,"判定 0-3",122,matched,"",,""
uno-caol,宇野薫,8,2014-10-04,VTJ,○,win,"ラージャ  シッペン",647,"2R 04:33 S  リアネイキッドチョーク",21,matched,"",,""
uno-caol,宇野薫,8,2014-02-23,VTJ,○,win,"ジェシー  ブロック",983,"3R  判定 3-0",23,matched,"",,""
uno-caol,宇野薫,8,2013-10-05,VTJ,○,win,"ダニエル  ロメロ",991,"2R 02:25 S  ネックロック",24,matched,"",,""
uno-caol,宇野薫,8,2013-06-22,VTJ,○,win,"アンソニー  アヴィラ",998,"3R 01:53 S  リアネイキッド・チョーク",25,matched,"",,""
uchida-takeru,内田タケル,1159,2026-02-18,SHOOTO,○,win,"青井  心ニ",1337,"1R 01:28 S  腕十字固め",260,matched,"",,""
uchida-takeru,内田タケル,1159,2023-09-24,SHOOTO,○,win,"大竹  陽",1139,"1R 02:46 S  スリーパーホールド",166,matched,"",,""
uchida-takeru,内田タケル,1159,2022-09-19,SHOOTO,×,loss,"関口  祐冬",959,"1R 04:46 S  腕十字固め",133,matched,"",,""
uchida-takeru,内田タケル,1159,2022-03-21,SHOOTO,○,win,"佐々木  駿友",1323,"1R 01:36 S  スリーパーホールド",130,matched,"",,""
uchida-takeru,内田タケル,1159,2021-04-18,SHOOTO,○,win,"当真  佳直",1176,"2R 03:23 S  肩固め",117,matched,"",,""
uchida-takeru,内田タケル,1159,2019-07-15,SHOOTO,○,win,"新井  丈",49,"2R  S  スリーパーホールド",74,matched,"",,""
uchida-takeru,内田タケル,1159,2019-03-24,SHOOTO,×,loss,"牧ヶ谷  篤",80,"1R 03:28 S  スリーパーホールド",71,matched,"",,""
uchida-takeru,内田タケル,1159,2018-12-15,SHOOTO,○,win,"小川  竜輔",54,"2R 02:55 S  腕ひしぎ十字固め",61,matched,"",,""
suzuki-takaya,鈴木崇矢,1657,2024-01-28,SHOOTO,○,win,"宮城  友一",955,"1R 00:04 KO",199,matched,"",,""
miyaguchi-ryuho,宮口龍鳳,1538,2025-11-22,SHOOTO,○,win,"石原  夜叉坊",162,"判定 0-3",238,matched,"",,""
miyaguchi-ryuho,宮口龍鳳,1538,2025-05-11,SHOOTO,○,win,"野尻  定由",1185,"1R 04:41 KO",235,matched,"",,""
miyaguchi-ryuho,宮口龍鳳,1538,2025-01-19,SHOOTO,○,win,"恵  真",1738,"1R 00:32 TKO",216,matched,"",,""
miyaguchi-ryuho,宮口龍鳳,1538,2024-07-14,SHOOTO,○,win,"小見山  瞬",1726,"1R 04:17 TKO  レフェリーストップ",207,matched,"",,""
miyaguchi-ryuho,宮口龍鳳,1538,2024-03-24,SHOOTO,○,win,"魚山  皓平",1678,"1R 02:29 KO",180,matched,"",,""
miyaguchi-ryuho,宮口龍鳳,1538,2023-03-05,SHOOTO,○,win,"岩佐  和哉",1268,"2R 02:18 KO",154,matched,"",,""
asahina-ken,旭那 拳,1098,2026-01-18,SHOOTO,×,loss,"黒部  和沙",1632,"判定 3-0",249,matched,"",,""
asahina-ken,旭那 拳,1098,2025-09-21,SHOOTO,○,win,"友利  琉偉",1713,"1R 04:55 S",239,matched,"",,""
asahina-ken,旭那 拳,1098,2025-05-18,SHOOTO,○,win,"田口  恵大",1773,"2R 03:31 S  リアネイキッドチョーク",219,matched,"",,""
asahina-ken,旭那 拳,1098,2024-12-29,SHOOTO,×,loss,"田上  こゆる",1167,"判定 3-0",214,matched,"",,""
asahina-ken,旭那 拳,1098,2024-05-19,SHOOTO,×,loss,"田上  こゆる",1167,"1R 01:52 KO",184,matched,"",,""
asahina-ken,旭那 拳,1098,2023-11-12,SHOOTO,○,win,"泰斗",1316,"判定 3-0",168,matched,"",,""
asahina-ken,旭那 拳,1098,2023-04-16,SHOOTO,×,loss,"タイガー  石井",67,"判定 0-2",156,matched,"",,""
asahina-ken,旭那 拳,1098,2022-04-17,SHOOTO,○,win,"竜己",1422,"判定 3-0",139,matched,"",,""
asahina-ken,旭那 拳,1098,2021-11-14,SHOOTO,○,win,"木内 SKINNY ZOMBIE 崇雅",672,"判定 0-3",126,matched,"",,""
asahina-ken,旭那 拳,1098,2021-07-04,SHOOTO,○,win,"マッチョ ザ バタフライ",38,"判定 0-3",116,matched,"",,""
asahina-ken,旭那 拳,1098,2021-04-18,SHOOTO,○,win,"九州  力",152,"判定 3-0",117,matched,"",,""
asahina-ken,旭那 拳,1098,2020-12-13,SHOOTO,×,loss,"安芸  柊斗",1129,"2R 02:05 TKO  レフェリーストップ",106,matched,"",,""
asahina-ken,旭那 拳,1098,2019-11-03,SHOOTO,○,win,"石原  愼之介",1390,"1R 03:49 S",85,matched,"",,""
asahina-ken,旭那 拳,1098,2019-05-12,SHOOTO,×,loss,"オニボウズ",18,"判定 2-0",83,matched,"",,""
asahina-ken,旭那 拳,1098,2018-11-25,SHOOTO,○,win,"ふじい ☆ ペリー",78,"1R 04:16 S  スリーパーホールド",70,matched,"",,""
asahina-ken,旭那 拳,1098,2018-04-22,SHOOTO,×,loss,"木内 SKINNY ZOMBIE 崇雅",672,"2R 02:07 S  スリーパーホールド",55,matched,"",,""
asahina-ken,旭那 拳,1098,2017-12-03,SHOOTO,○,win,"武井  徳之",70,"2R 04:38 S  スリーパーホールド",,new2b_event_missing,"post-cutoffだがprofileページに大会リンクなし",,""
asahina-ken,旭那 拳,1098,2017-09-02,SHOOTO,○,win,"高橋  梨王",1046,"1R 04:01 S  スリーパー・ホールド",45,matched,"",,""
taguchi-keita,田口 恵大,1773,2025-11-16,SHOOTO,×,loss,"黒部  和沙",1632,"1R 03:34 S  リアネイキッドチョーク",224,matched,"",,""
taguchi-keita,田口 恵大,1773,2025-09-21,SHOOTO,○,win,"マッチョ ザ バタフライ",38,"2R 02:20 TKO  レフェリーストップ/グラウンドパンチ",239,matched,"",,""
taguchi-keita,田口 恵大,1773,2025-05-18,SHOOTO,×,loss,"旭那  拳",1098,"2R 03:31 S  リアネイキッドチョーク",219,matched,"",,""
taguchi-keita,田口 恵大,1773,2024-04-29,SHOOTO,○,win,"TAKUMI",1778,"判定 3-0",183,matched,"",,""
tomori-rui,友利 琉偉,1713,2026-04-11,SHOOTO,○,win,"賢人",1801,"1R 02:00 KO",252,matched,"",,""
tomori-rui,友利 琉偉,1713,2026-01-18,SHOOTO,○,win,"マッチョ ザ バタフライ",38,"判定 3-0",249,matched,"",,""
tomori-rui,友利 琉偉,1713,2025-09-21,SHOOTO,×,loss,"旭那  拳",1098,"1R 04:55 S",239,matched,"",,""
tomori-rui,友利 琉偉,1713,2025-05-18,SHOOTO,×,loss,"黒部  和沙",1632,"1R 04:24 TKO  レフェリーストップ/グラウンドパンチ",219,matched,"",,""
tomori-rui,友利 琉偉,1713,2024-11-10,SHOOTO,×,loss,"知名  昴海",1569,"1R 05:00 S  スリーパーホールド",194,matched,"",,""
tomori-rui,友利 琉偉,1713,2024-07-21,SHOOTO,○,win,"牧ヶ谷  篤",80,"判定 0-2",188,matched,"",,""
tomori-kota,友利 幸汰,1754,2026-04-19,SHOOTO,×,loss,"当真  佳直",1176,"1R 00:27 S  フロントチョーク",264,matched,"",,""
tomori-kota,友利 幸汰,1754,2025-10-11,SHOOTO,○,win,"金内 サイダー 雄哉",122,"1R 01:18 TKO  レフェリーストップ/グラウンドパンチ",223,matched,"",,""
tomori-kota,友利 幸汰,1754,2025-09-07,SHOOTO,○,win,"谷中  たいち",1539,"1R 04:53 TKO  レフェリーストップ/グラウンドパンチ",241,matched,"",,""
tomori-kota,友利 幸汰,1754,2025-05-18,SHOOTO,○,win,"牧ヶ谷  篤",80,"判定 0-3",219,matched,"",,""
tomori-kota,友利 幸汰,1754,2024-11-10,SHOOTO,○,win,"大田  ノヒロ",1427,"1R 03:42 KO",194,matched,"",,""
umeki-yutoku,梅木 勇徳,1398,2026-06-28,SHOOTO,○,win,"緑   真作",1826,"判定 0-3",299,matched,"",,""
umeki-yutoku,梅木 勇徳,1398,2025-10-19,SHOOTO,△,draw,"平良  龍一",1567,"判定 0-0",243,matched,"",,""
umeki-yutoku,梅木 勇徳,1398,2025-05-18,SHOOTO,×,loss,"大竹  塁",1816,"判定 0-2",229,matched,"",,""
umeki-yutoku,梅木 勇徳,1398,2025-03-23,SHOOTO,○,win,"加藤  皓己",1779,"1R 02:21 S  リアネイキッドチョーク",218,matched,"",,""
umeki-yutoku,梅木 勇徳,1398,2024-10-20,SHOOTO,×,loss,"タイガー  石井",67,"判定 2-0",193,matched,"",,""
umeki-yutoku,梅木 勇徳,1398,2024-05-26,SHOOTO,×,loss,"大城  正也",1227,"判定 2-0",185,matched,"",,""
umeki-yutoku,梅木 勇徳,1398,2023-12-03,SHOOTO,×,loss,"麻生 Leg Lock 祐弘",1413,"判定 3-0",170,matched,"",,""
umeki-yutoku,梅木 勇徳,1398,2023-10-21,SHOOTO,○,win,"植木 令和 新",1349,"1R 02:03 S  フロントスリーパーホールド",167,matched,"",,""
umeki-yutoku,梅木 勇徳,1398,2022-11-06,SHOOTO,×,loss,"わっしょい  内田",1226,"判定 3-0",148,matched,"",,""
umeki-yutoku,梅木 勇徳,1398,2022-04-03,SHOOTO,○,win,"牧ヶ谷  篤",80,"判定 0-2",135,matched,"",,""
umeki-yutoku,梅木 勇徳,1398,2021-11-14,SHOOTO,×,loss,"新垣  健司",1330,"2R 03:40 S  フロントスリーパーホールド",126,matched,"",,""
sugimoto-seiya,杉本 静弥,1635,2026-06-01,SHOOTO,○,win,"岡田  嵐士",1669,"判定 3-0",284,matched,"",,""
sugimoto-seiya,杉本 静弥,1635,2026-03-29,SHOOTO,×,loss,"高岡  宏気",1067,"3R 00:58 S  リアネイキッドチョーク",251,matched,"",,""
sugimoto-seiya,杉本 静弥,1635,2025-11-22,SHOOTO,○,win,"梅筋  毒一郎",1753,"1R 02:18 TKO  スタンドパンチ→グランドパンチ",238,matched,"",,""
sugimoto-seiya,杉本 静弥,1635,2025-05-25,SHOOTO,○,win,"山本  壮馬",1722,"1R 00:25 KO",228,matched,"",,""
sugimoto-seiya,杉本 静弥,1635,2025-03-23,SHOOTO,○,win,"大竹  陽",1139,"1R 00:12 TKO  レフェリーストップ/グラウンドパンチ",218,matched,"",,""
sugimoto-seiya,杉本 静弥,1635,2024-05-26,SHOOTO,○,win,"若宮  龍斗",1454,"2R 01:52 TKO  レフェリーストップ",185,matched,"",,""
sugimoto-seiya,杉本 静弥,1635,2023-11-19,SHOOTO,△,draw,"大竹  陽",1139,"判定 0-0",169,matched,"",,""
unconfirmed-shooto-1875,砂辺 光久,1875,2026-04-19,SHOOTO,○,win,"梅筋  毒一郎",1753,"判定 0-2",264,matched,"",,""
unconfirmed-shooto-1875,砂辺 光久,1875,2025-10-19,SHOOTO,○,win,"福島   祐貴",1863,"1R 04:41 S  リアネイキッドチョーク",243,matched,"",,""
baikin-dokuichiro,梅筋 毒一郎,1753,2026-04-19,SHOOTO,×,loss,"砂辺   光久",1875,"判定 0-2",264,matched,"",,""
baikin-dokuichiro,梅筋 毒一郎,1753,2025-11-22,SHOOTO,×,loss,"杉本  静弥",1635,"1R 02:18 TKO  スタンドパンチ→グランドパンチ",238,matched,"",,""
baikin-dokuichiro,梅筋 毒一郎,1753,2024-11-10,SHOOTO,○,win,"宮城  友一",955,"2R 00:42 KO",194,matched,"",,""
yamauchi-wataru,山内 渉,1348,2025-09-02,SHOOTO,○,win,"デウジヴァン・ソウザ",1871,"1R 03:19 TKO   レフェリーストップ/グラウンドパンチ",242,matched,"",,""
yamauchi-wataru,山内 渉,1348,2023-11-19,SHOOTO,×,loss,"新井  丈",49,"3R 02:55 TKO  グラウンドパンチ",169,matched,"",,""
yamauchi-wataru,山内 渉,1348,2023-07-23,SHOOTO,○,win,"ヤックル  真吾",158,"1R 01:10 KO",162,matched,"",,""
yamauchi-wataru,山内 渉,1348,2022-11-27,SHOOTO,○,win,"清水  清隆",100,"1R 00:44 KO",134,matched,"",,""
yamauchi-wataru,山内 渉,1348,2022-07-17,SHOOTO,○,win,"内藤  頌貴",142,"判定 0-3",132,matched,"",,""
yamauchi-wataru,山内 渉,1348,2022-03-21,SHOOTO,○,win,"大竹  陽",1139,"判定 0-3",130,matched,"",,""
yamauchi-wataru,山内 渉,1348,2021-11-06,SHOOTO,○,win,"高橋 SUBMISSION 雄己",1252,"判定 0-2",121,matched,"",,""
yamauchi-wataru,山内 渉,1348,2021-07-25,SHOOTO,○,win,"植木 令和 新",1349,"2R 04:35 S  三角絞め",112,matched,"",,""
okada-arashi,岡田 嵐士,1669,2026-06-01,SHOOTO,×,loss,"杉本  静弥",1635,"判定 3-0",284,matched,"",,""
okada-arashi,岡田 嵐士,1669,2026-03-29,SHOOTO,○,win,"柴山  海音",1710,"判定 3-0",251,matched,"",,""
okada-arashi,岡田 嵐士,1669,2025-11-16,SHOOTO,○,win,"志賀  竜太郎",1063,"判定 3-0",224,matched,"",,""
okada-arashi,岡田 嵐士,1669,2025-09-02,SHOOTO,○,win,"古賀  優平",1572,"判定 3-0",242,matched,"",,""
okada-arashi,岡田 嵐士,1669,2025-05-18,SHOOTO,×,loss,"中池  武寛",1179,"1R 01:51 TKO  レフェリーストップ/グラウンドパンチ",219,matched,"",,""
okada-arashi,岡田 嵐士,1669,2025-03-23,SHOOTO,○,win,"蓮池  勇太",1560,"判定 3-0",218,matched,"",,""
okada-arashi,岡田 嵐士,1669,2024-07-21,SHOOTO,○,win,"シモン  スズキ",1636,"判定 0-2",188,matched,"",,""
okada-arashi,岡田 嵐士,1669,2024-05-19,SHOOTO,○,win,"シューティング  ガイコツ",1177,"2R 02:32 S  スリーパーホールド",184,matched,"",,""
nakaike-takehiro,中池 武寛,1179,2026-07-20,SHOOTO,×,loss,"関口  祐冬",959,"判定 2-1",254,matched,"",,""
nakaike-takehiro,中池 武寛,1179,2026-03-29,SHOOTO,○,win,"ザヒド  アフメドフ",1851,"1R 00:26 KO",251,matched,"",,""
nakaike-takehiro,中池 武寛,1179,2025-05-18,SHOOTO,○,win,"岡田  嵐士",1669,"1R 01:51 TKO  レフェリーストップ/グラウンドパンチ",219,matched,"",,""
nakaike-takehiro,中池 武寛,1179,2025-03-16,SHOOTO,○,win,"下田  洋介",1598,"1R 02:06 TS",217,matched,"",,""
nakaike-takehiro,中池 武寛,1179,2024-11-30,SHOOTO,×,loss,"シモン  スズキ",1636,"1R 04:37 TKO",212,matched,"",,""
nakaike-takehiro,中池 武寛,1179,2024-07-21,SHOOTO,○,win,"蓮池  勇太",1560,"1R 03:30 S  スリーパーホールド",188,matched,"",,""
nakaike-takehiro,中池 武寛,1179,2024-05-19,SHOOTO,○,win,"ロ  ジュンヨン",1703,"2R 02:51 TKO  レフェリーストップ",204,matched,"",,""
nakaike-takehiro,中池 武寛,1179,2024-04-07,SHOOTO,○,win,"蒔田 Gandhi 伸吾",81,"1R 00:38 KO",181,matched,"",,""
nakaike-takehiro,中池 武寛,1179,2023-11-19,SHOOTO,○,win,"本多 弥彦 直樹",1365,"1R 01:32 TKO  グラウンドパンチ",169,matched,"",,""
suzuki-takeru,鈴木 尊,1736,2026-05-17,SHOOTO,○,win,"大竹  陽",1139,"1R 03:25 TS",253,matched,"",,""
suzuki-takeru,鈴木 尊,1736,2026-01-18,SHOOTO,○,win,"浅井   大海",1842,"判定 3-0",249,matched,"",,""
suzuki-takeru,鈴木 尊,1736,2025-08-31,SHOOTO,○,win,"齋藤   大樹",1805,"1R 02:43 TS",240,matched,"",,""
suzuki-takeru,鈴木 尊,1736,2024-09-01,SHOOTO,○,win,"本多 弥彦 直樹",1365,"1R 01:22 S  スリーパーホールド",211,matched,"",,""
suzuki-takeru,鈴木 尊,1736,2024-04-29,SHOOTO,○,win,"隼吾",1563,"1R 00:46 S  スリーパーホールド",183,matched,"",,""
kawakita-haruki,川北 晏生,1385,2026-01-18,SHOOTO,○,win,"ダイキ  ライトイヤー",295,"2R 00:07 KO  スタンドパンチ",249,matched,"",,""
kawakita-haruki,川北 晏生,1385,2025-10-11,SHOOTO,○,win,"ジェイク  ムラタ",1033,"判定 0-3",223,matched,"",,""
kawakita-haruki,川北 晏生,1385,2025-03-16,SHOOTO,×,loss,"杉野  光星",1614,"判定 0-3",217,matched,"",,""
kawakita-haruki,川北 晏生,1385,2024-05-19,SHOOTO,○,win,"ドウ  ガーシュエ",1698,"判定 2-1",204,matched,"",,""
kawakita-haruki,川北 晏生,1385,2024-03-23,SHOOTO,○,win,"平川  智也",305,"2R 01:02 TS",179,matched,"",,""
kawakita-haruki,川北 晏生,1385,2023-11-19,SHOOTO,○,win,"ライダーHIRO",1615,"2R 03:34 S  フロント・スリーパーホールド",169,matched,"",,""
kawakita-haruki,川北 晏生,1385,2022-10-15,SHOOTO,○,win,"中野  剛貴",1483,"判定 2-0",138,matched,"",,""
kawakita-haruki,川北 晏生,1385,2022-05-22,SHOOTO,△,draw,"伊集  龍皇",1094,"判定 0-0",131,matched,"",,""
kawakita-haruki,川北 晏生,1385,2022-04-17,SHOOTO,△,draw,"南風原  吉良斗",1303,"判定 0-0",139,matched,"",,""
kawakita-haruki,川北 晏生,1385,2021-11-07,SHOOTO,△,draw,"大悟",1384,"判定 1-1",124,matched,"",,""
susung,チョウ スソン,1299,2026-07-20,SHOOTO,×,loss,"ジェイク  ムラタ",1033,"判定 0-3",254,matched,"",,""
susung,チョウ スソン,1299,2026-05-17,SHOOTO,○,win,"藤井  伸樹",1148,"判定 0-3",253,matched,"",,""
susung,チョウ スソン,1299,2023-07-23,SHOOTO,○,win,"加藤  ケンジ",130,"3R 04:17 KO",162,matched,"",,""
susung,チョウ スソン,1299,2023-03-19,SHOOTO,○,win,"榎本  明",1069,"1R 04:52 S  スリーパーホールド",153,matched,"",,""
susung,チョウ スソン,1299,2022-09-19,SHOOTO,○,win,"齋藤  翼",214,"判定 0-3",133,matched,"",,""
susung,チョウ スソン,1299,2021-07-25,SHOOTO,×,loss,"村山  大介",1328,"判定 3-0",112,matched,"",,""
fujii-nobuki,藤井 伸樹,1148,2026-05-17,SHOOTO,×,loss,"チョウ  スソン",1299,"判定 0-3",253,matched,"",,""
fujii-nobuki,藤井 伸樹,1148,2026-01-18,SHOOTO,○,win,"笹  晋久",1051,"2R 04:58 KO  スタンドパンチ→グランドパンチ",249,matched,"",,""
fujii-nobuki,藤井 伸樹,1148,2025-03-16,SHOOTO,×,loss,"永井  奏多",1548,"判定 0-3",217,matched,"",,""
fujii-nobuki,藤井 伸樹,1148,2024-07-21,SHOOTO,×,loss,"齋藤  奨司",1339,"判定 1-2",188,matched,"",,""
fujii-nobuki,藤井 伸樹,1148,2024-01-28,SHOOTO,○,win,"須藤  拓真",1500,"判定 3-0",178,matched,"",,""
fujii-nobuki,藤井 伸樹,1148,2023-07-23,SHOOTO,×,loss,"竹中  大地",179,"判定 0-3",162,matched,"",,""
fujii-nobuki,藤井 伸樹,1148,2022-11-27,SHOOTO,○,win,"石井  逸人",147,"判定 1-2",134,matched,"",,""
fujii-nobuki,藤井 伸樹,1148,2022-05-22,SHOOTO,○,win,"齋藤  翼",214,"判定 3-0",131,matched,"",,""
fujii-nobuki,藤井 伸樹,1148,2022-01-16,SHOOTO,×,loss,"小野島  恒太",171,"判定 3-0",129,matched,"",,""
fujii-nobuki,藤井 伸樹,1148,2021-01-31,SHOOTO,○,win,"加藤  ケンジ",130,"判定 3-0",107,matched,"",,""
fujii-nobuki,藤井 伸樹,1148,2020-09-19,SHOOTO,○,win,"後藤  丈治",1294,"判定 3-0",102,matched,"",,""
fujii-nobuki,藤井 伸樹,1148,2020-01-26,SHOOTO,×,loss,"田丸  匠",140,"判定 3-0",86,matched,"",,""
fujii-nobuki,藤井 伸樹,1148,2019-09-22,SHOOTO,○,win,"齋藤  翼",214,"判定 3-0",75,matched,"",,""
fujii-nobuki,藤井 伸樹,1148,2019-05-06,SHOOTO,○,win,"石橋  佳大",161,"3R 04:50 KO",72,matched,"",,""
fujii-nobuki,藤井 伸樹,1148,2019-01-27,SHOOTO,×,loss,"魚井  フルスイング",198,"判定 3-0",68,matched,"",,""
fujii-nobuki,藤井 伸樹,1148,2018-11-17,SHOOTO,×,loss,"岡田  遼",169,"判定 3-0",60,matched,"",,""
lightyear-daiki,ダイキ ライトイヤー,295,2026-01-18,SHOOTO,×,loss,"川北  晏生",1385,"2R 00:07 KO  スタンドパンチ",249,matched,"",,""
lightyear-daiki,ダイキ ライトイヤー,295,2025-05-25,SHOOTO,×,loss,"永井  奏多",1548,"1R 04:52 TKO  レフェリーストップ/グラウンドパンチ",228,matched,"",,""
lightyear-daiki,ダイキ ライトイヤー,295,2024-12-29,SHOOTO,○,win,"野瀬  翔平",1141,"判定 1-2",214,matched,"",,""
lightyear-daiki,ダイキ ライトイヤー,295,2023-09-17,SHOOTO,○,win,"波平  コング",1306,"1R 01:52 TS",165,matched,"",,""
lightyear-daiki,ダイキ ライトイヤー,295,2022-07-03,SHOOTO,×,loss,"加藤  ケンジ",130,"1R 03:35 KO",136,matched,"",,""
lightyear-daiki,ダイキ ライトイヤー,295,2022-03-21,SHOOTO,×,loss,"後藤  丈治",1294,"判定 3-0",130,matched,"",,""
lightyear-daiki,ダイキ ライトイヤー,295,2021-07-04,SHOOTO,○,win,"高岡  宏気",1067,"判定 3-0",111,matched,"",,""
lightyear-daiki,ダイキ ライトイヤー,295,2020-12-20,SHOOTO,×,loss,"田丸  匠",140,"2R 03:38 S  フロントスリーパーホールド",103,matched,"",,""
lightyear-daiki,ダイキ ライトイヤー,295,2020-03-21,SHOOTO,○,win,"榎本  明",1069,"1R 00:29 TKO",99,matched,"",,""
lightyear-daiki,ダイキ ライトイヤー,295,2019-12-15,SHOOTO,○,win,"直撃我聞",181,"3R 01:15 S  三角締め",97,matched,"",,""
lightyear-daiki,ダイキ ライトイヤー,295,2019-06-30,SHOOTO,○,win,"南出  剛",1127,"判定 0-2",82,matched,"",,""
lightyear-daiki,ダイキ ライトイヤー,295,2019-01-20,SHOOTO,○,win,"山城  翔",1052,"2R 04:40 KO",79,matched,"",,""
lightyear-daiki,ダイキ ライトイヤー,295,2018-06-17,SHOOTO,×,loss,"奇天烈",127,"判定 3-0",57,matched,"",,""
lightyear-daiki,ダイキ ライトイヤー,295,2018-03-25,SHOOTO,△,draw,"前川  大輔",1101,"判定 19-19",63,matched,"",,""
lightyear-daiki,ダイキ ライトイヤー,295,2017-06-25,SHOOTO,△,draw,"エダ 塾長 こうすけ",200,"ドロー 1-1",43,matched,"",,""
lightyear-daiki,ダイキ ライトイヤー,295,2016-12-11,SHOOTO,×,loss,"金海  裕輝",208,"2R  判定 2-0",37,matched,"",,""
lightyear-daiki,ダイキ ライトイヤー,295,2015-12-23,SHOOTO,×,loss,"虎刃殺獅",284,"1R 04:30 S  スリーパーホールド",33,matched,"",,""
lightyear-daiki,ダイキ ライトイヤー,295,2015-09-06,SHOOTO,△,draw,"山崎 ターザン 諭章",313,"2R  判定 1-0",,new2b_event_missing,"post-cutoffだがprofileページに大会リンクなし",,""
lightyear-daiki,ダイキ ライトイヤー,295,2015-03-21,SHOOTO,○,win,"小川  将貴",275,"2R  判定 3-0",,new2b_event_missing,"post-cutoffだがprofileページに大会リンクなし",,""
lightyear-daiki,ダイキ ライトイヤー,295,2014-09-21,SHOOTO,○,win,"栗畑  勇佑",556,"1R 03:03 S  チキンウィングアームロック",,new2b_event_missing,"post-cutoffだがprofileページに大会リンクなし",,""
lightyear-daiki,ダイキ ライトイヤー,295,2014-03-09,SHOOTO,×,loss,"虎刃殺獅",284,"1R 02:22 S  三角絞め",,new2b_event_missing,"post-cutoffだがprofileページに大会リンクなし",,""
lightyear-daiki,ダイキ ライトイヤー,295,2013-03-24,SHOOTO,×,loss,"渡辺  紘司",572,"2R 01:35 TKO",,new2b_event_missing,"post-cutoffだがprofileページに大会リンクなし",,""
lightyear-daiki,ダイキ ライトイヤー,295,2016-09-19,VTJ,×,loss,"佐藤  将光",176,"3R 01:30 TKO  グランドパンチ",19,matched,"",,""
lightyear-daiki,ダイキ ライトイヤー,295,2016-06-19,VTJ,○,win,"村田  崇",573,"1R 02:46 S  三角絞め",5,matched,"",,""
lightyear-daiki,ダイキ ライトイヤー,295,2015-06-21,VTJ,○,win,"鷹亜希",574,"1R 02:34 S  リアネイキッドチョーク",18,matched,"",,""
nakajima-riku,中島 陸,1680,2026-06-01,SHOOTO,○,win,"リン  フーシュン",2021,"1R 00:54 TS",284,matched,"",,""
nakajima-riku,中島 陸,1680,2026-01-18,SHOOTO,○,win,"福元   大貴",1808,"1R 00:33 S  リアネイキッドチョーク",249,matched,"",,""
nakajima-riku,中島 陸,1680,2025-11-22,SHOOTO,○,win,"齋藤   大樹",1805,"1R 04:58 TKO  グラウンドパンチ",238,matched,"",,""
nakajima-riku,中島 陸,1680,2025-05-25,SHOOTO,○,win,"松岡  琉之介",1577,"1R 01:42 S  リアネイキッドチョーク",228,matched,"",,""
nakajima-riku,中島 陸,1680,2024-12-29,SHOOTO,△,draw,"青井  心ニ",1337,"ドロー 1-0",214,matched,"",,""
nakajima-riku,中島 陸,1680,2024-09-29,SHOOTO,○,win,"岩佐  和哉",1268,"1R 04:45 S  三角絞め",213,matched,"",,""
nakajima-riku,中島 陸,1680,2024-03-24,SHOOTO,○,win,"森  貴史",1679,"1R 02:29 TKO  レフリーストップ",180,matched,"",,""
nojiri-yasuyuki,野尻 定由,1185,2026-05-31,SHOOTO,○,win,"奇天烈",127,"判定 3-0",281,matched,"",,""
nojiri-yasuyuki,野尻 定由,1185,2025-05-11,SHOOTO,×,loss,"宮口  龍鳳",1538,"1R 04:41 KO",235,matched,"",,""
nojiri-yasuyuki,野尻 定由,1185,2024-11-17,SHOOTO,×,loss,"ジェイク  ムラタ",1033,"判定 2-1",215,matched,"",,""
nojiri-yasuyuki,野尻 定由,1185,2024-05-26,SHOOTO,○,win,"磯城嶋   一真",1447,"3R 03:32 S  アームロック",185,matched,"",,""
nojiri-yasuyuki,野尻 定由,1185,2023-12-03,SHOOTO,×,loss,"國頭  武",624,"判定 3-0",170,matched,"",,""
nojiri-yasuyuki,野尻 定由,1185,2023-01-15,SHOOTO,×,loss,"齋藤  奨司",1339,"1R 04:23 KO",151,matched,"",,""
nojiri-yasuyuki,野尻 定由,1185,2022-12-04,SHOOTO,×,loss,"神田 T800 周一",1221,"判定 0-3",172,matched,"",,""
nojiri-yasuyuki,野尻 定由,1185,2022-07-03,SHOOTO,○,win,"青柳  洸志",777,"3R 00:27 TKO  グラウンドパンチ",136,matched,"",,""
nojiri-yasuyuki,野尻 定由,1185,2022-05-15,SHOOTO,△,draw,"奇天烈",127,"判定 1-0",143,matched,"",,""
nojiri-yasuyuki,野尻 定由,1185,2022-01-16,SHOOTO,×,loss,"中村  倫也",1347,"1R 00:25 TKO  レフェリーストップ",129,matched,"",,""
nojiri-yasuyuki,野尻 定由,1185,2021-05-16,SHOOTO,△,draw,"石井  逸人",147,"判定 0-0",110,matched,"",,""
nojiri-yasuyuki,野尻 定由,1185,2021-03-20,SHOOTO,○,win,"一條  貴洋",197,"2R 04:37 S  スリーパーホールド",109,matched,"",,""
nojiri-yasuyuki,野尻 定由,1185,2021-01-31,SHOOTO,△,draw,"小野島  恒太",171,"判定 1-1",107,matched,"",,""
nojiri-yasuyuki,野尻 定由,1185,2019-12-22,SHOOTO,○,win,"林  宏仲",1248,"2R 02:43 KO  グラウンドパンチ",78,matched,"",,""
nojiri-yasuyuki,野尻 定由,1185,2019-06-16,SHOOTO,○,win,"堀川 55 滉介",153,"1R 03:39 TKO  タオル投入",,new2b_event_missing,"post-cutoffだがprofileページに大会リンクなし",,""
nojiri-yasuyuki,野尻 定由,1185,2019-03-24,SHOOTO,○,win,"奥平  季之",1152,"2R 01:56 KO  グラウンド・パンチ",71,matched,"",,""
park-jongjun,パク ジョンジュン,1809,2025-05-25,SHOOTO,○,win,"宇藤  彰貴",1425,"1R 02:41 TKO  レフェリーストップ/グラウンドパンチ",228,matched,"",,""
saito-tsubasa,齋藤 翼,214,2026-05-17,SHOOTO,○,win,"上原  平",1249,"判定 1-2",253,matched,"",,""
saito-tsubasa,齋藤 翼,214,2025-03-16,SHOOTO,×,loss,"宇藤  彰貴",1425,"1R 00:14 KO",217,matched,"",,""
saito-tsubasa,齋藤 翼,214,2024-05-19,SHOOTO,○,win,"青井  太一",1485,"判定 3-0",184,matched,"",,""
saito-tsubasa,齋藤 翼,214,2024-01-28,SHOOTO,×,loss,"TOMA",255,"3R 02:41 TKO",199,matched,"",,""
saito-tsubasa,齋藤 翼,214,2023-10-21,SHOOTO,×,loss,"椿  飛鳥",1296,"判定 1-2",167,matched,"",,""
saito-tsubasa,齋藤 翼,214,2023-05-21,SHOOTO,○,win,"岡田  達磨",1361,"2R 01:43 S",173,matched,"",,""
saito-tsubasa,齋藤 翼,214,2022-09-19,SHOOTO,×,loss,"チョウ  スソン",1299,"判定 0-3",133,matched,"",,""
saito-tsubasa,齋藤 翼,214,2022-05-22,SHOOTO,×,loss,"藤井  伸樹",1148,"判定 3-0",131,matched,"",,""
saito-tsubasa,齋藤 翼,214,2021-10-02,SHOOTO,○,win,"ガッツ  Takato",1110,"判定 3-0",119,matched,"",,""
saito-tsubasa,齋藤 翼,214,2021-07-25,SHOOTO,×,loss,"野瀬  翔平",1141,"判定 0-3",112,matched,"",,""
saito-tsubasa,齋藤 翼,214,2021-01-31,SHOOTO,○,win,"新井  拓巳",1253,"判定 2-0",108,matched,"",,""
saito-tsubasa,齋藤 翼,214,2020-05-31,SHOOTO,×,loss,"石井  逸人",147,"判定 3-0",92,matched,"",,""
saito-tsubasa,齋藤 翼,214,2019-09-22,SHOOTO,×,loss,"藤井  伸樹",1148,"判定 3-0",75,matched,"",,""
saito-tsubasa,齋藤 翼,214,2019-05-06,SHOOTO,○,win,"イム  ジョンミン",1143,"1R 03:04 KO  グラウンドパンチ",72,matched,"",,""
saito-tsubasa,齋藤 翼,214,2019-01-27,SHOOTO,○,win,"金物屋の秀",209,"判定 0-3",68,matched,"",,""
saito-tsubasa,齋藤 翼,214,2018-09-23,SHOOTO,○,win,"水島  宏",1032,"2R 02:03 S  スリーパーホールド",59,matched,"",,""
saito-tsubasa,齋藤 翼,214,2018-05-13,SHOOTO,○,win,"村津  孝徳",866,"判定 3-0",56,matched,"",,""
saito-tsubasa,齋藤 翼,214,2018-01-28,SHOOTO,△,draw,"久保村  ヨシTERU",669,"判定 1-0",51,matched,"",,""
saito-tsubasa,齋藤 翼,214,2017-12-17,SHOOTO,○,win,"近内  忠史",565,"判定 3-0",48,matched,"",,""
saito-tsubasa,齋藤 翼,214,2016-11-12,SHOOTO,○,win,"ハンセン  玲雄",1037,"2R  判定 3-0",11,matched,"",,""
saito-tsubasa,齋藤 翼,214,2016-10-16,SHOOTO,○,win,"鷹島  大樹",563,"判定 3-0",10,matched,"",,""
saito-tsubasa,齋藤 翼,214,2016-05-28,SHOOTO,×,loss,"高橋  孝徳",297,"2R  判定 3-0",3,matched,"",,""
saito-tsubasa,齋藤 翼,214,2015-12-20,SHOOTO,×,loss,"海下 DRAGON 竜太",199,"2R  判定 3-0",31,matched,"",,""
uehara-taira,上原 平,1249,2026-05-17,SHOOTO,×,loss,"齋藤  翼",214,"判定 1-2",253,matched,"",,""
uehara-taira,上原 平,1249,2026-02-28,SHOOTO,○,win,"澤江  優侍",1561,"3R 01:32 S  リアネイキッドチョーク",250,matched,"",,""
uehara-taira,上原 平,1249,2025-09-21,SHOOTO,×,loss,"たてお",701,"判定 1-2",239,matched,"",,""
uehara-taira,上原 平,1249,2025-03-23,SHOOTO,○,win,"青井  太一",1485,"判定 2-1",218,matched,"",,""
uehara-taira,上原 平,1249,2023-09-24,SHOOTO,○,win,"磯部  鉄心",1355,"判定 3-0",166,matched,"",,""
uehara-taira,上原 平,1249,2023-05-21,SHOOTO,△,draw,"浜松  ヤマト",1402,"判定 0-0",173,matched,"",,""
uehara-taira,上原 平,1249,2023-03-19,SHOOTO,△,draw,"竹原  魁晟",1369,"判定 0-0",153,matched,"",,""
uehara-taira,上原 平,1249,2022-10-15,SHOOTO,○,win,"磯部  鉄心",1355,"判定 3-0",138,matched,"",,""
uehara-taira,上原 平,1249,2021-03-20,SHOOTO,×,loss,"マックス・ザ・ボディ",1295,"判定 3-0",109,matched,"",,""
uehara-taira,上原 平,1249,2021-01-31,SHOOTO,△,draw,"ヨシ  イノウエ",1184,"判定 1-1",107,matched,"",,""
uehara-taira,上原 平,1249,2019-12-22,SHOOTO,○,win,"水野  怜",1250,"1R 00:33 KO  グラウンドパンチ",78,matched,"",,""
shikijima-kazuma,磯城嶋 一真,1447,2025-12-07,SHOOTO,○,win,"宇藤  彰貴",1425,"3R 04:47 KO",248,matched,"",,""
shikijima-kazuma,磯城嶋 一真,1447,2025-05-11,SHOOTO,○,win,"久保村  ヨシTERU",669,"1R 01:36 TKO   レフェリーストップ/グラウンドパンチ",235,matched,"",,""
shikijima-kazuma,磯城嶋 一真,1447,2024-11-17,SHOOTO,△,draw,"工藤  圭一郎",1309,"ドロー 0-0",215,matched,"",,""
shikijima-kazuma,磯城嶋 一真,1447,2024-05-26,SHOOTO,×,loss,"野尻  定由",1185,"3R 03:32 S  アームロック",185,matched,"",,""
shikijima-kazuma,磯城嶋 一真,1447,2024-01-28,SHOOTO,△,draw,"JAM",1497,"判定 1-1",199,matched,"",,""
shikijima-kazuma,磯城嶋 一真,1447,2023-12-03,SHOOTO,○,win,"藤田  ムネノリ",1547,"判定 0-2",170,matched,"",,""
shikijima-kazuma,磯城嶋 一真,1447,2023-05-28,SHOOTO,○,win,"アサシン  秋雄",1599,"判定 0-3",160,matched,"",,""
shikijima-kazuma,磯城嶋 一真,1447,2022-12-11,SHOOTO,△,draw,"轟  轟",1512,"判定 1-0",145,matched,"",,""
shikijima-kazuma,磯城嶋 一真,1447,2022-06-05,SHOOTO,○,win,"鹿野  太雅",1448,"判定 3-0",141,matched,"",,""
iino-yuto,飯野 雄斗,1797,2026-06-01,SHOOTO,○,win,"石原  夜叉坊",162,"2R 04:21 TKO",284,matched,"",,""
iino-yuto,飯野 雄斗,1797,2026-01-18,SHOOTO,○,win,"辻  純也",1783,"1R 02:01 S  リアネイキッドチョーク",249,matched,"",,""
iino-yuto,飯野 雄斗,1797,2025-11-16,SHOOTO,○,win,"本松   要",1819,"判定 2-0",224,matched,"",,""
iino-yuto,飯野 雄斗,1797,2025-09-21,SHOOTO,○,win,"齋藤  優",1781,"2R 04:07 S  リアネイキッドチョーク",239,matched,"",,""
iino-yuto,飯野 雄斗,1797,2025-04-20,SHOOTO,○,win,"翔べ！  ゆうすけ！",1798,"判定 3-0",233,matched,"",,""
dinesh-nain,ネイン デイネッシュ,1623,2026-06-28,SHOOTO,○,win,"久保村  ヨシTERU",669,"1R 01:13 TKO",299,matched,"",,""
dinesh-nain,ネイン デイネッシュ,1623,2026-05-17,SHOOTO,○,win,"キム  シウォン",1974,"判定 3-0",266,matched,"",,""
dinesh-nain,ネイン デイネッシュ,1623,2026-02-28,SHOOTO,×,loss,"安海  健人",1442,"判定 3-0",250,matched,"",,""
dinesh-nain,ネイン デイネッシュ,1623,2025-10-11,SHOOTO,○,win,"島村  裕",1671,"2R 02:35 TKO  レフェリーストップ/グラウンドパンチ",223,matched,"",,""
dinesh-nain,ネイン デイネッシュ,1623,2024-07-28,SHOOTO,×,loss,"TOMA",255,"2R 01:15 KO",202,matched,"",,""
dinesh-nain,ネイン デイネッシュ,1623,2024-05-26,SHOOTO,○,win,"諸石  一砂",1647,"1R 04:35 S  腕十字固め",185,matched,"",,""
dinesh-nain,ネイン デイネッシュ,1623,2024-01-28,SHOOTO,○,win,"松浦  真実也",1515,"2R 00:14 TKO  レフェリーストップ",199,matched,"",,""
dinesh-nain,ネイン デイネッシュ,1623,2023-12-02,SHOOTO,○,win,"青井  太一",1485,"判定 0-3",171,matched,"",,""
dinesh-nain,ネイン デイネッシュ,1623,2023-08-20,SHOOTO,○,win,"健太  エスペランサ",1624,"2R 02:12 TKO",163,matched,"",,""
yuki-daiki,結城 大樹,642,2026-05-17,SHOOTO,○,win,"石原  海渡",1869,"1R 02:01 TS",266,matched,"",,""
yuki-daiki,結城 大樹,642,2025-10-11,SHOOTO,×,loss,"後藤  亮",1549,"判定 0-2",223,matched,"",,""
yuki-daiki,結城 大樹,642,2025-05-11,SHOOTO,△,draw,"安海  健人",1442,"判定 1-0",235,matched,"",,""
yuki-daiki,結城 大樹,642,2024-03-23,SHOOTO,×,loss,"椿  飛鳥",1296,"判定 0-3",179,matched,"",,""
yuki-daiki,結城 大樹,642,2023-12-03,SHOOTO,○,win,"岡田  達磨",1361,"判定 2-0",170,matched,"",,""
yuki-daiki,結城 大樹,642,2023-07-23,SHOOTO,×,loss,"オーディン",1609,"判定 0-2",162,matched,"",,""
yuki-daiki,結城 大樹,642,2023-05-28,SHOOTO,○,win,"TOMA",255,"判定 3-0",160,matched,"",,""
yuki-daiki,結城 大樹,642,2022-11-06,SHOOTO,○,win,"工藤  圭一郎",1309,"判定 3-0",148,matched,"",,""
yuki-daiki,結城 大樹,642,2022-05-15,SHOOTO,×,loss,"田中  半蔵",250,"判定 0-3",143,matched,"",,""
yuki-daiki,結城 大樹,642,2021-11-06,SHOOTO,×,loss,"岩本  建汰",1285,"判定 0-2",121,matched,"",,""
yuki-daiki,結城 大樹,642,2021-07-25,SHOOTO,△,draw,"仲山  貴志",300,"ドロー 0-1",112,matched,"",,""
yuki-daiki,結城 大樹,642,2020-12-13,SHOOTO,○,win,"國頭  武",624,"判定 3-0",106,matched,"",,""
yuki-daiki,結城 大樹,642,2019-06-16,SHOOTO,○,win,"有川  大介",561,"2R  判定 3-0",,new2b_event_missing,"post-cutoffだがprofileページに大会リンクなし",,""
yuki-daiki,結城 大樹,642,2018-07-15,SHOOTO,△,draw,"高橋  孝徳",297,"判定 0-0",58,matched,"",,""
yuki-daiki,結城 大樹,642,2016-09-04,SHOOTO,△,draw,"玉城  優介",219,"2R  判定 0-0",,new2b_event_missing,"post-cutoffだがprofileページに大会リンクなし",,""
yuki-daiki,結城 大樹,642,2014-11-09,SHOOTO,○,win,"Dr.takuya",220,"2R  判定 3-0",,new2b_event_missing,"post-cutoffだがprofileページに大会リンクなし",,""
yuki-daiki,結城 大樹,642,2013-10-05,SHOOTO,×,loss,"渡辺  紘司",572,"2R  判定 3-0",,new2b_event_missing,"post-cutoffだがprofileページに大会リンクなし",,""
yuki-daiki,結城 大樹,642,2013-06-02,SHOOTO,△,draw,"山崎 ターザン 諭章",313,"2R  判定 0-0",,new2b_event_missing,"post-cutoffだがprofileページに大会リンクなし",,""
yuki-daiki,結城 大樹,642,2013-04-07,SHOOTO,○,win,"大森  カヲル",274,"2R  判定 0-3",,new2b_event_missing,"post-cutoffだがprofileページに大会リンクなし",,""
azumi-kento,安海 健人,1442,2026-02-28,SHOOTO,○,win,"ネイン  デイネッシュ",1623,"判定 3-0",250,matched,"",,""
azumi-kento,安海 健人,1442,2025-05-11,SHOOTO,△,draw,"結城  大樹",642,"判定 1-0",235,matched,"",,""
azumi-kento,安海 健人,1442,2024-05-19,SHOOTO,△,draw,"山下  康一朗",1392,"判定 0-0",184,matched,"",,""
azumi-kento,安海 健人,1442,2023-01-15,SHOOTO,○,win,"深見  弦汰",1455,"判定 3-0",151,matched,"",,""
azumi-kento,安海 健人,1442,2022-06-05,SHOOTO,○,win,"磯部  鉄心",1355,"2R 04:04 KO",141,matched,"",,""
body-maxthe,マックス・ザ・ボディ,1295,2024-11-30,SHOOTO,×,loss,"エフェヴィガ  雄志",1537,"3R 03:17 S  スリーパーホールド",212,matched,"",,""
body-maxthe,マックス・ザ・ボディ,1295,2024-09-22,SHOOTO,×,loss,"西尾  真輔",1739,"1R 00:36 KO",192,matched,"",,""
body-maxthe,マックス・ザ・ボディ,1295,2023-03-19,SHOOTO,○,win,"菅原  和政",354,"1R 01:18 TKO  レフェリーストップ",153,matched,"",,""
body-maxthe,マックス・ザ・ボディ,1295,2022-12-11,SHOOTO,○,win,"田中  有",1102,"判定 3-0",145,matched,"",,""
body-maxthe,マックス・ザ・ボディ,1295,2021-12-19,SHOOTO,×,loss,"キャプテン ☆ アフリカ",1056,"1R 02:46 S  フロントスリーパーホールド",123,matched,"",,""
body-maxthe,マックス・ザ・ボディ,1295,2021-07-04,SHOOTO,○,win,"キャプテン ☆ アフリカ",1056,"判定 0-3",111,matched,"",,""
body-maxthe,マックス・ザ・ボディ,1295,2021-03-20,SHOOTO,○,win,"上原  平",1249,"判定 3-0",109,matched,"",,""
body-maxthe,マックス・ザ・ボディ,1295,2021-01-31,SHOOTO,×,loss,"西川  大和",1283,"2R 03:23 TKO  レフェリーストップ",107,matched,"",,""
body-maxthe,マックス・ザ・ボディ,1295,2020-09-19,SHOOTO,×,loss,"大尊  伸光",247,"1R 03:07 KO",94,matched,"",,""
tyson-nobumitsu,大尊 伸光,247,2024-07-28,SHOOTO,×,loss,"キャプテン ☆ アフリカ",1056,"1R 02:03 S",206,matched,"",,""
tyson-nobumitsu,大尊 伸光,247,2021-05-16,SHOOTO,×,loss,"西川  大和",1283,"2R 04:53 S  三角絞め",110,matched,"",,""
tyson-nobumitsu,大尊 伸光,247,2020-09-19,SHOOTO,○,win,"マックス・ザ・ボディ",1295,"1R 03:07 KO",94,matched,"",,""
tyson-nobumitsu,大尊 伸光,247,2018-09-23,SHOOTO,○,win,"田中  有",1102,"1R 02:20 KO  グラウンドパンチ",59,matched,"",,""
tyson-nobumitsu,大尊 伸光,247,2018-03-25,SHOOTO,○,win,"AB",321,"判定 0-3",54,matched,"",,""
tyson-nobumitsu,大尊 伸光,247,2017-12-17,SHOOTO,○,win,"田口  泰地",702,"1R 03:22 KO  グラウンドパンチ",48,matched,"",,""
tyson-nobumitsu,大尊 伸光,247,2017-10-15,SHOOTO,×,loss,"松本  光史",3,"2R 00:53 KO  KO",46,matched,"",,""
tyson-nobumitsu,大尊 伸光,247,2017-05-12,SHOOTO,○,win,"木村  孔明",564,"1R 01:33 S  ネックロック",42,matched,"",,""
tyson-nobumitsu,大尊 伸光,247,2015-04-18,SHOOTO,×,loss,"松本  光史",3,"3R  判定 3-0",,new2b_event_missing,"post-cutoffだがprofileページに大会リンクなし",,""
tyson-nobumitsu,大尊 伸光,247,2014-03-16,SHOOTO,○,win,"佐々木  信治",330,"2R 04:00 KO",,new2b_event_missing,"post-cutoffだがprofileページに大会リンクなし",,""
tyson-nobumitsu,大尊 伸光,247,2013-12-15,SHOOTO,○,win,"西岡  攻児",336,"1R 02:23 KO",,new2b_event_missing,"post-cutoffだがprofileページに大会リンクなし",,""
tyson-nobumitsu,大尊 伸光,247,2013-09-29,SHOOTO,○,win,"ウエタ  ユウ",320,"2R  判定 0-2",,new2b_event_missing,"post-cutoffだがprofileページに大会リンクなし",,""
tyson-nobumitsu,大尊 伸光,247,2013-07-27,SHOOTO,○,win,"ジャイアン  貴裕",353,"2R  判定 0-3",,new2b_event_missing,"post-cutoffだがprofileページに大会リンクなし",,""
tyson-nobumitsu,大尊 伸光,247,2013-02-16,SHOOTO,○,win,"フォアマン",361,"2R  判定 3-0",,new2b_event_missing,"post-cutoffだがprofileページに大会リンクなし",,""
tyson-nobumitsu,大尊 伸光,247,2012-10-27,SHOOTO,×,loss,"下石  康太",331,"2R 04:56 S  スリーパーホールド",,new1_precutoff,"",,""
tyson-nobumitsu,大尊 伸光,247,2012-07-16,SHOOTO,○,win,"アキラ",342,"2R 01:58 KO",,new1_precutoff,"",,""
tyson-nobumitsu,大尊 伸光,247,2011-12-18,SHOOTO,×,loss,"粕谷  優介",323,"1R 02:25 S  アンクルホールド",,new1_precutoff,"",,""
tyson-nobumitsu,大尊 伸光,247,2011-11-27,SHOOTO,○,win,"小野寺  裕也",667,"1R 01:37 KO",,new1_precutoff,"",,""
tyson-nobumitsu,大尊 伸光,247,2011-02-26,SHOOTO,○,win,"鈴木  ジン",668,"2R  判定 2-0",,new1_precutoff,"",,""
tanaka-yu,田中 有,1102,2022-12-11,SHOOTO,×,loss,"マックス・ザ・ボディ",1295,"判定 3-0",145,matched,"",,""
tanaka-yu,田中 有,1102,2020-12-20,SHOOTO,×,loss,"キャプテン ☆ アフリカ",1056,"1R 04:02 S  Vクロスアームバー",103,matched,"",,""
tanaka-yu,田中 有,1102,2019-11-24,SHOOTO,○,win,"岡野  裕城",388,"判定 3-0",77,matched,"",,""
tanaka-yu,田中 有,1102,2018-09-23,SHOOTO,×,loss,"大尊  伸光",247,"1R 02:20 KO  グラウンドパンチ",59,matched,"",,""
tanaka-yu,田中 有,1102,2018-06-17,SHOOTO,○,win,"長田  拓也",406,"2R 03:55 KO  グラウンドパンチ",57,matched,"",,""
tanaka-yu,田中 有,1102,2018-03-25,SHOOTO,○,win,"coBa",349,"1R 01:44 S  スリーパーホールド",63,matched,"",,""
tanaka-yu,田中 有,1102,2017-12-23,SHOOTO,○,win,"林 RICE 陽太",977,"1R 02:26 S  スリーパーホールド",62,matched,"",,""
tanaka-yu,田中 有,1102,2017-09-03,SHOOTO,○,win,"伊集  守道",1057,"1R 04:15 TKO",50,matched,"",,""
valenzuela-victor,ヴィクター バレンズエラ,1919,2026-03-30,SHOOTO,○,win,"木下  憂朔",1918,"2R 04:13 KO",262,matched,"",,""
tamura-hibiki,田村 ヒビキ,375,2022-05-15,SHOOTO,○,win,"ソーキ",402,"2R 03:15 KO",143,matched,"",,""
tamura-hibiki,田村 ヒビキ,375,2019-06-16,SHOOTO,×,loss,"ソーキ",402,"3R  判定 2-1",,new2b_event_missing,"post-cutoffだがprofileページに大会リンクなし",,""
tamura-hibiki,田村 ヒビキ,375,2017-09-10,SHOOTO,○,win,"ウィル  チョープ",1107,"2R 04:40 S  膝十字固め",,new2b_event_missing,"post-cutoffだがprofileページに大会リンクなし",,""
tamura-hibiki,田村 ヒビキ,375,2012-09-30,SHOOTO,○,win,"高木  健太",725,"3R  判定 3-0",,new1_precutoff,"",,""
tamura-hibiki,田村 ヒビキ,375,2012-07-08,SHOOTO,○,win,"湯浅 ウエッサイ 友和",410,"2R  判定 3-0",,new1_precutoff,"",,""
tamura-hibiki,田村 ヒビキ,375,2011-01-10,SHOOTO,×,loss,"朴  光哲",340,"3R  判定 3-0",,new1_precutoff,"",,""
tamura-hibiki,田村 ヒビキ,375,2010-03-28,SHOOTO,×,loss,"杉江 アマゾン 大輔",689,"2R 04:09 S  腕ひしぎ十字固め",,new1_precutoff,"",,""
tamura-hibiki,田村 ヒビキ,375,2009-12-23,SHOOTO,○,win,"柴  博",352,"2R  判定 3-0",,new1_precutoff,"",,""
tamura-hibiki,田村 ヒビキ,375,2009-07-19,SHOOTO,○,win,"佐々木  信治",330,"2R  判定 0-3",,new1_precutoff,"",,""
tamura-hibiki,田村 ヒビキ,375,2009-06-06,SHOOTO,△,draw,"ガイ  デルモ",241,"2R  判定 0-0",,new1_precutoff,"",,""
tamura-hibiki,田村 ヒビキ,375,2009-03-08,SHOOTO,×,loss,"里本  一也",290,"2R 01:10 TKO",,new1_precutoff,"",,""
tamura-hibiki,田村 ヒビキ,375,2008-12-13,SHOOTO,×,loss,"臼田  育男",602,"2R  判定 0-3",,new1_precutoff,"",,""
tamura-hibiki,田村 ヒビキ,375,2008-09-20,SHOOTO,△,draw,"杉本  弘士",848,"2R  判定 1-0",,new1_precutoff,"",,""
tamura-hibiki,田村 ヒビキ,375,2008-08-03,SHOOTO,○,win,"中島  邦男",847,"2R  判定 3-0",,new1_precutoff,"",,""
tamura-hibiki,田村 ヒビキ,375,2008-03-15,SHOOTO,○,win,"ジプシー  タロー",578,"2R  判定 2-0",,new1_precutoff,"",,""
waki-grappler,グラップラー脇,1708,2026-01-18,SHOOTO,△,draw,"デソウザ  マルセル",1854,"判定 1-0",249,matched,"",,""
waki-grappler,グラップラー脇,1708,2025-05-11,SHOOTO,○,win,"平尾   大和",1825,"判定 3-0",235,matched,"",,""
waki-grappler,グラップラー脇,1708,2024-05-26,SHOOTO,×,loss,"深見  弦汰",1455,"判定 2-0",185,matched,"",,""
iwasaki-taiga,岩﨑 大河,1350,2026-07-20,SHOOTO,○,win,"荒井  勇ニ",1912,"2R 00:28 KO",254,matched,"",,""
iwasaki-taiga,岩﨑 大河,1350,2026-03-29,SHOOTO,○,win,"HENRY",1911,"3R 04:29 S 3-0 リアネイキッドチョーク",251,matched,"",,""
iwasaki-taiga,岩﨑 大河,1350,2025-09-21,SHOOTO,○,win,"ジャン・ボム・ソク",1855,"2R 02:43 S  リアネイキッドチョーク",222,matched,"",,""
iwasaki-taiga,岩﨑 大河,1350,2023-09-24,SHOOTO,○,win,"キム  ウンス",1613,"判定 3-0",166,matched,"",,""
iwasaki-taiga,岩﨑 大河,1350,2022-07-17,SHOOTO,○,win,"イム  ドンジュ",1465,"2R  TKO  レフェリーストップ",132,matched,"",,""
iwasaki-taiga,岩﨑 大河,1350,2021-11-06,SHOOTO,○,win,"清水  洸志",1377,"03:13 S  スリーパーホールド",121,matched,"",,""
iwasaki-taiga,岩﨑 大河,1350,2021-09-20,SHOOTO,○,win,"今市  凌太",1351,"1R 04:14 TKO  レフェリーストップ",113,matched,"",,""
yuji-arai,荒井 勇ニ,1912,2026-07-20,SHOOTO,×,loss,"岩﨑  大河",1350,"2R 00:28 KO",254,matched,"",,""
yuji-arai,荒井 勇ニ,1912,2026-03-29,SHOOTO,○,win,"沙門",1849,"判定 2-0",251,matched,"",,""
unconfirmed-shooto-1849,沙門,1849,2026-03-29,SHOOTO,×,loss,"荒井  勇ニ",1912,"判定 2-0",251,matched,"",,""
unconfirmed-shooto-1849,沙門,1849,2025-07-13,SHOOTO,○,win,"SOKO",1848,"1R 04:45 TKO  レフェリーストップ/グラウンドパンチ",237,matched,"",,""
henry,HENRY,1911,2026-03-29,SHOOTO,×,loss,"岩﨑  大河",1350,"3R 04:29 S 3-0 リアネイキッドチョーク",251,matched,"",,""
young-kim,キム ジェヨン,1633,2024-11-30,SHOOTO,×,loss,"岡見  勇信",1634,"判定 3-0",212,matched,"",,""
young-kim,キム ジェヨン,1633,2023-12-02,SHOOTO,×,loss,"岡見  勇信",1634,"判定 2-1",171,matched,"",,""
aono-hikaru,青野 ひかる,1850,2026-03-29,SHOOTO,○,win,"中村  未来",1274,"判定 0-3",251,matched,"",,""
aono-hikaru,青野 ひかる,1850,2026-01-18,SHOOTO,○,win,"深井  志保",1836,"1R 03:42 S  アームロック",247,matched,"",,""
aono-hikaru,青野 ひかる,1850,2025-09-21,SHOOTO,×,loss,"中村  未来",1274,"2R 04:46 S  腕十字固め",222,matched,"",,""
noa-tokumoto,徳本 望愛,1694,2026-04-19,SHOOTO,○,win,"イ  ボバイエ",1946,"判定 3-0",264,matched,"",,""
noa-tokumoto,徳本 望愛,1694,2026-01-18,SHOOTO,○,win,"杉本  恵",1171,"判定 1-2",247,matched,"",,""
noa-tokumoto,徳本 望愛,1694,2025-09-02,SHOOTO,○,win,"安田 Kong 詠美",1835,"1R 00:32 KO",242,matched,"",,""
noa-tokumoto,徳本 望愛,1694,2025-06-14,SHOOTO,○,win,"ヒヤマ  NFC",920,"2R 03:16 S  腕十字固め",220,matched,"",,""
noa-tokumoto,徳本 望愛,1694,2024-08-03,SHOOTO,△,draw,"片山  智絵",1733,"判定 0-1",205,mismatch,"既存result=loss vs profile symbol=△(draw) [fightersHistory, event=COLORS Produce by SHOOTO Vol.3] judge(count=0,tie=0,majorityDraw=false)",other,""
noa-tokumoto,徳本 望愛,1694,2024-04-14,SHOOTO,○,win,"高田  双葉",1631,"判定 0-3",182,matched,"",,""
nakamura-miku,中村 未来,1274,2026-07-20,SHOOTO,○,win,"嶋屋  澪",1729,"2R 04:00 TS",254,matched,"",,""
nakamura-miku,中村 未来,1274,2026-03-29,SHOOTO,×,loss,"青野  ひかる",1850,"判定 0-3",251,matched,"",,""
nakamura-miku,中村 未来,1274,2025-09-21,SHOOTO,○,win,"青野  ひかる",1850,"2R 04:46 S  腕十字固め",222,matched,"",,""
nakamura-miku,中村 未来,1274,2023-12-02,SHOOTO,×,loss,"澤田  千優",1327,"1R 04:57 S  腕十字固め",176,matched,"",,""
nakamura-miku,中村 未来,1274,2023-05-21,SHOOTO,○,win,"川西  茉夕",1489,"判定 3-0",159,matched,"",,""
nakamura-miku,中村 未来,1274,2022-11-27,SHOOTO,○,win,"久遠",554,"1R 04:59 TKO",134,matched,"",,""
nakamura-miku,中村 未来,1274,2022-06-05,SHOOTO,○,win,"加藤  春菜",1417,"判定 3-0",141,matched,"",,""
nakamura-miku,中村 未来,1274,2022-01-16,SHOOTO,○,win,"小生  由紀",1241,"判定 3-0",129,matched,"",,""
nakamura-miku,中村 未来,1274,2021-11-06,SHOOTO,×,loss,"澤田  千優",1327,"判定 0-2",121,matched,"",,""
nakamura-miku,中村 未来,1274,2021-07-25,SHOOTO,×,loss,"SARAMI",1300,"2R 02:48 TKO",112,matched,"",,""
nakamura-miku,中村 未来,1274,2021-05-16,SHOOTO,○,win,"北野  きゅう",1196,"2R 03:07 TKO  コーナーストップ",110,matched,"",,""
nakamura-miku,中村 未来,1274,2020-12-20,SHOOTO,×,loss,"古澤  みゆき",960,"判定 0-2",103,matched,"",,""
nakamura-miku,中村 未来,1274,2020-09-19,SHOOTO,○,win,"永尾  音波",1297,"判定 3-0",94,matched,"",,""
nakamura-miku,中村 未来,1274,2020-05-31,SHOOTO,×,loss,"杉本  恵",1171,"2R 03:32 S  スリーパーホールド",92,matched,"",,""
nakamura-miku,中村 未来,1274,2020-02-16,SHOOTO,○,win,"梅原  拓未",1234,"判定 0-3",89,matched,"",,""
sugimoto-megumi,杉本 恵,1171,2026-05-17,SHOOTO,×,loss,"宝珠山  桃花",1319,"3R 02:08 TS",266,matched,"",,""
sugimoto-megumi,杉本 恵,1171,2026-01-18,SHOOTO,×,loss,"徳本  望愛",1694,"判定 1-2",247,matched,"",,""
sugimoto-megumi,杉本 恵,1171,2024-12-15,SHOOTO,△,draw,"高本  千代",1656,"ドロー 0-0",203,matched,"",,""
sugimoto-megumi,杉本 恵,1171,2024-05-19,SHOOTO,×,loss,"藤野  恵実",1583,"3R 03:43 TKO  レフェリーストップ",184,matched,"",,""
sugimoto-megumi,杉本 恵,1171,2024-01-28,SHOOTO,○,win,"宝珠山  桃花",1319,"判定 0-3",178,matched,"",,""
sugimoto-megumi,杉本 恵,1171,2023-11-19,SHOOTO,△,draw,"藤野  恵実",1583,"判定 1-0",169,matched,"",,""
sugimoto-megumi,杉本 恵,1171,2023-09-24,SHOOTO,○,win,"エンゼル ☆ 志穂",1559,"判定 3-0",166,matched,"",,""
sugimoto-megumi,杉本 恵,1171,2023-05-21,SHOOTO,○,win,"吉成  はるか",1558,"判定 3-0",159,matched,"",,""
sugimoto-megumi,杉本 恵,1171,2022-12-11,SHOOTO,○,win,"須恵  樹季",1405,"判定 3-0",145,matched,"",,""
sugimoto-megumi,杉本 恵,1171,2022-09-19,SHOOTO,△,draw,"ライカ",1481,"判定 1-0",133,matched,"",,""
sugimoto-megumi,杉本 恵,1171,2022-01-16,SHOOTO,○,win,"ソルト",1418,"判定 3-0",129,matched,"",,""
sugimoto-megumi,杉本 恵,1171,2021-05-16,SHOOTO,○,win,"ヒヤマ  NFC",920,"1R 01:31 S  スリーパーホールド",110,matched,"",,""
sugimoto-megumi,杉本 恵,1171,2020-11-23,SHOOTO,×,loss,"SARAMI",1300,"1R 02:46 S  腕十字固め",96,matched,"",,""
sugimoto-megumi,杉本 恵,1171,2020-08-01,SHOOTO,×,loss,"黒部  三奈",1208,"判定 3-0",93,matched,"",,""
sugimoto-megumi,杉本 恵,1171,2020-05-31,SHOOTO,○,win,"中村  未来",1274,"2R 03:32 S  スリーパーホールド",92,matched,"",,""
sugimoto-megumi,杉本 恵,1171,2019-11-24,SHOOTO,○,win,"廣瀬  里美",1195,"1R 02:20 S  スリーパーホールド",77,matched,"",,""
sugimoto-megumi,杉本 恵,1171,2019-09-22,SHOOTO,○,win,"北野  きゅう",1196,"2R 02:06 KO  グラウンドパンチ",75,matched,"",,""
sugimoto-megumi,杉本 恵,1171,2019-03-24,SHOOTO,○,win,"原田  よき",1188,"判定 0-3",71,matched,"",,""
sugimoto-megumi,杉本 恵,1171,2019-01-27,SHOOTO,○,win,"木越  めぐみ",1172,"判定 3-0",68,matched,"",,""
hirata-ayane,平田 彩音,1627,2025-06-14,SHOOTO,○,win,"井上  智子",1837,"判定 3-0",220,matched,"",,""
hirata-ayane,平田 彩音,1627,2024-12-15,SHOOTO,×,loss,"NOEL",1554,"1R 04:55 TS",203,matched,"",,""
hirata-ayane,平田 彩音,1627,2024-09-22,SHOOTO,○,win,"ヒヤマ  NFC",920,"1R 00:33 KO",192,matched,"",,""
hirata-ayane,平田 彩音,1627,2024-08-03,SHOOTO,×,loss,"パク  ソヨン",1464,"判定 0-2",205,matched,"",,""
hirata-ayane,平田 彩音,1627,2023-12-02,SHOOTO,○,win,"MIYU",1639,"2R 03:09 TKO  レフェリーストップ",176,matched,"",,""
hirata-ayane,平田 彩音,1627,2023-08-20,SHOOTO,○,win,"ヒヤマ  NFC",920,"判定 2-0",175,matched,"",,""
young-parkseo,パク ソヨン,1464,2024-12-15,SHOOTO,○,win,"ヒヤマ  NFC",920,"1R 00:32 S  腕十字固め",203,matched,"",,""
young-parkseo,パク ソヨン,1464,2024-09-22,SHOOTO,○,win,"NOEL",1554,"判定 3-0",192,matched,"",,""
young-parkseo,パク ソヨン,1464,2024-08-03,SHOOTO,○,win,"平田  彩音",1627,"判定 0-2",205,matched,"",,""
young-parkseo,パク ソヨン,1464,2023-12-02,SHOOTO,×,loss,"KAREN",1642,"1R 04:44 TKO  レフェリーストップ",176,matched,"",,""
young-parkseo,パク ソヨン,1464,2023-08-20,SHOOTO,×,loss,"古賀  愛蘭",1527,"判定 3-0",175,matched,"",,""
young-parkseo,パク ソヨン,1464,2022-07-17,SHOOTO,×,loss,"黒部  三奈",1208,"2R 01:34 S  スリーパーホールド",132,matched,"",,""
huang-jenny,ジェニー ファン,1557,2024-08-03,SHOOTO,×,loss,"古賀  愛蘭",1527,"判定 1-2",205,matched,"",,""
huang-jenny,ジェニー ファン,1557,2023-05-21,SHOOTO,○,win,"古賀  愛蘭",1527,"3R 02:35 S  スリーパーホールド",159,matched,"",,""
mio-shiyama,嶋屋 澪,1729,2026-07-20,SHOOTO,×,loss,"中村  未来",1274,"2R 04:00 TS",254,matched,"",,""
mio-shiyama,嶋屋 澪,1729,2026-05-31,SHOOTO,△,draw,"深井  志保",1836,"判定 1-0",281,matched,"",,""
mio-shiyama,嶋屋 澪,1729,2025-11-22,SHOOTO,×,loss,"片山  智絵",1733,"判定 0-3",238,matched,"",,""
mio-shiyama,嶋屋 澪,1729,2025-09-21,SHOOTO,×,loss,"村上   彩",1793,"判定 3-0",222,matched,"",,""
mio-shiyama,嶋屋 澪,1729,2025-07-21,SHOOTO,△,draw,"erika",1757,"ドロー 1-0",221,matched,"",,""
mio-shiyama,嶋屋 澪,1729,2025-06-14,SHOOTO,×,loss,"高本  千代",1656,"判定 3-0",220,matched,"",,""
mio-shiyama,嶋屋 澪,1729,2024-12-29,SHOOTO,△,draw,"Fukky",1404,"ドロー 0-0",214,matched,"",,""
mio-shiyama,嶋屋 澪,1729,2024-08-03,SHOOTO,○,win,"植田  咲",1730,"2R 01:28 TKO",205,matched,"",,""
watanabe-ayaka,渡辺 彩華,1536,2026-07-20,SHOOTO,○,win,"高本  千代",1656,"3R 02:41 TS",254,matched,"",,""
watanabe-ayaka,渡辺 彩華,1536,2024-08-03,SHOOTO,×,loss,"パク  ボヒョン",1716,"判定 0-3",205,matched,"",,""
watanabe-ayaka,渡辺 彩華,1536,2023-05-21,SHOOTO,○,win,"SARAMI",1300,"2R 02:36 TKO  レフェリーストップ",159,matched,"",,""
watanabe-ayaka,渡辺 彩華,1536,2023-01-15,SHOOTO,○,win,"黒部  三奈",1208,"2R 02:29 KO",151,matched,"",,""
takamoto-chiyo,高本 千代,1656,2026-07-20,SHOOTO,×,loss,"渡辺  彩華",1536,"3R 02:41 TS",254,matched,"",,""
takamoto-chiyo,高本 千代,1656,2026-03-29,SHOOTO,○,win,"村上   彩",1793,"判定 2-0",251,matched,"",,""
takamoto-chiyo,高本 千代,1656,2026-01-18,SHOOTO,○,win,"erika",1757,"2R 00:32 KO",247,matched,"",,""
takamoto-chiyo,高本 千代,1656,2025-09-21,SHOOTO,△,draw,"片山  智絵",1733,"ドロー 0-1",222,matched,"",,""
takamoto-chiyo,高本 千代,1656,2025-06-14,SHOOTO,○,win,"嶋屋  澪",1729,"判定 3-0",220,matched,"",,""
takamoto-chiyo,高本 千代,1656,2024-12-15,SHOOTO,△,draw,"杉本  恵",1171,"ドロー 0-0",203,matched,"",,""
takamoto-chiyo,高本 千代,1656,2024-08-03,SHOOTO,△,draw,"宝珠山  桃花",1319,"判定 1-0",205,matched,"",,""
takamoto-chiyo,高本 千代,1656,2023-12-03,SHOOTO,×,loss,"古賀  愛蘭",1527,"判定 3-0",170,matched,"",,""
erika,erika,1757,2026-01-18,SHOOTO,×,loss,"高本  千代",1656,"2R 00:32 KO",247,matched,"",,""
erika,erika,1757,2025-07-21,SHOOTO,△,draw,"嶋屋  澪",1729,"ドロー 1-0",221,matched,"",,""
erika,erika,1757,2025-05-18,SHOOTO,○,win,"村上   彩",1793,"判定 0-2",229,matched,"",,""
erika,erika,1757,2024-12-15,SHOOTO,○,win,"吉成  はるか",1558,"判定 0-3",203,matched,"",,""
aya-murakami,村上 彩,1793,2026-03-29,SHOOTO,×,loss,"高本  千代",1656,"判定 2-0",251,matched,"",,""
aya-murakami,村上 彩,1793,2025-09-21,SHOOTO,○,win,"嶋屋  澪",1729,"判定 3-0",222,matched,"",,""
aya-murakami,村上 彩,1793,2025-07-21,SHOOTO,○,win,"片山  智絵",1733,"2R 04:49 S  腕十字固め",221,matched,"",,""
aya-murakami,村上 彩,1793,2025-05-18,SHOOTO,×,loss,"erika",1757,"判定 0-2",229,matched,"",,""
katayama-tomoe,片山 智絵,1733,2025-11-22,SHOOTO,○,win,"嶋屋  澪",1729,"判定 0-3",238,matched,"",,""
katayama-tomoe,片山 智絵,1733,2025-09-21,SHOOTO,△,draw,"高本  千代",1656,"ドロー 0-1",222,matched,"",,""
katayama-tomoe,片山 智絵,1733,2025-07-21,SHOOTO,×,loss,"村上   彩",1793,"2R 04:49 S  腕十字固め",221,matched,"",,""
katayama-tomoe,片山 智絵,1733,2024-08-03,SHOOTO,△,draw,"徳本  望愛",1694,"判定 0-1",205,mismatch,"既存result=win vs profile symbol=△(draw) [fightersHistory, event=COLORS Produce by SHOOTO Vol.3] judge(count=0,tie=0,majorityDraw=false)",other,""
kurobe-mina,黒部 三奈,1208,2024-08-03,SHOOTO,×,loss,"杉内  由紀",1574,"1R 02:43 S  腕十時固め",205,matched,"",,""
kurobe-mina,黒部 三奈,1208,2023-01-15,SHOOTO,×,loss,"渡辺  彩華",1536,"2R 02:29 KO",151,matched,"",,""
kurobe-mina,黒部 三奈,1208,2022-07-17,SHOOTO,○,win,"パク  ソヨン",1464,"2R 01:34 S  スリーパーホールド",132,matched,"",,""
kurobe-mina,黒部 三奈,1208,2022-01-16,SHOOTO,○,win,"宝珠山  桃花",1319,"判定 3-0",129,matched,"",,""
kurobe-mina,黒部 三奈,1208,2021-11-06,SHOOTO,×,loss,"SARAMI",1300,"判定 0-3",121,matched,"",,""
kurobe-mina,黒部 三奈,1208,2020-08-01,SHOOTO,○,win,"杉本  恵",1171,"判定 3-0",93,matched,"",,""
kurobe-mina,黒部 三奈,1208,2020-05-31,SHOOTO,○,win,"大島  沙緒里",1238,"3R 01:54 KO  グラウンドパンチ",92,matched,"",,""
kurobe-mina,黒部 三奈,1208,2019-11-24,SHOOTO,○,win,"ターニャ  アンゲラー",1235,"2R 04:52 KO  グラウンドパンチ",77,matched,"",,""
kurobe-mina,黒部 三奈,1208,2019-07-15,SHOOTO,○,win,"イ  イェジ",1207,"2R 04:48 S  スリーパーホールド",74,matched,"",,""
fujino-emi,藤野 恵実,1583,2026-01-18,SHOOTO,○,win,"アラミ",1892,"判定 3-0",247,matched,"",,""
fujino-emi,藤野 恵実,1583,2024-05-19,SHOOTO,○,win,"杉本  恵",1171,"3R 03:43 TKO  レフェリーストップ",184,matched,"",,""
fujino-emi,藤野 恵実,1583,2024-01-28,SHOOTO,○,win,"吉成  はるか",1558,"2R 03:09 TKO  レフェリーストップ",178,matched,"",,""
fujino-emi,藤野 恵実,1583,2023-11-19,SHOOTO,△,draw,"杉本  恵",1171,"判定 1-0",169,matched,"",,""
fujino-emi,藤野 恵実,1583,2023-09-24,SHOOTO,○,win,"宝珠山  桃花",1319,"判定 0-2",166,matched,"",,""
fujino-emi,藤野 恵実,1583,2023-07-23,SHOOTO,○,win,"エンゼル ☆ 志穂",1559,"1R 03:06 S  スリーパーホールド",162,matched,"",,""
hoshuyama-momoka,宝珠山 桃花,1319,2026-05-17,SHOOTO,○,win,"杉本  恵",1171,"3R 02:08 TS",266,matched,"",,""
hoshuyama-momoka,宝珠山 桃花,1319,2025-07-21,SHOOTO,×,loss,"パク  ボヒョン",1716,"4R 01:38 TKO  レフェリーストップ/グラウンドパンチ",221,matched,"",,""
hoshuyama-momoka,宝珠山 桃花,1319,2025-06-14,SHOOTO,○,win,"高田  暖妃",1450,"判定 3-0",220,matched,"",,""
hoshuyama-momoka,宝珠山 桃花,1319,2024-08-03,SHOOTO,△,draw,"高本  千代",1656,"判定 1-0",205,matched,"",,""
hoshuyama-momoka,宝珠山 桃花,1319,2024-05-26,SHOOTO,○,win,"吉成  はるか",1558,"判定 3-0",185,matched,"",,""
hoshuyama-momoka,宝珠山 桃花,1319,2024-01-28,SHOOTO,×,loss,"杉本  恵",1171,"判定 0-3",178,matched,"",,""
hoshuyama-momoka,宝珠山 桃花,1319,2023-09-24,SHOOTO,×,loss,"藤野  恵実",1583,"判定 0-2",166,matched,"",,""
hoshuyama-momoka,宝珠山 桃花,1319,2023-07-23,SHOOTO,○,win,"吉成  はるか",1558,"判定 2-0",162,matched,"",,""
hoshuyama-momoka,宝珠山 桃花,1319,2023-05-21,SHOOTO,○,win,"エンゼル ☆ 志穂",1559,"1R 04:39 S  スリーパーホールド",159,matched,"",,""
hoshuyama-momoka,宝珠山 桃花,1319,2022-12-04,SHOOTO,△,draw,"古賀  愛蘭",1527,"判定 0-1",172,matched,"",,""
hoshuyama-momoka,宝珠山 桃花,1319,2022-07-03,SHOOTO,×,loss,"Fukky",1404,"判定 0-2",136,matched,"",,""
hoshuyama-momoka,宝珠山 桃花,1319,2022-05-15,SHOOTO,○,win,"ヒヤマ  NFC",920,"1R 03:03 S  スリーパーホールド",144,matched,"",,""
hoshuyama-momoka,宝珠山 桃花,1319,2022-01-16,SHOOTO,×,loss,"黒部  三奈",1208,"判定 3-0",129,matched,"",,""
hoshuyama-momoka,宝珠山 桃花,1319,2021-12-05,SHOOTO,○,win,"和田  千聖",1408,"判定 3-0",127,matched,"",,""
hoshuyama-momoka,宝珠山 桃花,1319,2021-05-16,SHOOTO,×,loss,"柳  仙香",1320,"2R 01:47 TKO  レフェリーストップ",110,matched,"",,""
park-bohyun,パク ボヒョン,1716,2025-07-21,SHOOTO,○,win,"宝珠山  桃花",1319,"4R 01:38 TKO  レフェリーストップ/グラウンドパンチ",221,matched,"",,""
park-bohyun,パク ボヒョン,1716,2025-03-16,SHOOTO,○,win,"ソルト",1418,"判定 3-0",217,matched,"",,""
park-bohyun,パク ボヒョン,1716,2024-08-03,SHOOTO,○,win,"渡辺  彩華",1536,"判定 0-3",205,matched,"",,""
hailaiwusamo,ハイライ ウーシャアモー,1700,2024-05-19,SHOOTO,○,win,"ソルト",1418,"判定 1-2",204,matched,"",,""
salt,ソルト,1418,2025-03-16,SHOOTO,×,loss,"パク  ボヒョン",1716,"判定 3-0",217,matched,"",,""
salt,ソルト,1418,2024-05-19,SHOOTO,×,loss,"ハイライ  ウーシャアモー",1700,"判定 1-2",204,matched,"",,""
salt,ソルト,1418,2023-12-02,SHOOTO,○,win,"ホ  ジュギョン",1637,"1R 02:37 TKO  レフェリーストップ",176,matched,"",,""
salt,ソルト,1418,2022-07-17,SHOOTO,×,loss,"柳  仙香",1320,"2R  S  腕十字固め",132,matched,"",,""
salt,ソルト,1418,2022-06-05,SHOOTO,○,win,"和田  千聖",1408,"判定 3-0",141,matched,"",,""
salt,ソルト,1418,2022-01-16,SHOOTO,×,loss,"杉本  恵",1171,"判定 3-0",129,matched,"",,""
takada-atsuhi,高田 暖妃,1450,2026-05-17,SHOOTO,○,win,"吉成  はるか",1558,"2R 02:05 TKO",283,matched,"",,""
takada-atsuhi,高田 暖妃,1450,2025-06-14,SHOOTO,×,loss,"宝珠山  桃花",1319,"判定 3-0",220,matched,"",,""
takada-atsuhi,高田 暖妃,1450,2024-12-15,SHOOTO,△,draw,"チョン  チャヒョン",1770,"ドロー 1-0",203,matched,"",,""
takada-atsuhi,高田 暖妃,1450,2022-06-05,SHOOTO,○,win,"山内  絵里",1449,"判定 0-2",141,matched,"",,""
china-sukai,知名昴海,1569,2024-11-10,SHOOTO,○,win,"友利  琉偉",1713,"1R 05:00 S  スリーパーホールド",194,matched,"",,""
china-sukai,知名昴海,1569,2024-04-14,SHOOTO,○,win,"ふじい ☆ ペリー",78,"1R 02:27 S  ネックストレッチ",182,matched,"",,""
china-sukai,知名昴海,1569,2023-04-16,SHOOTO,○,win,"高橋  佑太",1570,"2R 04:26 S",156,matched,"",,""
sarami,SARAMI,1300,2023-05-21,SHOOTO,×,loss,"渡辺  彩華",1536,"2R 02:36 TKO  レフェリーストップ",159,matched,"",,""
sarami,SARAMI,1300,2021-11-06,SHOOTO,○,win,"黒部  三奈",1208,"判定 0-3",121,matched,"",,""
sarami,SARAMI,1300,2021-07-25,SHOOTO,○,win,"中村  未来",1274,"2R 02:48 TKO",112,matched,"",,""
sarami,SARAMI,1300,2020-11-23,SHOOTO,○,win,"杉本  恵",1171,"1R 02:46 S  腕十字固め",96,matched,"",,""
karen,KAREN,1642,2023-12-02,SHOOTO,○,win,"パク  ソヨン",1464,"1R 04:44 TKO  レフェリーストップ",176,matched,"",,""
