slug	date	event	opponent	verdict	evidence_note
gono-akihiro	2012-07-21	DEEP TOKYO IMPACT 2012　SBルール	KID HMC SAGE	NOT_MMA	Wikipedia戦績表で本試合は「SBルール」(シュートボクシングルール=キックボクシングルール)と明記。DEEP興行内だがS-cup予選としてシュートボクシングルールで実施。
gono-akihiro	2005-03-06	パンクラス PANCRASE 2005 SPIRAL TOUR	桜木裕司	NOT_MMA	Wikipedia戦績表・pancrase.co.jp公式結果ページともに本試合は「全日本キックボクシング連盟公式試合」と明記。パンクラス興行の一戦だが試合自体はキックボクシングルール。
jorujio-petoroshian	2018-07-14	Bellator Kickboxing 10	チンギス・アラゾフ	NOT_MMA	Bellator KickboxingはBellator MMAとは別のキックボクシング専門部門。ジョルジオ・ペトロシアンは終始ムエタイ/キックボクサーであり組み技は行わない。
jorujio-petoroshian	2017-04-08	Bellator Kickboxing 5 at Bellator 176	Amansio Paraschiv	NOT_MMA	TapologyでBellator Kickboxing 5は「Kickboxing Bout」と明確に分類。ペトロシアンのキャリアは一貫してキックボクシング。
jorujio-petoroshian	2016-12-10	Bellator Kickboxing 4 at Bellator 168	ジョーダン・ワトソン	NOT_MMA	ISKA K-1スーパーウェルター級王座決定戦としてBellator Kickboxing興行内で実施。キックボクシングルール(複数媒体で確認)。
jorujio-petoroshian	2006-11-19	Rings Kickboxing Gala	イムロ・メイン	NOT_MMA	TapologyでRings Holland(通称Rings Kickboxing Gala)の当該対戦は「Muay Thai Bout」と分類。日本のMMA団体RINGSとは無関係のオランダのキックボクシング/ムエタイ興行。
hyuu	2024-07-28	PROFESSIONAL SHOOTO 2024 vol.6 in OSAKA	山崎一央	NOT_MMA	BOUTREVIEW記載カード情報に、陽勇が出場したCKC 2024 -63kgトーナメントは「全日本新空手道連盟提供試合　キックルール」と明記。修斗興行内の併催キックボクシング枠。
hyuu	2024-07-28	PROFESSIONAL SHOOTO 2024 vol.6 in OSAKA	奇天烈	NOT_MMA	同上。BOUTREVIEWで同じCKC 2024 -63kgトーナメントが「キックルール」(全日本新空手道連盟提供試合)と明記されている。
tairon-supon	2007-03-25	Rings Gala	アミール・ゼヤダ	NOT_MMA	TapologyでRings Holland(Rings Gala)の当該対戦は「Kickboxing Bout」と分類。タイロン・スポーンは当時(2001-2014)キックボクシング専業で日本のRINGSとは無関係。
tairon-supon	2006-11-12	2 Hot 2 Handle - Pride & Honor	ユーリ・メス	NOT_MMA	Tapologyで「2 Hot 2 Handle」は「Muay Thai Bout」と分類。オランダのムエタイ/キックボクシング興行シリーズで日本のPRIDE FC(総合格闘技)とは無関係。
tairon-supon	2006-06-18	Pride & Honor Ahoy 2006	セーム・ブラーン	NOT_MMA	ja.wikipediaタイロン・スポーン記事で本試合は「キックボクシング」セクションに分類。スポーンは2006年当時キックボクシング専業(MMA参戦は2012年以降)。
uei-rui	2017-04-28	Rise of Heroes: Chengde	Narongwut Kaeongam	NOT_MMA	ja.wikipediaウェイ・ルイ記事で本試合は「キックボクシング」セクションに分類(「総合格闘技」セクションは2018年Glory of Heroes 35の1試合のみ)。Rise of HeroesはGlory of Heroes系列の中国キックボクシング興行。
uei-rui	2016-10-29	Rise of Heroes 3	Piyawong Kaliku	NOT_MMA	同上。ja.wikipediaでキックボクシングセクションに明記。TapologyでもRise of Heroes 1はGlory of Heroes系のキックボクシング/MMA混合カードだが、ウェイ・ルイの出場種目はキックボクシング。
uei-rui	2016-09-17	Rise of Heroes 1	マクシム・ペトケビッチ	NOT_MMA	同上。ja.wikipediaでキックボクシングセクションに明記。ウェイ・ルイは当時K-1/散打系のキックボクサーとして参戦。
satou-kenichi	2003-07-13	新・格闘技の祭典	井上哲	NOT_MMA	ja.wikipedia佐藤堅一記事で本試合は「キックボクシング」セクションに分類(「総合格闘技」セクションとは別立て)。
satou-kenichi	2000-06-18	マーシャルアーツ日本キックボクシング連盟「サムライ2000」（サムライルール　※キックボクシングと総合格闘技の混合ルール）	浅野将一	NOT_MMA	「サムライルール」はシュートボクシング系の立ち技ルールで、パンチ・キック・投げ技・立関節技は認めるが寝技の攻防は一切禁止(常にスタンディング)と確認。ja.wikipediaでも本試合はキックボクシングセクションに分類されており、MMAの定義(寝技・タックルを含む組み技)を満たさない。
garyuu-shingo	2009-09-06	ACCEL DREAM NIGHT vol.12	TOMOYUKI	NOT_MMA	ja.wikipedia我龍真吾記事で本試合は「キックボクシング」セクションに分類。同記事冒頭でも我龍真吾は「元キックボクサー」と紹介されている。
garyuu-shingo	2005-04-10	club DEEP 福岡 天下一祭り	野村俊祐	NOT_MMA	ja.wikipedia我龍真吾記事で本試合は「キックボクシング」セクションに分類。「club DEEP」はMMA団体DEEPとは別の福岡の会場/興行名。
meruvin-manufu	2016-04-16	Bellator Kickboxing 1	アレクサンドル・ネグレア	NOT_MMA	Tapologyで「Bellator Kickboxing 1: Oktagon 2016」は「Kickboxing Event」と明記。メルヴィン・マヌーフは普段MMA選手だが、この一戦はBellator MMAとは別のキックボクシング部門での復帰戦。
beni-yukide	1977-11-14	全日本キックボクシング協会『格闘技大戦争』	岡尾国光	NOT_MMA	ja.wikipedia「ベニー・ユキーデ」記事に、この来日シリーズは「キックボクシングとWKAの折衷ルール（肘打ち禁止、膝蹴りはボディーのみ）」で行われたと明記されており、組み技・関節技の無い立ち技限定ルール。
beni-yukide	1977-08-02	新日本プロレス『格闘技世界一決定戦』	鈴木勝幸	NOT_MMA	同上ja.wikipedia記事に同一の「キックボクシング/WKA折衷ルール」での一戦と明記。新日本プロレス興行の前座だが試合自体は立ち技限定。
abe-motoe	2006-11-26	NO NAME HEROES 6 -GO GO UGO!-	MITSUKI	NOT_MMA	ja.wikipedia「安倍基江」記事は全戦績が単一のKickboxing recordboxにまとめられ、本試合(3R終了 判定3-0)もJ-GIRLS系女子キックボクシング選手としての記録に含まれる。総合格闘技セクションは存在しない。
denisu-shunaidomira	2007-11-18	RINGS in Enschede.T	ジャウェド・エル・ビャリ	NOT_MMA	ja.wikipedia「デニス・シュナイドミラー」記事は全戦績がキックボクサーとしての記録のみ(K-1・RDF等と並列)で、本大会も同列に掲載。Tapologyでも本人戦は「kickboxing tournament championship bout」と記載され、日本の総合格闘技団体Fighting Network RINGSとは別のオランダの興行名。
denisu-shunaidomira	2007-11-18	RINGS in Enschede.T	タリック・スリマニ	NOT_MMA	同上。同一大会の1回戦(3R終了 判定3-0)で、同じくキックボクシング戦績として掲載。
satou-tomonori	2012-03-18	ノースエリア格闘技イベント BOUT 11	パンデーン・シットモンチャイ	NOT_MMA	ja.wikipedia「佐藤友則」記事の戦績は単一のKickboxing recordboxにまとめられ、「ノースエリア格闘技イベント BOUT」シリーズの全試合がその中に含まれる。本人は一貫してプロキックボクサー(NJKF・ムエタイ)として活動、MMAセクションは無い。
satou-tomonori	2011-10-10	ノースエリア格闘技イベント BOUT-X	ATCHアナーキー	NOT_MMA	同上。同記事のキックボクシング戦績表に掲載(2R 2:14 KO)。
satou-tomonori	2011-03-13	ノースエリア格闘技イベント BOUT-VIII	キム・ヨンミン	NOT_MMA	同上。同記事のキックボクシング戦績表に掲載(1R 3:02 TKO)。
satou-tomonori	2010-03-14	ノースエリア格闘技イベント BOUT-VI	民洞現	NOT_MMA	同上。同記事のキックボクシング戦績表に掲載(5R終了 判定3-0)。
satou-tomonori	2009-03-15	ノースエリア格闘技イベント BOUT-IV	ペッチシーニル・ポータナポル	NOT_MMA	同上。同記事のキックボクシング戦績表に掲載(2R TKO ドクターストップ:顔面カット)。
hamada-takumi	2019-02-17	PANCRASE REBELS RING.1	響波	NOT_MMA	ja.wikipedia「濱田巧」記事は「プロ総合格闘技」と「キックボクシング」の2つの戦績表に明確に分離されており、本試合(3分3R終了 判定3-0)は後者のキックボクシング記録に掲載。総合格闘技団体パンクラスとキックボクシング興行REBELSの合同興行名の一戦とみられる。
robu-kaman	1992-12-11	格闘技シンポジウム～総合格闘技完成前夜	アダム・ワット	NOT_MMA	ja.wikipedia「ロブ・カーマン」記事の戦績表で本試合(2R 0:49 KO 左フック)は「キックボクシング」節に掲載。「総合格闘技完成前夜」は大会名の一部で、記事上は総合格闘技節に分類されていない。
robu-kaman	1992-08-21	リングス MEGA BATTLE SPECIAL 礎～ISHIZUE	佐竹雅昭	NOT_MMA	相手である佐竹雅昭本人のja.wikipedia記事で本試合は「【グローブマッチ】」と明記され、リングス(総合格闘技)節ではなく彼のキックボクシング戦績表(recordbox)にも重複掲載されている。RINGS興行内で行われたキックボクシングルールの特別試合で、同カードの正規RINGS戦(反則・関節技等が起きる試合)とは区別されている。
robu-kaman	1992-03-26	硬派er～'92格闘技オリンピックⅠ	アダム・ワット	NOT_MMA	ロブ・カーマン記事のキックボクシング節に掲載(2R 2:18 KO 左ボディアッパー)。Web検索でも「キックボクシングルール(3分5R)」の一戦と説明されている。
robu-kaman	1988-11-25	格闘技大戦争パート5	ショーン・オレガン	NOT_MMA	ロブ・カーマン記事のキックボクシング節に掲載(2R 1:00 KO 左フック)。「格闘技大戦争」は1977年の全日本キックボクシング協会興行がルーツのキックボクシング興行ブランドで、80年代も同名義でキック興行として継続。
robu-kaman	1988-10-14	格闘技大戦争パート4	カリブ・ゲイブ・カールマイケル	NOT_MMA	同上。ロブ・カーマン記事のキックボクシング節に掲載(3R 1:43 KO 右ローキック)。
robu-kaman	1988-07-16	格闘技大戦争 Part III	サンディアゴ・ガルザ	NOT_MMA	同上。ロブ・カーマン記事のキックボクシング節に掲載(3R 0:35 KO 右ローキック)。
robu-kaman	1988-05-29	格闘技大戦争PART2	ハンスー・プレムチャイ	NOT_MMA	同上。ロブ・カーマン記事のキックボクシング節に掲載(1R 1:46 KO パンチ連打)。
robu-kaman	1988-03-12	格闘技大戦争	カークウッド・ウォーカー	NOT_MMA	同上。ロブ・カーマン記事のキックボクシング節に掲載(4R 1:55 KO 左フック)。対戦相手カークウッド・ウォーカーもja.wikipediaに単独記事のあるキックボクサー。
jodan-pikeo	2014-11-17	King of Kings: Hero's Bushido Vilnius 2014	タダス・ジョンクス	NOT_MMA	King of Kingsは欧州の著名キックボクシング団体(en.wikipedia「King of Kings (kickboxing)」)。ja.wikipedia本人記事でも「オランダの男性キックボクサー」と明記され、当該試合は「キックボクシング戦績」表に掲載。MMA戦績表は存在しない。
nagashima-jienotsu-yuuichirou	2008-12-22	DEEP PROTECT IMPACT 2008	サクシー・ケイ・リバー	NOT_MMA	ja.wikipedia本人戦績表で当該試合は「キックボクシング」区分に掲載され「【キックルール】」と明記。総合格闘技セクションとは別立て。
nagashima-jienotsu-yuuichirou	2007-07-08	DEEP 30 IMPACT	上田拳二	NOT_MMA	ja.wikipedia本人戦績表で当該試合は「キックボクシング」区分に掲載され「【PUREBRED大阪提供試合 キックルール】」と明記。
morisu-sumisu	1995-09-01	パンクラス 1995 EYES OF BEAST	山田学	NOT_MMA	パンクラス公式サイト(pancrase.co.jp/data/result/1995/0901.html)に「第6試合　キックルール　3分5R」と明記されモーリス・スミスが2R2:14KO勝ち。ja.wikipedia山田学記事でも「キックボクシングルールで対戦し骨折」と補強記載あり。
fabiano-saikuron	2010-12-30	戦極 Soul of Fight	アンドリュー・ペック	NOT_MMA	戦極 Soul of FightはSRC(総合格闘技団体)主催の年末興行だが、Web検索結果(ja.wikipedia由来情報)で当該一戦は「戦極ムエタイルールで対戦」と明記されており、同カード内のキックボクシング枠だった。
yodosengurai-featekusu	2010-10-09	Legends of Heroes: Muaythai vs Kung Fu, Arena of Stars, Genting Highlands	ワン・ガン	NOT_MMA	大会名自体が「Muaythai vs Kung Fu」であり、muaythairecords.comにも同大会がムエタイ興行として記録。組み技を伴わない立ち技対抗戦。
antoni-hadonku	2003-09-27	Rings Fightgala	バダ・ハリ	NOT_MMA	ja.wikipedia本人戦績表で当該試合は「キックボクシング」区分に「Rings Fightgala」として掲載(5R判定0-3)。en.wikipedia「2003 in Fighting Network Rings」の公式興行一覧に「Fightgala」は存在せず、バダ・ハリ/ハードンクの出場記録もない(=MMA団体RINGSの興行ではない、オランダのキックボクシング系ガライベント)。
masaki-rajasakureku	2012-05-20	蹴拳 Ⅵ Next Heroes Cup×Legend of Daddy vol.2	加藤真也	NOT_MMA	本人はja.wikipediaで「男性キックボクサー」「ラジャサクレックムエタイジム」所属と明記され、戦績表全体が「キックボクシング戦績」という単一セクションのみで構成されMMA区分自体が存在しない。
masaki-rajasakureku	2011-08-28	2011藤原祭り～夏の陣～ 其の壱	岩下隆樹	NOT_MMA	同上。藤原祭り自体も全日本キックボクシング連盟主催のキック興行(SPICE記事)であり、本人記事の戦績表はキックボクシング区分のみ。
masaki-rajasakureku	2011-06-12	M-1フレッシュマンズ NEXT HEROS CUP2011 vol.2	KEN山十	NOT_MMA	同上。本人のプロデビュー戦として同記事に記載されており、キックボクシング戦績表のみに掲載。
vito-miranda	2007-07-07	Shooto Brazil 3	Guto Inocente	NOT_MMA	en.wikipedia本人記事でMMA戦績表(Mixed martial arts record)とは別に「Kickboxing record」表があり、当該試合(2007/07/07 vs Guto Inocente, Shooto Brazil 3)はキックボクシング戦績表側にのみ記載。
vito-miranda	2007-03-24	Shooto Brazil 2	Ronaldo Leite	NOT_MMA	同上。en.wikipedia本人記事のKickboxing record表に「03/24/2007 Win Ronaldo Leite Shooto Brazil 2」と記載され、MMA record表には含まれない。
buakao-banchameku	2010-12-30	戦極 Soul of Fight	中島弘貴	NOT_MMA	Web検索結果(複数ソース)で「戦極 Soul of Fightで中島弘貴とキックボクシングルールで対戦し70kg契約体重戦」と明記。SRC主催の総合格闘技興行内のキックボクシング枠。
nakajima-hiroki	2010-12-30	戦極 Soul of Fight	ブアカーオ・ポー.プラムック	NOT_MMA	上記ブアカーオ側と同一カードの表裏。同ソースで「キックボクシングルール」と明記されている。
hiroto-yamaguchi	2014-09-21	JAPAN KICKBOXING INNOVATION「Dream Force-4」	豪鬼	NOT_MMA	大会名自体が「JAPAN KICKBOXING INNOVATION」主催であることを明示。本人はja.wikipediaで「日本のキックボクサー」、当該興行はINNOVATION Sライト級王座次期挑戦者決定トーナメント決勝(キック公式サイトkick-innovation.com記載)。
kamikaze-rio	2011-05-14	JEWELS「JEWELS 13th RING」	林美久	NOT_MMA	JEWELS興行はMMA/キックボクシング/グラップリングが混在するカード編成(Tapology「MMA, Kickboxing, & Grappling Event」)。本人ja.wikipedia戦績表では当該試合が「キックボクシング戦績」区分に掲載され、MMA区分は存在しない。
seina	2019-12-22	DEEP JEWELS 27	くるみ	NOT_MMA	DEEP JEWELSは通常MMA団体だが、本人(聖愛)のja.wikipedia戦績表では当該試合が「キックボクシング戦績」区分に掲載されており、同カード内のキックボクシング枠だったと判断できる。
seina	2018-04-29	Z-1 CARNIVAL 闘魂シリーズ ヤングファイト	sasori	NOT_MMA	Z-1 CARNIVALはNKB(日本キックボクシング連盟)/NKジム主催のキックボクシング興行(BOUTREVIEW記事)。本人ja.wikipedia戦績表でも当該試合はキックボクシング区分に掲載。
minato-tarou	1992-07-06	梶原一騎追悼'90格闘技の祭典	シンペット・ルーランシー	NOT_MMA	本人(港太郎)はMAキック出身のキックボクサー(BOUTREVIEW訃報記事)。ja.wikipedia本人戦績表で当該試合はキックボクシング区分に掲載され、総合格闘技欄には含まれない。
hiroki-suzuki	2019-02-17	PANCRASE REBELS RING.1	ジョン・ラゥィー	NOT_MMA	Tapology/BOUTREVIEW/ゴング格闘技によりPANCRASE REBELSはパンクラスとキックボクシング/ムエタイ団体REBELSの合同興行で、この一戦は「60kgクラスREBELSルール」の立ち技戦と確認。
ogasawara-eisaku	2019-02-17	PANCRASE REBELS RING.1 NIGHT	ペットヤソー・ダームランサラカム	NOT_MMA	同上PANCRASE REBELSイベントのキックボクシング/ムエタイ興行。小笠原はISKA/WPMFキックボクシング世界王者、相手はルンピニー系ムエタイ選手(検索結果より)で立ち技戦。
uchida-noboru	2003-05-31	習志野ジム＆掣圏道協会「格闘技新世紀・夢 挑戦!」	セルゲイ・グール	NOT_MMA	一次資料BOUTREVIEW大会レポート(boutreview.com/data/reports/030531narashino.html)に「第9試合　キックボクシング　3分3R」として明記され、判定0-3(28-30,27-30,27-30)もTSVと一致。同大会には別途パンクラチオン(総合格闘技)枠もあったが本試合はキックボクシング枠。
amiru-zeyada	2007-03-25	Rings Gala	タイロン・スポーン	NOT_MMA	Tapology/YouTube公式映像によりオランダ・ユトレヒトで開催された「welterweight pro kickboxing」興行と確認。3R1:49TKOという結果も一致。日本のMMA団体RINGSとは無関係の欧州キックボクシング興行。
satake-masaaki	1992-11-13	リングス MEGA-BATTLE TOURNAMENT '92 2nd Round	ヘルマン・レンティング	MMA	ja.wikipedia「リングス」記事によりRINGSは投げ技・タックル・関節技・寝技を認める総合格闘技ルール(顔面パンチとグラウンド打撃のみ禁止)と確認。佐竹雅昭のWikipedia戦績表でもRINGS参戦は「総合格闘技」区分に分類されキックボクシング区分と明確に区別されている。
satake-masaaki	1992-10-29	リングス MEGA-BATTLE TOURNAMENT '92 1st round	長井満也	MMA	同上。prowrestlingdata.com記録および佐竹雅昭Wikipediaの戦績区分(総合格闘技)で確認。RINGSルールは投げ・関節技・寝技を許容する総合格闘技ルール。
satake-masaaki	1992-10-04	格闘技オリンピックIII 〜カラテワールドカップ '92〜	ピーター・アーツ	NOT_MMA	検索結果および佐竹雅昭Wikipedia戦績表で本試合は「キックボクシング」区分に明記(RINGSの総合格闘技区分とは別表)。主催はRINGSではなく正道会館系「格闘技オリンピック」で、キックボクシングルールでの引き分けと確認。
satake-masaaki	1992-08-21	リングス MEGA BATTLE SPECIAL 礎～ISHIZUE	ロブ・カーマン	MMA	prowrestlingdata.com「リングス1992年」一覧で同日程・同会場(横浜アリーナ)の正式RINGS興行と確認。RINGSルール(投げ・関節技・寝技許容の総合格闘技ルール)下の一戦で、佐竹Wikipedia戦績表でも総合格闘技区分。
satake-masaaki	1992-07-16	リングス MEGA BATTLE 6th. 颯～HAYATE	ピーター・ウラ	MMA	RINGS Mega Battleシリーズの正式興行(ja.wikipedia「リングス」記事の1992年大会一覧に記載)。RINGSルールは総合格闘技ルールと確認済み、佐竹Wikipedia戦績表も総合格闘技区分。
satake-masaaki	1992-06-25	リングス MEGA BATTLE 5th. 獅子吼～SHI SHI KU	ウィリー・ピータース	MMA	同上。RINGS Mega Battleシリーズ正式興行で、対戦相手ウィリー・ピータースもRINGS常連の総合格闘家。RINGSルール(投げ・関節技・寝技許容)下の一戦。
satake-masaaki	1992-05-16	リングス MEGA BATTLE 4th. 光臨～KOHRIN リングス旗揚げ1周年記念大会	バート・コップスJr	MMA	prowrestlingdata.comにRINGS旗揚げ1周年記念大会として記載される正式RINGS興行。RINGSルール(総合格闘技ルール)下の一戦で、佐竹Wikipedia戦績表も総合格闘技区分。
satake-masaaki	1992-04-03	リングス MEGA BATTLE 3rd. 雷～IKAZUCHI	ヘルマン・レンティング	MMA	RINGS Mega Battleシリーズ正式興行(ja.wikipedia「リングス」1992年大会一覧に記載)。RINGSルールは投げ・タックル・関節技・寝技を許容する総合格闘技ルールと確認済み。
satake-masaaki	1992-03-05	リングス MEGA-BATTLE 2nd. 息・吹～IBUKI	フレッド・オーストロン	MMA	同上RINGS Mega Battleシリーズ正式興行。RINGSルール(総合格闘技ルール)下の一戦、佐竹Wikipedia戦績表も総合格闘技区分。
satake-masaaki	1992-01-25	リングス MEGA-BATTLE 1st. 回天～KAITEN	ジェラルド・ゴルドー	MMA	RINGS Mega Battleシリーズ正式興行。反則勝ち(顔面パンチによる反則)という決着自体がRINGSの「顔面パンチ禁止」ルールの実在を裏付ける一次的傍証。総合格闘技ルール下の一戦。
satake-masaaki	1991-12-07	リングス ASTRAL STEP FINAL BLAZE UP 炎上	ハンス・ナイマン	MMA	Sportiva記事(sportiva.shueisha.co.jp)で「前田日明が主宰する総合格闘技『RINGS』への本格参戦」と明記される佐竹のRINGSデビュー戦。同記事は佐竹がRINGS参戦のため寝技・サンボ等グラップリングを練習したとも証言。
saiga-kizaemon	2014-03-30	PANCRASE 257	キム･ジンクー	NOT_MMA	パンクラス公式サイト(pancrase.co.jp/tour/2014/0330)に本カードが「シュートボクシングルール　ライト級エキスパートクラス特別ルール」と明記。シュートボクシングはja.wikipedia記事で「タックルと寝技は認められていない」独立競技とされMMAとは異なる。
murahama-takehiro	2012-07-28	ACCEL20 格闘技夏祭り	MATSU	NOT_MMA	村浜武洋のja.wikipedia戦績表で本試合は「キックボクシング」セクションに掲載。主催ACCELはキックボクシング/ラウェイ/空手/MMAが混在する興行だが、本カードはキックボクシングルールと確認。
murahama-takehiro	1998-04-26	SHOOT THE SHOOTO XX	ガウナーソーケッタリンチャン	NOT_MMA	ゴング格闘技(gonkaku.jp/articles/3648)の一次記事に「今回は村浜の土俵であるシュートボクシングルール」と明記。SHOOT THE SHOOTOは修斗(MMA)とシュートボクシングの合同興行で、本カードはシュートボクシング側のルール。
mizumachi-hiroshi	2005-07-16	新・格闘技の祭典2005	ミルチャ・サボウ	NOT_MMA	水町浩のja.wikipedia戦績表で本試合は「キックボクシングルール」の日本王座関連ショーダウンマッチ(67kg契約)と明記。
mizumachi-hiroshi	2003-07-13	新・格闘技の祭典	ロマノフ・デニス	NOT_MMA	ja.wikipedia.org「水町浩」の戦績表に「新・格闘技の祭典【キックボクシングルール】」と明記されており、キックボクシングルールの試合と確認できる。
mutsuki-ebata	2010-12-30	戦極 Soul of Fight	藤原あらし	NOT_MMA	江幡睦はキックボクシング専門選手(新日本キックボクシング協会/WKBA)。ja.wikipedia.org「戦極 Soul of Fight」記事によれば同大会はMMA・キックボクシング・女子格闘技等を併催した複合興行であり、江幡のWikipedia戦績はキックボクシング記録として掲載されている。
azuma	2012-09-22	JEWELS 21st RING	チャン・ミジョン	NOT_MMA	ja.wikipedia.org「AZUMA」の該当試合は「プロキックボクシング」戦績欄に分類されている。JEWELSは女子総合格闘技団体だが、AZUMA自身はキックボクサーとしてその興行のキックボクシング枠で対戦したもの。
azuma	2012-07-21	JEWELS 20th RING	キム・ジヨン	NOT_MMA	同上。ja.wikipedia.org「AZUMA」でプロキックボクシング戦績として記載。
azuma	2011-09-11	JEWELS 16th RING	キム・ソンウン	NOT_MMA	同上。ja.wikipedia.org「AZUMA」でプロキックボクシング戦績として記載。
azuma	2011-05-14	JEWELS 13th RING	神風萸暉美	NOT_MMA	同上。ja.wikipedia.org「AZUMA」でプロキックボクシング戦績として記載。
uiriamu-dinda	2007-09-23	Rings Holland - Risky Business	ウォーレン・スティーブルマンズ	NOT_MMA	対戦相手Warren StevelmansはMMA歴のない純キックボクサーで、Wikipedia(英語版)によればこの前後にDienderを破りN.K.B.B.(オランダキックボクシング協会)70kg級王座を獲得している。TapologyもRings Holland興行を「MMA & Kickboxing」混合カードと分類しており、当該対戦はキックボクシング枠と判断。
yuri-mesu	2007-09-23	Rings Holland - Risky Business	イムロ・メイン	NOT_MMA	"対戦相手Imro ""Murder"" Mainはムエタイをベースとするキックボクサーで、Tapologyは同選手のRings Holland出場試合を明示的に「Kickboxing Bout」と分類している。"
yuri-mesu	2006-11-12	2H2H - PRIDE & HONOR	タイロン・スポーン	NOT_MMA	対戦相手Tyrone Spong(当時は純キックボクサー、後年にMMA転向)とのこの一戦はmuaythairecords.comにムエタイ戦績として記録されており、5ラウンド制はムエタイ/キックボクシングの標準フォーマット。Tapology等の情報では同興行は「9 MMA bouts, 6 Muay Thai bouts」の混合カードで、本試合はMuay Thai側に該当。
fujita-tomoya	2014-09-06	平江中日格闘技対抗戦	ファン・ビアン	NOT_MMA	ja.wikipedia.org「藤田智也」のページは全編プロキックボクサーとしての記録のみで構成され、「総合格闘技」節は存在しない。当該試合は唯一の「戦績」表(キックボクシング記録)に掲載されている。
fujita-tomoya	2008-09-15	CHIKISEI FIGHTING DREAM 1	銀次郎	NOT_MMA	同上。ja.wikipedia.org「藤田智也」の唯一のキックボクシング戦績表に記載され、MMA節は存在しない。
yoshimoto-kouji	2005-09-24	国際格闘技武道連盟	チョン・ヒョソン	NOT_MMA	ja.wikipedia.org「吉本光志」の該当行は「国際格闘技武道連盟【IKMF東洋ライト級初代王者決定戦】」と記載。IKMF(International Kickboxing Martial Arts Federation)はキックボクシング団体であり、KO方法も「3ノックダウン：ローキック」とキックボクシング特有の決まり手。
arekusei-igunashofu	2018-04-06	Bellator Kickboxing 9	ゼバット・ポーツラック	NOT_MMA	大会名に明記の通りBellator社のキックボクシング専門サブブランド「Bellator Kickboxing」の興行(en.wikipedia.org「Bellator Kickboxing」)。MMA団体Bellatorの名を冠するが、この大会自体はキックボクシングルール。
yokota-kazunori	2011-09-18	DEEP CAGE IMPACT 2011 in HAMAMATSU	ほそえとしひろ	NOT_MMA	ja.wikipedia.org「横田一則」の該当行は「キックボクシング」戦績表に掲載されている(総合格闘技の戦績表とは別立て)。横田はDEEP所属の総合格闘家だが、この一戦はDEEP興行内のキックボクシング枠。
yokota-kazunori	2007-06-16	club DEEP 東京	イ・デヨン	NOT_MMA	ja.wikipedia.org「横田一則」の来歴に「club DEEP Tokyoでキックボクシングデビュー」と明記されており、当該試合はキックボクシングデビュー戦。戦績表も「キックボクシング」欄に掲載。
kanonsuku-uirasakureku	2010-12-30	戦極 Soul of Fight	山本元気	NOT_MMA	ja.wikipedia.org「カノンスック・ウィラサクレック」に「戦極 Soul of Fightで山本元気と戦極ムエタイルールで対戦し、3-0の判定勝ち」と明記されており、ムエタイルールの試合と確認できる。
panchan-rina	2019-02-17	PANCRASE REBELS RING.1 NIGHT	川島江理沙	NOT_MMA	ja.wikipedia.org「ぱんちゃん璃奈」は冒頭から「女性キックボクサー」として紹介され、「総合格闘技」節は存在せず、戦績は「プロキックボクシング」欄のみ。当該試合もその唯一の戦績表に含まれる。
adamu-wato	1993-04-30	リングス格闘技後楽園実験リーグ'93 Round2	岩下伸樹	NOT_MMA	ja.wikipedia.org「アダム・ワット」に「レガースや肘パット等の着用が義務付けられた特別キックルール」での対戦と明記されており、組み技・関節技を伴わないキック限定ルールと確認できる。
adamu-wato	1992-12-11	格闘技シンポジウム～総合格闘技完成前夜	ロブ・カーマン	NOT_MMA	ja.wikipedia.org「ロブ・カーマン」の戦績表で当該試合はキックボクシング節に掲載されている。大会名は「総合格闘技完成前夜」を冠するが、実際にはキックボクシングルールでの対戦だったと判断できる。
adamu-wato	1992-10-04	格闘技オリンピックIII〜'92カラテワールドカップ	スタン・ザ・マン	NOT_MMA	同日同大会の佐竹雅昭対ピーター・アーツ戦が「キックボクシングルールで対戦」と検索結果で確認でき、大会自体もWikipedia記事で「キックボクシング形式の一戦二本勝負」興行と説明されている。
adamu-wato	1992-05-14	リングス有明大会「光臨」	ピーター・アーツ	NOT_MMA	RINGS本興行内の特別マッチだが、YouTube解説動画・プロレス試合結果データベースともに「キックボクシングルールで行われた」と明記されている一戦。
adamu-wato	1992-03-24	硬派er-'92格闘技オリンピックⅠ	ロブ・カーマン	NOT_MMA	prowrestlingdata.comの当該大会結果ページに第⑤戦として「ルール形式：キックボクシングルール＝3分5回戦休憩1分」と明記されている。
watanabe-hisae	2007-10-21	club DEEP 浜松	ヤン・ジョンオゥン	NOT_MMA	ブルテリアブログの大会結果記事で当該戦は「キックボクシングルール、48kg契約」の一戦と明記。同興行はDEEP系列だがキック・総合・グラップリング等を併催する形式。
gureishaa-aki	2004-05-07	黄金筋肉 女子総合格闘技 最強女王決定トーナメント	杉貴美子	NOT_MMA	大会名は「女子総合格闘技」だが、ja.wikipedia「グレイシャア亜紀」の戦績表では当該大会が「【キックボクシングルール】」と注記されている。
gureishaa-aki	2003-05-22	女子格闘技Gals	渡辺亜矢子	NOT_MMA	検索結果で「イベント中で唯一のキックボクシングルールの一戦」と明記されており、この試合を機にリングネームを改名したことも確認できる。
no-jiegiru	2011-06-26	World Championship MUAY THAI Matter of Pride	Lu Jian Cao	NOT_MMA	"大会名に""MUAY THAI""と明記されたムエタイ興行であり、MMA団体との関連は確認できない。"
no-jiegiru	2011-06-26	World Championship MUAY THAI Matter of Pride	Michael Badato	NOT_MMA	同上、大会名自体がムエタイ興行であることを示している。
yoshitaka-hiromu	1998-04-26	SHOOT the SHOOTO	ラモン・デッカー	NOT_MMA	shootboxing.org公式サイトで「シュートボクシングと修斗の合同興行」と説明されており、ja.wikipediaのシュートボクシング項目ではルールとして寝技(グラウンド)は含まれず立ち関節技も両足接地状態のみ有効と定義。相手のラモン・デッカーも総合格闘技経験のない純キックボクサーであり、寝技継続のない立ち技ルールでの対戦と判断。
zabito-samedofu	2009-11-14	HERO'S Lithuania 2009	ミンダウガス・サカラウスカス	NOT_MMA	ja.wikipediaでザビット・サメドフは「キックボクサー」と明記されるプロキックボクサー。「HERO'S」を冠するが日本のMMA団体とは無関係で、リトアニア・ヴィリニュス発のキックボクシング系「Hero's」シリーズ興行と見られる。
iotani-takashi	2010-10-02	新☆四角いジャングル 〜ミスター格闘技降臨!!〜もっともっと梶原一騎〜	バリー・ゲリン	NOT_MMA	検索結果でUKF(UKキックボクシング)ルールのスーパーミドル級タイトルマッチと明記されている。
iotani-takashi	2009-09-13	新☆四角いジャングル 〜ミスター格闘技降臨!!〜	相良正幸	INCONCLUSIVE	主催団体は興行ごとにキックボクシング/総合格闘技を使い分けており、この一戦単独のルール明記が見つからなかった。相手の相良正幸(拳月)は当時プロキックボクサーだった点はNOT_MMA寄りの傍証だが、一次資料での確定はできなかった。
sakai-hidenobu	2018-07-29	TRIBELATE Vol.56 酒井秀信 江戸川区凱旋 タワーホール船堀 格闘技大会	ぎーだ。	NOT_MMA	eFightの事前記事でこのメインイベントは「ボクシングルール」の対戦と明記されている。TRIBELATEはキックボクシング/ボクシング系興行団体。
yamamoto-genki	2010-12-30	戦極 Soul of Fight	カノンスック・ウィラサクレック	NOT_MMA	検索結果で「戦極ムエタイルールで対戦し0-3の判定負け」と明記されており、MMA団体・戦極(Sengoku)の名を冠するがムエタイルールの一戦と確認できる。
kuntapu-charonchai	2005-09-03	パンクラスZ in 熊本 2005	ニック・ヒョード	NOT_MMA	パンクラス公式興行内の一戦だが、ja.wikipedia「クンタップ・ウィラサクレック」の戦績表で当該試合は「キックボクシングルール（肘有り）」と明記されている。
pita-atsu	1992-10-04	格闘技オリンピックIII 〜カラテワールドカップ '92〜	佐竹雅昭	NOT_MMA	検索結果で「キックボクシングルールで対戦し引き分け」と明記されている。
pita-atsu	1992-05-14	リングス 光臨	アダム・ワット	NOT_MMA	adamu-watoの同カードと同一試合。YouTube解説・プロレス試合結果データベースともに「キックボクシングルール」と明記されている。
fadiru-shabari	2009-11-08	Heroes Fight Event	リーロイ・ケスナー	NOT_MMA	Tapologyで Muay Thai興行に分類される「Local Heroes Fight Night 2009」（オランダ・アペルドールン開催）の一戦。両者ともキックボクサー(リーロイ・ケスナーはK-1 World MAX欧州王者)であり、日本のMMA団体HERO'Sとは無関係。
shiza-takeshi	1990-08-26	東西最強対決異種格闘技戦	スティーブ・マッケイ	NOT_MMA	シーザー武志はシュートボクシング創始者で終始シュートボクサーとして活動。ja.wikipediaのシュートボクシング項目でルールは寝技を含まない立ち技系ハイブリッド格闘技(投げ・立ち関節技はあるが寝技継続なし)と定義されており、当該異種格闘技戦もこの範疇と判断(個別試合のルール明記する一次資料は見つからず)。
shiza-takeshi	1990-07-06	梶原一騎追悼'90格闘技の祭典異種格闘技戦	ジョニー・レイノルズ	NOT_MMA	シーザー武志は1985年創始のシュートボクシング(SB)創始者・現役選手で、SBは「投げ技・立った状態での関節技のみ可、寝技(グラウンド)なし」の立ち技系格闘技(ja.wikipedia「シュートボクシング」条目)。梶原一騎追悼興行は複数ルールの複合興行だが本人の出場種目はSB。
shiza-takeshi	1988-08-13	UWF 真夏の格闘技戦「THE PROFESSIONAL BOUT」異種格闘技戦	パーヤップ・プレムチャイ	NOT_MMA	UWF興行内のシーザー武志戦は本人の専門種目であるシュートボクシング(立ち技限定・寝技なし)ルールでの出場(prowrestlingdata.com結果ページ、ja.wikipedia「シュートボクシング」)。
shiza-takeshi	1987-12-05	「'87ファイナルマッチ SBvsカナダマーシャルアーツ5対5チェンジングマッチ」異種格闘技戦	デニス・クロフォード	NOT_MMA	大会名自体に「SB」(シュートボクシング)と明記されている団体対抗戦で、SBルールは寝技・グラウンド戦を含まない立ち技限定ルール(ja.wikipedia「シュートボクシング」)。
shiza-takeshi	1987-07-12	「格闘技スポーツ元年」（第4戦）全日本ホーク級タイトルマッチ	力忠勝	NOT_MMA	シーザー武志は「SBホーク級」初代王座保持者(検索結果より)であり本タイトルマッチはSB(シュートボクシング)ルール、寝技・グラウンド戦なしの立ち技限定。
shiza-takeshi	1987-05-30	「格闘技スポーツ元年」（第3戦）異種格闘技戦	ジェームズ・ホワイト	NOT_MMA	一次資料(記録サイトkirisame.point.ne.jp「870530_sb」＝当該試合をSB=シュートボクシングと明記)で確認、立ち技限定・寝技なしルール。
shiza-takeshi	1987-03-21	「格闘技スポーツ元年」（第2戦）異種格闘技戦	チャーリー・リア・チャオファー	NOT_MMA	同シリーズ第3戦がSB(シュートボクシング)戦と一次資料で確認されており、同一興行シリーズの同一選手の試合として同様にSBルール(立ち技限定)と判断。
shiza-takeshi	1987-01-31	「格闘技スポーツ元年」（第1戦） 異種格闘技戦	ジェームズ・バシム	NOT_MMA	同上。「格闘技スポーツ元年」シリーズはシーザー武志のSB(シュートボクシング)興行で、寝技・グラウンド戦のない立ち技限定ルール。
chingisu-arazofu	2019-10-12	Bellator Kickboxing 12	スッサコーン・ソー.クリンミー	NOT_MMA	大会名が明示的に「Bellator Kickboxing」。チンギス・アラゾフは元K-1王者のキックボクサーで、この一戦もキックボクシングルールでの契約体重戦(fight-report.com記事)。
chingisu-arazofu	2018-07-14	Bellator kickboxing 10	ジョルジオ・ペトロシアン	NOT_MMA	大会名が明示的に「Bellator kickboxing」。efight.jp記事も「ベラトールキックボクシング」と明記しキックボクシングルールでの試合と確認。
miku-144	2008-06-01	club DEEP 富山 -野蛮人祭り7-	レーナ	NOT_MMA	検索結果(Bout Wiki/RENA選手歴)で当該2008年6月1日のMIKU対RENA戦は「under kick boxing rules」と明記。同大会自体は通常MMA興行のclubDEEPだが本カードのみキックルール採用。
buraian-dauvisu	2005-11-20	Rings Kickboxing Gala	ロイ・ダイクショールン	NOT_MMA	大会名が「Rings Kickboxing Gala」と明示。Tapologyは同カード種のBrian Douwes対Roy Dijkshoornの試合を「Muay Thai Bout」に分類しており、Douwesはグローリー等で活動するオランダ人キックボクサー。
gukan-saki	2009-02-28	Rings Scentsation	アルンド・ブンク	NOT_MMA	en.wikipedia「Gökhan Saki」によれば2009年2月28日のArndt Bunk戦はWFCA世界ムエタイ(タイボクシング)スーパーヘビー級王座防衛戦。当時のサキは総合格闘技(UFC参戦は2017年以降)ではなく専業キックボクサー/ムエタイ選手。
hinata	2019-02-17	PANCRASE REBELS RING.1 NIGHT	シップムーン・シットシェフブンタム	NOT_MMA	ゴング格闘技・noteの取材記事によれば当該カードはREBELS(キックボクシング/ムエタイ団体)の70kg級タイトルマッチで、PANCRASEとの共催興行内の1カードとしてキックルールで実施。
hinata	2013-03-17	PANCRASE 246 (REBELS提供試合 キックルール)	安河内将一	NOT_MMA	大会名(カード表記)自体に「REBELS提供試合 キックルール」と明記されており、パンクラス興行内の提供カードとしてキックボクシングルールで行われた試合。
kato-hisaki	2016-06-25	Bellator 157	ジョー・シリング	NOT_MMA	ja.wikipedia「加藤久輝」に「Bellator157においてキックボクシングルールでジョー・シリングと再戦」と明記。
kamimura-erika	2010-12-30	戦極 Soul of Fight	ちはる	NOT_MMA	検索結果(ninomiyasports.com等)によれば「戦極ムエタイルール」(肘打ち可の女子ルール)での試合と明記。対戦相手ちはるはja.wikipedia上でも「キックボクサー」として立項。
ryou-pegasasu	2006-11-26	NO NAME HEROES 6 -GO GO UGO!-	ビリー藤原	NOT_MMA	ja.wikipedia「リョウ・ペガサス」によれば同選手は終始「空手、キックボクシング」を専門とし総合格闘技(MMA)戦績の記載は一切なし。大会自体の一次資料は特定できなかったが、選手の競技歴からキックボクシング興行と判断。
roeru-manato	2017-05-03	Rings Fighting Network Amstelveen	ニコ・ペレイラ・ホルタ	NOT_MMA	round1network.com等の一次記事で「A-klasse open」というオランダのキックボクシング階級区分での試合と明記され、「The event was a kickboxing competition」と確認。
roeru-manato	2016-10-22	RINGS Beverwijk 2016	トーマス・ブリッジウォーター	NOT_MMA	検索結果で「Roel Mannaart defeated Thomas Bridgewater as one of three consecutive wins on the Dutch kickboxing circuit」と明記。ロエル・マナートはグローリー所属のオランダ人キックボクサー。
atokawa-toshiyuki	1993-06-09	リングス「実験リーグ'93 Round3」	ボブ・シュライバー	NOT_MMA	後川聡之のWikipedia戦績表にこの一戦は明示的に「キックボクシングルール」と付記されており、RINGS初期の実験リーグ内の立ち技限定バウトと確認できる。
miyamoto-musashi	2010-12-30	戦極 Soul of Fight	小又大貴	NOT_MMA	Wikipedia「戦極 Soul of Fight」記事のカード欄にこの試合は「戦極ムエタイルール 73kg契約 3分3R」と明記されており、パンチ・キックのみの立ち技ルール。
ginti-bureda	2007-03-12	"Rings ""The Chosen Ones"""	ヘスディ・カラケス	NOT_MMA	Tapologyで「Rings Holland: The Chosen Ones」はキックボクシング興行と分類され、Ginty Vrede(ギンティ・ブレーダ) vs Hesdy Gerges(ヘスディ・カラケス/ゲルゲス)戦も「Kickboxing Bout」表記。旧RINGS(日本)閉幕後にオランダで再始動したキックボクシング興行で、MMA団体RINGSとは別物。
uoren-sutiburumanzu	2007-11-24	Rings Gala	Benito Caupain	NOT_MMA	Warren StevelmansはK-1/GLORY系のキックボクサーで、同大会「Rings Gala」(オランダ)は同選手の他戦歴と合わせ立ち技(キックボクシング)興行と確認。
uoren-sutiburumanzu	2007-09-23	Rings Holland - Risky Business	ウィリアム・ディンダー	NOT_MMA	この試合でWarren Stevelmansは「N.K.B.B.」(オランダキックボクシング連盟)の70kg王座を獲得したとの記載があり、キックボクシングルールの一戦と確認。
mika	2009-09-13	新☆四角いジャングル 〜ミスター格闘技降臨!!〜	古谷あさみ	NOT_MMA	☆MIKA☆のWikipedia戦績表でこの一戦の正式大会名は「〜【UKF女子キック日本フライ級王座決定戦】」であり、UKF女子キックボクシングの王座戦と確認。
oohama-yoshimi	2010-10-10	JEWELS 10th RING	能村さくら	NOT_MMA	この一戦は「シュートボクシングルール52kg」の試合とWeb検索で確認(能村さくら vs アリカ=大浜芳美)。JEWELSは女子MMA団体だが同カード内には別ルールのシュートボクシング枠があり、この試合はそちらに該当し寝技・関節技のない立ち技系ルール。
bada-hari	2004-12-12	Rings Fightgala 〜Born Invincible〜	ゲーリー・ターナー	NOT_MMA	YouTube等で「Rings Fightgala 2004 Badr Hari vs Gary Turner」とキックボクシング試合として記録されており、両者ともK-1系キックボクサー。RINGS Netherlandsは旧RINGS日本閉幕後のキックボクシング興行。
bada-hari	2003-09-27	Rings Fightgala	アントニー・ハードンク	NOT_MMA	Badr Hari・Antony Hardonkともに当時キックボクサーとして活動しており、同シリーズ「Rings Fightgala」(オランダ)はキックボクシング興行と確認(Wikipedia/検索結果)。
bada-hari	2003-03-30	Rings Fightgala 〜Heroes of the Next Generation〜	デニス・ストリイビス	NOT_MMA	Badr Hari vs Dennis Strijbisは判定によるキックボクシング試合として記録されており、同シリーズ「Rings Fightgala」はオランダのキックボクシング興行と確認。
yuika-iwanaga	2026-01-18	COLORS Produce by SHOOTO Vol.6	林未菜	NOT_MMA	修斗協会公式サイト等の情報でこの一戦は「CKC女子-49kgトーナメント1回戦 キックボクシングルール」と明記されており、SHOOTO(修斗)冠興行内のキックボクシング枠での試合。
ubamiyu	2023-09-24	DEEP HAMAMATSU IMPACT 2023	奥村琉奈	NOT_MMA	Web検索でこの一戦は「DEEP 46kg以下 Kick Rule」との記載が確認でき、Tapologyでも同大会の他カードは「Kickboxing & MMA Event」に分類。DEEP興行内のキックボクシング枠の試合。
m16	2011-11-05	修斗 SHOOTO the SHOOT 2011	北原史寛	NOT_MMA	選手本人(ナグラチューン・マーサM16)はシュートボクシング所属のSB Japanフェザー級王者で、Wikipedia戦績表でもこの一戦はキックボクシング記録欄に分類。「SHOOT the SHOOTO」はシュートボクシングと修斗の合同興行で、この試合はシュートボクシング側の立ち技ルール。
yamauchi-yuutarou	2010-12-30	戦極 Soul of Fight	横山剛	NOT_MMA	Wikipedia「戦極 Soul of Fight」記事のカード欄にこの試合は「戦極キックボクシングルール 70kg契約 3分3R」と明記。
fujihara-arashi	2010-12-30	戦極 Soul of Fight	江幡睦	NOT_MMA	Wikipedia「戦極 Soul of Fight」記事のカード欄にこの試合は「戦極ムエタイルール 52kg契約 3分5R」と明記。
matsushita-emi	2012-07-21	JEWELS 20th RING	伊藤紗弥	NOT_MMA	Tapologyでこの一戦「Saya Ito vs. Emi Matsushita, JEWELS: 20th Ring」は「Kickboxing Bout」と明確に分類されている。
ashizawa-ryuusei	2016-04-29	JAPAN KICKBOXING INNOVATION「Dream Force-11」	アトム山田	NOT_MMA	主催団体名自体が「Japan Kickboxing Innovation」であり、この試合は同団体の「Innovation Featherweight」王座(空位)を賭けたキックボクシングタイトルマッチとWikipedia等で確認。
ashizawa-ryuusei	2015-04-26	JAPAN KICKBOXING INNOVATION「Dream Force－7」	八神剣太	NOT_MMA	同上、主催「Japan Kickboxing Innovation」はキックボクシング専門団体で、「Dream Force」は同団体の興行シリーズ名。
tosuka-petoridisu	1998-03-15	PRIDE.2	ビッグ・ジョージ・ランドルフ	NOT_MMA	PRIDE.2は総合格闘技興行だが、トスカ・ペトリディスのWikipedia戦績表・BOUTREVIEWの大会結果表ともにこの一戦は「【スタンディングバウト】」と明記されており、寝技・関節技なしの立ち技限定エキシビション枠だった。
sasaki-daizo	2014-09-08	2014平江中日格闘技対抗戦	ジャン・ジョーウェン	NOT_MMA	選手はRISE/Krush/K-1所属のキックボクシング専門選手で公式サイト(rise-rc.com)の戦績も全てキックボクシング大会のみ。当該戦も「右ハイキックで1RKO」という立ち技の技のみで組み技要素の記載はない(ja.wikipedia、rise-rc.com)。
ishii-hirokazu	2009-06-07	CLUB DEEP OSAKA	あきんど大野	NOT_MMA	ja.wikipedia上で「日本の男性キックボクサー」と明記され総合格闘技の記載は一切なし。決着も「2R 1:38 KO（右ハイキック）」のみでキックの技のみ(ja.wikipedia)。
matsukura-shintaro	2010-12-30	戦極 Soul of Fight	池井佑丞	NOT_MMA	ニノミヤスポーツの記事で「70kg契約、戦極キックボクシングルール」と明記されている(ninomiyasports.com)。MMA団体「戦国(SENGOKU)」とは別の立ち技系興行。
wan-junguan	2017-03-25	Rise of Heroes: Hengyang	Shaxi	NOT_MMA	en.wikipediaのWang Junguang記事でこの一戦は「Kickboxing record」の表に掲載されており、MMA記録表は同記事に存在しない。
wan-junguan	2016-09-17	Rise of Heroes 1, 57kg Tournament Final	Feng Tianhao	NOT_MMA	同上。en.wikipediaのKickboxing record表に掲載され、Rise of HeroesはGlory of Heroes系列のキックボクシング興行(en.wikipedia)。
wan-junguan	2016-09-17	Rise of Heroes 1, 57kg Tournament Semifinals	Thanapon	NOT_MMA	同上。en.wikipediaのKickboxing record表に掲載。
maruko-pike	2006-11-12	2H2H - Pride & Honor	アルビアール・リマ	NOT_MMA	両選手ともムエタイ/キックボクシング系選手(マルコ・ピケはWPKLムエタイ王者、アルビアール・リマもキックボクサーとja.wikipediaに明記)。「2H2H」はロッテルダムAhoyで開催されるキックボクシング興行ブランドであることをFrank Lobman選手の経歴記事(en.wikipedia)で確認。
serugei-guru	2003-05-31	習志野ジム＆掣圏道協会「格闘技新世紀・夢 挑戦!」	内田ノボル	NOT_MMA	BOUTREVIEWの試合レポートで当該カードが「キックボクシング 3R3R」と明記されている(boutreview.com)。同カード内には「パンクラスルール」の試合も別途存在し、この一戦のみキックボクシングルールと明確に区別されている。
miyamoto-keisuke	2019-02-17	PANCRASE REBELS RING.1 DAY	KOUMA	NOT_MMA	Tapologyがイベント自体を「Kickboxing & Muay Thai Event」と分類しており、パンクラスとキックボクシング団体REBELSの合同興行だがルールはキックボクシング/ムエタイ(tapology.com)。
miyamoto-keisuke	2016-04-29	JAPAN KICKBOXING INNOVATION Dream Force-11	中務幸信	NOT_MMA	主催団体名に「KICKBOXING」を含み、選手もキックボクサーとして活動(efight.jp、kick-innovation.com)。総合格闘技団体ではない。
kawaguchi-yuusuke	2010-08-01	Club DEEP 八王子 II	竹村光一	NOT_MMA	GBR(gbring.com)の速報記事で「川口はキックボクシングルールで初挑戦しTKO勝ち」と明記。選手本人はDEEPメガトン級王者のMMA選手だが、この一戦のみキックボクシングルールでのクロスオーバー参戦と確認できる。
akarigsb	2009-12-11	JEWELS 6th RING	ASAKO	NOT_MMA	en.wikipediaのJewels 6th Ring記事でカード全体はMMAルール8試合+この一戦のみ「Shoot Boxing Rules」と明確に区別して記載されている。シュートボクシングは寝技・関節技を伴わない立ち技系競技。
kimura-takaaki	2010-03-14	ノースエリア格闘技イベント BOUT-VI	増倉敦	NOT_MMA	選手のja.wikipedia記事全体で「日本の男性キックボクサー」とのみ記載され、総合格闘技(MMA)の語は経歴・戦績表を通じて一切登場しない。BOUTはキックとMMA両方を開催する団体だが、本選手の全37戦がキックボクシング歴として一括記載されている点から判断。
kimura-takaaki	2009-03-15	ノースエリア格闘技イベント BOUT-IV	モンコンデート・ソーペエートーン	NOT_MMA	同上に加え、対戦相手名がタイ人選手特有の命名パターンであり、日本の地方キックボクシング/ムエタイ興行における外国人エキシビション参戦の典型例と判断(ja.wikipedia)。
kudo-red-reo	2019-02-17	REBELS『PANCRASE REBELS RING.1』	JIRO	NOT_MMA	Tapologyでイベントは「Kickboxing & Muay Thai Event」に分類され、選手個人もREBELS 64・REBELS 59等で継続的に「Muay Thai Bout」として出場しており、REBELS所属選手として一貫してムエタイルールで活動(tapology.com)。
