org,階級,出場回数,name_mnews,qid,label_ja,sherdog_id,match_confidence
deep,DEEPバンタム級 5分2R,1,坂野周平,,,,none
deep,DEEPバンタム級 5分2R,3,井上セナ,,,,none
deep,DEEPフェザー級 5分2R,3,マイティ・saw,,,,none
deep,DEEPフェザー級 5分2R,3,中尾響,,,,none
deep,DEEPバンタム級 5分2R,3,朝比奈龍希,,,,none
deep,DEEPバンタム級 5分2R,2,川口海翔,,,,none
deep,DEEPフライ級 5分2R,2,今野蓮弥,,,,none
deep,DEEPフライ級 5分2R,2,今井風快,,,,none
deep,DEEPバンタム級 3分2R アマチュアSルール,1,琥,,,,none
deep,DEEPバンタム級 3分2R アマチュアSルール,1,渡部恵多,,,,none
deep,DEEPフェザー級 3分2R アマチュアSルール,3,大越充悟,,,,none
deep,DEEPフェザー級 3分2R アマチュアSルール,1,佐々木琢磨,,,,none
deep,DEEPバンタム級 3分2R アマチュアSルール,1,森谷風真,,,,none
deep,DEEPバンタム級 3分2R アマチュアSルール,1,齋藤未来,,,,none
deep,DEEPライト5分3R,3,山田聖真,,,,none
deep,DEEPフェザー級 5分3R,2,太田将吾,Q131353598,太田将吾,410090,exact
deep,DEEPバンタム級 5分3R,2,河村泰博,,,,none
deep,DEEPフェザー級 5分2R,3,高橋正親,,,,none
deep,DEEＰフライ級 5分2R,3,マサト・ナカムラ,,,,none
deep,DEEＰフライ級 5分2R,1,斎藤璃貴,,,,none
deep,DEEPフライ級 5分2R,4,松井優磨,,,,none
deep,DEEPフライ級 5分2R,4,石原射,,,,none
deep,DEEPバンタム級 5分2R,3,矢野武蔵,,,,none
deep,DEEPフライ級 5分2R,2,武利侑都,,,,none
deep,DEEPフライ級 5分2R,4,横内三旺,Q132432372,横内三旺,434731,exact
deep,DEEPフライ級 3分2R アマチュアSルール,3,秋元優志,,,,none
deep,DEEPフライ級 3分2R アマチュアSルール,3,荒井夕翔,,,,none
deep,DEEP JEWELSフライ級 5分3R,3,栗山葵,,,,none
deep,DEEP JEWELSフライ級 5分3R,1,サラ・マフムード,,,,none
deep,DEEPライト級 5分2R,1,Street♡★Bob洸助,,,,none
deep,DEEPライト級 5分2R,3,河坂修斗,,,,none
deep,DEEPフェザー級 5分2R,3,小川道的,,,,none
deep,DEEPフェザー級 5分2R,4,澤田龍美,,,,none
deep,DEEPバンタム級 5分2R,1,フェルナンド,,,,none
deep,DEEPバンタム級 5分2R,2,カーレッジユウキ,,,,none
deep,DEEP JEWELSストロー級 5分2R,2,橋本葵,,,,none
deep,DEEP JEWELSストロー級 5分2R,3,渡辺真央,,,,none
deep,DEEPフェザー級 3分2RアマチュアSルール,1,加藤憂也,,,,none
deep,DEEPフェザー級 3分2RアマチュアSルール,1,大島伊玖都,,,,none
deep,DEEP WEST JAPAN BANTAMWEIHT GP 2026一回戦 5分3R,1,切嶋龍輝,,,,none
deep,DEEP WEST JAPAN BANTAMWEIHT GP 2026一回戦 5分3R,3,大空斗,,,,none
deep,DEEP WEST JAPAN BANTAMWEIHT GP 2026一回戦 5分3R,3,谷岡祐樹,,,,none
deep,DEEP WEST JAPAN BANTAMWEIHT GP 2026一回戦 5分3R,2,MG眞介,,,,none
deep,DEEP WEST JAPAN BANTAMWEIHT GP 2026一回戦 5分3R,1,みやび,,,,none
deep,DEEPウェルター級 5分2R,2,虎鉄,,,,none
deep,DEEPウェルター級 5分2R,2,窪田大羅,,,,none
deep,DEEP JEWELSフライ級 5分2R,2,鈴木“QP”まい,,,,none
deep,DEEP JEWELSフライ級 5分2R,1,ルリー・サンシャイン,,,,none
deep,DEEPフェザー級 5分2R,2,古根川充,,,,none
deep,DEEPフェザー級 5分2R,1,権藤大剛,,,,none
deep,DEEPメガトン級 5分2R,2,ステファン“スマッシュ”,,,,none
deep,DEEPメガトン級 5分2R,3,酒井天佑,,,,none
deep,DEEPフェザー級 5分2R,1,TATSUMI,,,,none
deep,DEEPフェザー級 5分2R,4,加藤綾真,,,,none
deep,DEEPウェルター級 5分2R,4,浅野功暉,,,,none
deep,DEEPウェルター級 5分2R,1,カーン・ソガズ,,,,none
deep,DEEPバンタム級 5分2R,2,時任流架,,,,none
deep,DEEPバンタム級 5分2R,2,鈴木幹也,,,,none
deep,DEEPバンタム級 5分2R,4,中川内羽矢斗,,,,none
deep,DEEPバンタム級 5分2R,2,熊澤バイオレンス,,,,none
deep,DEEPフェザー級 5分2R,2,宜野座ケビン,,,,none
deep,DEEPフェザー級 5分2R,1,大澤空,,,,none
deep,MAXFCJAPAN公式戦 -48kg契約 3分3R（EX1R）,1,ユリカ・グラップリングシュートボクサーズジム,,,,none
deep,MAXFCJAPAN公式戦 -48kg契約 3分3R（EX1R）,1,パク・ソヨン,,,,none
deep,DEEPバンタム級 5分2R,1,SHOYA,,,,none
deep,DEEPバンタム級 5分2R,3,吉田翼,,,,none
deep,MAXFCJAPAN公式戦 -54kg契約 3分3R（EX1R）,1,朱里グラップリングシュートボクサーズジム,,,,none
deep,MAXFCJAPAN公式戦 -54kg契約 3分3R（EX1R）,1,チェ・ウンジ,,,,none
deep,DEEPフェザー級 3分2R アマチュアSルール,1,青井佑磨,,,,none
deep,DEEPフェザー級 3分2R アマチュアSルール,2,三島康貴,,,,none
deep,DEEPフライ級 3分2R アマチュアSルール,1,黒川晃司,,,,none
deep,DEEPフライ級 3分2R アマチュアSルール,1,早田大牙,,,,none
deep,DEEPフライ級 5分2R,1,三ツ塚勇介,,,,none
deep,DEEPフライ級 5分2R,3,永井宏人,,,,none
deep,DEEPフライ級 5分2R,4,古市陸,,,,none
deep,DEEPフライ級 5分2R,1,橋上壮馬,,,,none
deep,DEEPバンタム級 5分2R,2,椿馨,,,,none
deep,DEEPバンタム級 5分2R,1,青代享,,,,none
deep,DEEPフライ級 5分2,3,山田悠太,,,,none
deep,DEEPフライ級 5分2,1,川畑凜斗,,,,none
deep,DEEPバンタム級 3分2R アマチュアSルール,2,内田菱牙,,,,none
deep,DEEPバンタム級 3分2R アマチュアSルール,1,吉口聖也,,,,none
deep,DEEPバンタム級 3分2R アマチュアSルール,1,真下健嗣,,,,none
deep,DEEPバンタム級 3分2R アマチュアSルール,1,土屋太郎,,,,none
deep,DEEPバンタム級 3分2R アマチュアSルール,2,細川晄希,,,,none
deep,DEEPバンタム級 3分2R アマチュアSルール,1,倉冨立聖,,,,none
deep,DEEPバンタム級 5分2R,2,内山拓真,,,,none
deep,DEEPメガトン級 5分2R,2,奥野充貴,,,,none
deep,DEEPメガトン級 5分2R,2,木之下喧壱,,,,none
deep,DEEPフライ級 5分2R,1,青田剛,,,,none
deep,DEEPフライ級 5分2R,1,大野勇斗,,,,none
deep,DEEPバンタム級 5分2R,2,AKIYOSHI,,,,none
deep,DEEPバンタム級 5分2R,1,西原大貴,,,,none
deep,DEEPバンタム級 5分2R,3,伊藤一輝,,,,none
deep,DEEPバンタム級 5分2R,1,ルーク中村,,,,none
deep,DEEPウェルター級 5分2R,3,小林ゆたか,,,,none
deep,DEEPウェルター級 5分2R,3,真野アミル,,,,none
deep,DEEPフライ級 5分2R,1,平井総一郎,,,,none
deep,DEEPフライ級 5分2R,3,マサムネ,,,,none
deep,DEEPバンタム級 5分2R,1,一輝,,,,none
deep,DEEPバンタム級 5分2R,2,佐藤修斗,,,,none
deep,DEEPストロー級 3分2R アマチュアSルール,3,加藤翔奏,,,,none
deep,DEEPストロー級 3分2R アマチュアSルール,1,ショーン・ホマレー,,,,none
deep,DEEPフライ級 3分2R アマチュアSルール,1,高田真音,,,,none
deep,DEEPフライ級 3分2R アマチュアSルール,1,石津隼人,,,,none
deep,DEEPストロー級 3分2R アマチュアSルール,2,菊池創太,,,,none
deep,DEEPストロー級 3分2R アマチュアSルール,2,フェリペ・ハセヤマ,,,,none
deep,DEEP JEWELS 49kg以下 5分2R,3,上瀬あかり,,,,none
deep,DEEP JEWELS 49kg以下 5分2R,3,渡邊花美,,,,none
deep,DEEPフライ級 3分2R アマチュアSルール,1,和久田月聖,,,,none
deep,DEEPフライ級 3分2R アマチュアSルール,1,黒太翔人,,,,none
deep,DEEPフライ級 3分2R アマチュアSルール,1,トーマ,,,,none
deep,DEEPフライ級 3分2R アマチュアSルール,1,RYUA,,,,none
deep,DEEPバンタム級 3分2R アマチュアSルール,2,ランボルギーニ,,,,none
deep,DEEPバンタム級 3分2R アマチュアSルール,2,高橋典斗,,,,none
deep,DEEP 60kg以下 3分3R KICKルール,1,金子徹哉,,,,none
deep,DEEP 60kg以下 3分3R KICKルール,1,平田大地,,,,none
deep,DEEP 62.5kg以下 3分3R KICKルール,1,久留拓磨,,,,none
deep,DEEP 62.5kg以下 3分3R KICKルール,1,仁,,,,none
deep,DEEP 62kg以下2分3R アマチュアKICKルール,1,熊谷輝彦,,,,none
deep,DEEP 62kg以下2分3R アマチュアKICKルール,1,金城壮志,,,,none
deep,DEEP 60kg以下 2分3R アマチュアKICKルール,1,津島忠彦,,,,none
deep,DEEP 60kg以下 2分3R アマチュアKICKルール,1,中村大和,,,,none
deep,DEEP JEWELS ストロー級 2分2R アマチュアKICKルール,1,比企那菜実,,,,none
deep,DEEP JEWELS ストロー級 2分2R アマチュアKICKルール,1,AKINA,,,,none
deep,DEEP JEWELSフライ級タイトルマッチ 5分3R,1,中井りん,Q3242787,中井りん,18887,exact
deep,DEEP JEWELSフライ級タイトルマッチ 5分3R,1,奥富夕夏,,,,none
deep,DEEP JEWELS 49kg以下 5分3R,3,竹林エル,,,,none
deep,DEEP JEWELSストロー級 5分3R,2,ののか,,,,none
deep,DEEP JEWELSストロー級 5分3R,1,キム・ソユル,,,,none
deep,DEEP JEWELSストロー級 5分2R,3,桐生祐子,,,,none
deep,DEEP JEWELSストロー級 5分2R,3,月井隼南,,,,none
deep,DEEP JEWELS 49kg以下 5分2R,2,彩綺,,,,none
deep,DEEP JEWELS 49kg以下 5分2R,3,abbie,,,,none
deep,DEEP JEWELS 65kg以下 5分2R,4,樹季,,,,none
deep,DEEP JEWELS 65kg以下 5分2R,1,Te-a,,,,none
deep,DEEP JEWELSミクロ級 5分2R,1,古林礼名,Q118726934,古林礼名,,exact
deep,DEEP JEWELSミクロ級 5分2R,3,大井すず,Q136338017,大井すず,472119,exact
deep,DEEP JEWELS 53kg以下 5分2R,4,SAAYA,,,,none
deep,DEEP JEWELS 58kg以下 5分2R,2,鈴木”BOSS”遥,,,,none
deep,DEEP JEWELS 58kg以下 5分2R,2,田川真帆,,,,none
deep,DEEP JEWELS 60kg以下 5分2R,2,JUICY,,,,none
deep,DEEP JEWELS 60kg以下 5分2R,1,うらら,,,,none
deep,DEEP JEWELS 50kg以下 3分2R アマチュアSルール,3,山吹マリン,,,,none
deep,DEEP JEWELS 50kg以下 3分2R アマチュアSルール,4,谷山心優,,,,none
deep,DEEP JEWELSストロー級 3分2R アマチュアSルール,4,あきぴ,,,,none
deep,DEEP JEWELSストロー級 3分2R アマチュアSルール,3,村松美直,,,,none
deep,DEEP JEWELSストロー級 3分2R アマチュアSルール,1,愛温,,,,none
deep,DEEP JEWELSストロー級 3分2R アマチュアSルール,1,山内梨緒,,,,none
deep,DEEP JEWELS 49kg 以下 3分2R アマチュアSルール,3,横江明日香,,,,none
deep,DEEP JEWELS 49kg 以下 3分2R アマチュアSルール,1,デスティニー,,,,none
deep,DEEPフェザー級 5分3R,3,高橋遼伍,Q126005793,高橋遼伍,84427,exact
deep,DEEPメガトン級 5分3R,1,長谷川賢,Q55536786,長谷川賢,76908,exact
deep,DEEPメガトン級 5分3R,3,ブラックタイガー,,,,none
deep,DEEPフェザー級 5分2R,2,カンジ,,,,none
deep,DEEPフェザー級 5分2R,2,KINNO,,,,none
deep,DEEPバンタム級 5分2R,3,黒岡裕真,,,,none
deep,DEEPバンタム級 5分2R,2,笹崎健司,,,,none
deep,DEEPバンタム級 5分2R,3,坂本岳,,,,none
deep,DEEPバンタム級 5分2R,1,ハム・ギワン,,,,none
deep,DEEPフライ級 5分2R,2,仁井田右楽,,,,none
deep,DEEPフライ級 5分2R,5,廣瀬裕斗,,,,none
deep,DEEP 60kg以下 5分2R,1,渡邉龍太郎,,,,none
deep,DEEP 60kg以下 5分2R,1,キンジ,,,,none
deep,DEEPフェザー級 5分2R,1,ガブリエル,,,,none
deep,DEEPフェザー級 5分2R,1,尚太郎,,,,none
deep,DEEPウェルター級 3分2R アマチュアSルール,2,TAKUMA,,,,none
deep,DEEPウェルター級 3分2R アマチュアSルール,1,猿丸凛太朗,,,,none
deep,DEEPフライ級 3分2R アマチュアSルール,3,菊間瑛太,,,,none
deep,DEEPフライ級 3分2R アマチュアSルール,1,小嵐翔真,,,,none
deep,DEEPストロー級タイトルマッチ 5分3R,3,知名昴海,,,,none
deep,DEEPフライ級 3分2R アマチュアSルール,1,今野連弥,,,,none
deep,DEEPフライ級 3分2R アマチュアSルール,1,武井大将,,,,none
deep,DEEPフライ級 3分2R アマチュアSルール,1,ショウエイ,,,,none
deep,DEEPフライ級 3分2R アマチュアSルール,1,矢代光,,,,none
deep,DEEPフェザー級 5分3R,1,森俊樹,,,,none
deep,DEEPフェザー級 5分2R,1,中村雄一,,,,none
deep,DEEPバンタム級 5分2R,2,堂園悠,,,,none
deep,DEEPバンタム級 5分2R,2,唐沢タツヤ,,,,none
deep,DEEPフライ級 5分2R,2,橋本優大,,,,none
deep,DEEPフライ級 5分2R,1,コビー・レオン,,,,none
deep,DEEPフライ級 5分2R,2,安永吏成,,,,none
deep,DEEPフライ級 5分2R,1,高橋健斗,,,,none
deep,DEEPライト級 5分2R,2,トミー渡部,,,,none
deep,DEEPライト級 5分2R,2,井上竜旗,,,,none
deep,DEEPバンタム級 5分2R,3,寉岡樹記,,,,none
deep,DEEPフェザー級 5分2R,2,藤井連,,,,none
deep,DEEPフェザー級 5分2R,1,山田葵生,,,,none
deep,DEEP 64kg以下 3分2R アマチュアSルール,3,佐藤聖優,,,,none
deep,DEEP 64kg以下 3分2R アマチュアSルール,1,サンシャイン,,,,none
deep,DEEP 58kg以下 3分2R アマチュアSルール,1,ごとう瑠海,,,,none
deep,DEEPフライ級 3分2R アマチュアSルール,2,谷口仁歩,,,,none
deep,DEEPバンタム級3分2RアマチュアSルール,3,高尾凌生,,,,none
deep,DEEPバンタム級3分2RアマチュアSルール,1,河島ノブヒデ,,,,none
deep,DEEPフライ級 5分3R,2,濱口奏琉,,,,none
deep,DEEPフライ級 5分2R,1,松場貴志,Q121355278,松場貴志,129427,exact
deep,DEEPフライ級 5分2R,2,松原聖也,,,,none
deep,DEEPフェザー級 5分2R,1,岩本達彦,,,,none
deep,DEEPフェザー級 5分2R,3,藤田宇宙,,,,none
deep,DEEPバンタム級 5分2R,2,木下竜馬,,,,none
deep,DEEPバンタム級 5分2R,2,福田泰暉,,,,none
deep,DEEP JEWELS 50kg以下 5分2R,1,あー子,,,,none
deep,DEEPフェザー級 5分2R,2,瀧口脩生,,,,none
deep,DEEPフェザー級 5分2R,2,田中壱季,,,,none
deep,DEEPフェザー級 5分2R,1,井康勢,,,,none
deep,DEEP JEWELSストロー級 3分2R アマチュアSPルール,2,大西未来,,,,none
deep,DEEP JEWELS 49kg以下 5分3R,1,HIME,,,,none
deep,セミファイナル DEEPストロー級 5分2R,3,武蔵,,,,none
deep,DEEPフライ級 5分2R,2,太一,,,,none
deep,DEEPライト級 5分2R,3,今村豊,,,,none
deep,DEEP JEWELSバンタム級5分2R,1,MANA,,,,none
deep,DEEP JEWELSバンタム級5分2R,1,中尾あづき,,,,none
deep,DEEPライト級 5分2R,3,ベンジャミン,,,,none
deep,DEEPライト級 5分2R,1,武蔵坊慶輔,,,,none
deep,DEEPフライ級 5分2R,2,米原剛希,,,,none
deep,DEEP 97kg以下 5分2R,2,西川将輝,,,,none
deep,DEEP 97kg以下 5分2R,2,アモリン,,,,none
deep,DEEP JEWELS 68kg以下5分2R,2,ぽちゃんZ,,,,none
deep,DEEP JEWELS 68kg以下5分2R,2,Bobo飛鳥,,,,none
deep,DEEP JEWELSフェザー級5分2R,2,近藤世里菜,,,,none
deep,DEEP メガトン級 3分2RアマチュアSルール,2,佐藤勇真,,,,none
deep,DEEPフライ級 3分2R アマチュアSルール,2,朝井啓太,,,,none
deep,DEEPフライ級 3分2R アマチュアSルール,1,杉映都,,,,none
deep,DEEP JEWELSバンタム級王者決定戦 5分3R,1,百湖,,,,none
deep,DEEP JEWELSストロー級 5分3R,1,万智,,,,none
deep,DEEP JEWELSストロー級 5分3R,1,キム・ダンビ,,,,none
deep,DEEP JEWELS 49kg以下 5分2R,1,海咲イルカ,,,,none
deep,DEEP JEWELSストロー級 5分2R,3,堀井かりん,,,,none
deep,DEEP JEWELS ストロー級 5分2R,3,横瀬友愛,,,,none
deep,DEEP JEWELS ストロー級 5分2R,2,岡美紀,,,,none
deep,DEEP JEWELSストロー級 2分2R KICKルール,1,坂本瑠華,,,,none
deep,DEEP JEWELSストロー級 2分2R KICKルール,1,ダイナマイト♡ユラ,,,,none
deep,DEEP JEWELS 50kg以下 2分2R KICKルール,1,島村優花,,,,none
deep,DEEP JEWELS 50kg以下 2分2R KICKルール,1,中澤諒香,,,,none
deep,DEEP JEWELS 49kg以下 3分2R アマチュアSルール,1,村井成美,,,,none
deep,DEEP JEWELSストロー級 3分2R アマチュアSルール,2,ちゃんりな,,,,none
deep,DEEP JEWELS 50kg以下 3分2R アマチュアSルール,3,せりな,,,,none
deep,DEEP JEWELS 50kg以下 3分2R アマチュアSルール,1,山岸佳音,,,,none
deep,DEEP JEWELSフライ級3分2R アマチュアSルール,1,たから,,,,none
deep,DEEPフェザー級 5分3R,2,関鉄矢,Q105704467,関鉄矢,153571,exact
deep,DEEPフェザー級 5分3R,2,黒井海成,Q112239204,黒井海成,,exact
deep,DEEP 55kg以下 5分2R,2,中務修良,Q112239333,中務修良,282783,exact
deep,DEEPフライ級 5分2R,1,御代川敏志,,,,none
deep,DEEPフライ級 5分2R,1,吉田悠太郎,,,,none
deep,DEEPライト級 5分2R,1,ウラケン,,,,none
deep,DEEＰフライ級 5分2R,1,平井聡一朗,,,,none
deep,DEEＰフライ級 5分2R,2,石井涼馬,,,,none
deep,DEEPバンタム級 5分2R,2,西山亮翔,,,,none
deep,DEEPバンタム級 5分2R,1,小林よしずみ,,,,none
deep,DEEPバンタム級 3分2R アマチュアSルール,2,小笠原孝成,,,,none
deep,DEEPバンタム級 3分2R アマチュアSルール,2,須山豪,,,,none
deep,DEEPストロー級 3分2R アマチュアSルール,1,Michael北見,,,,none
deep,DEEPバンタム級 5分2R,3,吉田陸,,,,none
deep,DEEPバンタム級 5分2R,3,脇田仁,,,,none
deep,DEEPライト級 5分2R,2,藤岡陸,,,,none
deep,DEEPライト級 5分2R,1,田中慎一郎,,,,none
deep,DEEPライト級 5分2R,2,平澤克明,,,,none
deep,DEEPバンタム級 3分2R アマチュアSルール,1,小澤亮太,,,,none
deep,DEEPバンタム級 3分2R アマチュアSルール,1,加藤颯,,,,none
deep,DEEPライトヘビー級 5分2R,1,勇太,,,,none
deep,DEEPフライ級 5分2R,3,大岩翔哉,,,,none
deep,DEEPフライ級 5分2R,2,川崎ごうる,,,,none
deep,DEEPフライ級 5分2R,2,前田遊,,,,none
deep,DEEPライト級 3分2R アマチュアSルール,1,出口誉,,,,none
deep,DEEPライト級 3分2R アマチュアSルール,1,伊藤叶,,,,none
deep,ライト級決勝,2,権藤悠太郎,,,,none
deep,DEEPフェザー級 3分2R アマチュアSルール,1,杉村祥真,,,,none
deep,DEEPバンタム級 3分2R アマチュアSルール,2,切嶋黎,,,,none
deep,DEEPバンタム級 5分2R,1,石田ガリット勝也,,,,none
deep,DEEPフライ級 5分2R,2,村田和生,,,,none
deep,DEEPフェザー級 5分2R,1,福山佳祐,,,,none
deep,DEEPフェザー級 5分2R,2,濱本佳樹,,,,none
deep,DEEPフェザー級 3分2R アマチュアSルール,1,武山詩音,,,,none
deep,DEEPフライ級 3分2RアマチュアSルール,1,森大夢,,,,none
deep,DEEPフライ級 3分2RアマチュアSルール,1,内野誠哉,,,,none
deep,DEEPフェザー級 5分2R,2,佐々木耀,,,,none
deep,DEEPライト級 5分2R,1,トミー渡辺,,,,none
deep,DEEPライト級 5分2R,2,アニンタ・アリ,,,,none
deep,DEEPメガトン級 5分2R,1,ホワイトベア,,,,none
deep,DEEPフェザー級 3分2R アマチュアSルール,1,佐藤カナウ,,,,none
deep,DEEPフライ級 3分2R アマチュアSルール,2,佐藤照栄,,,,none
deep,DEEPフライ級 3分2R アマチュアSルール,1,福嶋司,,,,none
deep,DEEPフライ級 3分2R アマチュアSルール,2,金子蒼空,,,,none
deep,DEEPフライ級 3分2R アマチュアSルール,1,横山桔平,,,,none
deep,DEEPバンタム級 3分2R アマチュアSルール,1,ランペイジ竜太,,,,none
deep,DEEPストロー級タイトルマッチ 5分3R,1,越智晴雄,Q18545794,越智晴雄,29147,exact
deep,DEEPフライ級 5分2R,1,安谷屋智弘,Q112238666,安谷屋智弘,36614,exact
deep,DEEPフライ級 5分2R,3,松岡疾人,,,,none
deep,DEEPライト級 5分2R,1,野尻大輔,,,,none
deep,DEEP 60kg以下 5分2R,1,左京,,,,none
deep,DEEP JEWELS ストロー級 5分2R,2,堀内美沙紀,,,,none
deep,DEEPフライ級 3分2R アマチュアSルール,1,国分獅斗,,,,none
deep,DEEPバンタム級 3分2R アマチュアSルール,1,菊池佳歩,,,,none
deep,DEEPバンタム級 3分2R アマチュアSルール,1,佐藤凛,,,,none
deep,DEEPフェザー級 5分3R,1,奥山貴大,Q62085285,奥山貴大,467504,exact
deep,DEEPメガトン級 5分3R,1,水野竜也,Q262690,水野竜也,18538,exact
deep,DEEPメガトン級 5分3R,1,稲田将,,,,none
deep,DEEPフライ級 5分2R,1,橋本ユウタ,,,,none
deep,DEEPライト級 5分2R,1,荒井銀二,,,,none
deep,DEEPライト級 5分2R,2,平石光一,,,,none
deep,DEEPメガトン級 3分2R アマチュアSルール,1,ハチミツ大魔王,,,,none
deep,DEEPフェザー級 5分3R,1,延命そら,,,,none
deep,DEEPフェザー級 5分3R,1,牧野滉風,,,,none
deep,DEEPフェザー級 5分2R,1,三村亘,,,,none
deep,DEEPフェザー級 5分2R,2,鈴木琢仁,,,,none
deep,DEEPメガトン級 5分２R,2,大家皆,,,,none
deep,DEEPバンタム級 5分2R,2,山﨑鼓大,,,,none
deep,DEEPバンタム級 5分2R,2,田口貴規,,,,none
deep,DEEPウェルター級 5分2R,1,大澤将司,,,,none
deep,DEEPウェルター級 5分2R,1,上田拳翔,,,,none
deep,DEEPストロー級 5分2R,1,上村亮馬,,,,none
deep,DEEP 63kg以下 3分3R KICKルール,1,原田闘鬼,,,,none
deep,DEEP 63kg以下 3分3R KICKルール,1,丸山晃毅,,,,none
deep,DEEPフェザー級 5分2R,1,石田拓己,,,,none
deep,DEEPフライ級 3分2RアマチュアSルール,1,吉村凌仁郎,,,,none
deep,DEEP JEWELS 49kg以下 5分3R,1,浜崎朱加,Q11557673,浜崎朱加,45332,exact
deep,DEEP JEWELS 49kg以下 5分2R,2,サラ,,,,none
deep,DEEP JEWELSミクロ級 5分2R,1,小雪,,,,none
deep,DEEP JEWELS 49kg以下 3分2R アマチュアSルール,1,五十嵐莉子,,,,none
deep,DEEP JEWELS 49kg以下 3分2R アマチュアSルール,2,和智美音,,,,none
deep,DEEPメガトン級 5分3R,1,Guts,,,,none
deep,DEEPフライ級 5分2R,1,神酒龍一,Q11590947,神酒龍一,13392,exact
deep,DEEPバンタム級 5分2R,1,湯浅帝蓮,,,,none
deep,DEEPストロー級 5分2R,1,多湖力翔,,,,none
deep,DEEPフェザー級 5分2R,1,キム・ミンソク,,,,none
deep,DEEPバンタム 5分2R,1,山口コウタ,,,,none
deep,DEEPバンタム級 5分2R,2,丈太,,,,none
deep,DEEP 64kg以下 3分2R アマチュアSルール,1,田中悠翔,,,,none
deep,DEEPフェザー級 3分2R アマチュアSルール,1,池森ヨシキ,,,,none
deep,DEEPフェザー級 3分2R アマチュアSルール,1,松元大樹,,,,none
deep,DEEPフライ級 3分2R アマチュアSルール,1,上田遥斗,,,,none
deep,DEEPライト級 5分3R,1,大木良太,,,,none
deep,DEEPバンタム級 5分2R,1,高野優樹,Q120402600,高野優樹,167485,exact
deep,DEEP 59kg以下 5分2R,1,木村琉音,,,,none
deep,DEEPメガトン級 5分2R,1,バッファロー,,,,none
deep,DEEPフライ級 3分2R アマチュアSルール,1,大将,,,,none
deep,DEEPミドル級アマチュアSルール 3分2R,1,桜井聡紀,,,,none
deep,DEEPフライ級アマチュアSルール 3分2R,1,武田祈和,,,,none
deep,DEEPフライ級アマチュアSルール 3分2R,1,イトカズ・コウセイ,,,,none
deep,DEEPストロー級アマチュアSPルール 3分2R,1,小林桜太,,,,none
deep,DEEPバンタム級アマチュアSルール 3分2R,1,南谷純也,,,,none
deep,DEEPメガトン級アマチュアKICKルール1分30秒2R,1,ドリーム★キミ,,,,none
deep,DEEPメガトン級アマチュアKICKルール1分30秒2R,1,喪黒★福蔵,,,,none
deep,DEEPライト級 5分2R,1,胸毛ニキ,,,,none
deep,DEEPバンタム級 5分2R,1,切嶋龍希,,,,none
deep,DEEPバンタム級 5分2R,2,Akiyoshi,,,,none
deep,DEEPストロー級 5分2R,1,金光優真,,,,none
deep,DEEPフライ級 5分2R,1,中野ハヤト,,,,none
deep,DEEP54kg以下KICKルール2分３R,1,高林和真,,,,none
deep,DEEP54kg以下KICKルール2分３R,1,和泉直人,,,,none
deep,DEEP68kg以下KICKルール2分3R,1,WATARU,,,,none
deep,DEEP68kg以下KICKルール2分3R,1,中川北斗,,,,none
deep,DEEP65kg以下KICKルール2分３R,1,小林直貴,,,,none
deep,DEEP65kg以下KICKルール2分３R,1,伊藤陸都,,,,none
deep,DEEP56kg以下KICKルール2分３R,1,高山敦,,,,none
deep,DEEP56kg以下KICKルール2分３R,1,稲村健心,,,,none
deep,DEEP60kg以下KICKルール2分３R,1,鈴木克彰,,,,none
deep,DEEP60kg以下KICKルール2分３R,1,加藤宥希,,,,none
deep,DEEP49kg以下KICKルール2分3R,1,大川怜輝,,,,none
deep,DEEP49kg以下KICKルール2分3R,1,伊藤佑都,,,,none
deep,DEEP70kg以下KICKルール2分2R,1,鈴木柚来,,,,none
deep,DEEP70kg以下KICKルール2分2R,1,望月琉偉,,,,none
deep,DEEP60kg以下KICKルール2分2R,1,袴田玲,,,,none
deep,DEEP60kg以下KICKルール2分2R,1,浅野劉生,,,,none
deep,DEEP53kg以下KICKルール2分2R,1,河合奏太朗,,,,none
deep,DEEP53kg以下KICKルール2分2R,1,有村至恩,,,,none
deep,DEEP54kg以下KICKルール2分2R,1,山本凌己,,,,none
deep,DEEP54kg以下KICKルール2分2R,1,児玉英志朗,,,,none
deep,DEEPバンタム級 5分3R,1,前園渓,,,,none
deep,DEEP フェザー級 5 分 2R,1,GINJI,,,,none
deep,DEEPバンタム級 5分2R,1,澄斗,,,,none
deep,DEEPアマチュアSルール フェザー級 3分2R,1,大原宇竜,,,,none
deep,DEEP フェザー級 5分3R,1,チェ・ソンヒョク,,,,none
deep,DEEP JEWELS 51kg以下 5分2R,1,サダエ☆マヌーフ,,,,none
deep,DEEP ライト級 5 分2R,1,大野“虎眼”賢良,,,,none
deep,DEEP フライ級 5分2R,1,砂田華社,,,,none
deep,DEEP JEWELS アトム級 5分2R,1,横瀬美久,,,,none
deep,DEEP JEWELS ストロー級 5分2R,1,成本優良,,,,none
deep,DEEPウェルター級 5分3R,1,佐藤洋一郎,Q11384202,佐藤洋一郎 (格闘家),30407,exact
deep,DEEP 73kg以下 5分2R,1,郷野聡寛,Q4700928,郷野聡寛,1217,exact
deep,DEEP 73kg以下 5分2R,1,近藤有己,Q2090890,近藤有己,263,exact
deep,DEEPバンタム級 5分2R,1,春日井“寒天”たけし,Q116936024,春日井“寒天”たけし,49771,exact
deep,DEEPライト級 5分2R,1,石塚雄馬,,,,none
deep,DEEPフェザー級 5分2R,1,菊川イサム,,,,none
deep,DEEPフライ級 3分2R アマチュアSルール,1,RYOTA,,,,none
deep,DEEP JEWELS 50kg以下 5分3R,1,富松恵美,Q11456997,富松恵美,19272,exact
deep,DEEP JEWELS 52kg 2分3R KICKルール,1,きたりこ,,,,none
deep,DEEP JEWELS 52kg 2分3R KICKルール,1,MANAKA,,,,none
deep,DEEP JEWELSフェザー級 5分2R,1,谷山瞳,,,,none
deep,DEEP JEWELSミクロ級 5分2R,1,ジャカ季美香,,,,none
deep,DEEP JEWELS 51kg以下 3分2R アマチュアSルール,1,須山ゆな,,,,none
deep,DEEPライト級 5分2R,1,アサン・ゲェイデ,,,,none
deep,DEEPフライ級 5分2R,1,颯斗,,,,none
deep,DEEPバンタム級 5分2R,1,生田大雅,,,,none
deep,DEEPバンタム級 3分2R アマチュアSルール,1,大和田龍斗,,,,none
deep,DEEPフェザー級 3分2R アマチュアSルール,1,菅涼星,,,,none
deep,DEEPフェザー級 3分2R アマチュアSルール,1,ダイア,,,,none
deep,DEEPフライ級 3分2R アマチュアSルール,1,岸翔大,,,,none
deep,DEEPフライ級 5分2R,1,原虎徹,Q113566892,原虎徹,375229,exact
deep,DEEP フライ級 5 分 2R,1,八尋大輝,,,,none
deep,DEEP バンタム級 5 分 2R,1,草野ガブリエル,,,,none
deep,DEEP フライ級 5 分 2R,1,中西哲夫,,,,none
deep,バンタム級 5 分 2R,1,野木崇政,,,,none
deep,DEEPライト級 5 分 2R,1,河村嘉展,,,,none
deep,DEEP フライ級 5 分 2R,1,髙村友晴,,,,none
deep,DEEPメガトン級 5 分 2R,1,もも太郎,,,,none
deep,DEEPバンタム級 5 分 2R,1,福井達郎,,,,none
deep,DEEP バンタム級 3 分 2R アマチュア S ルール,1,平山稔和,,,,none
deep,DEEP バンタム級 3 分 2R アマチュア S ルール,1,河野太喜,,,,none
deep,DEEPバンタム級 3 分 2R アマチュア S ルール,1,熊澤愛希也,,,,none
deep,DEEP フェザー級 3 分 2R アマチュア S ルール,1,西川玲司,,,,none
deep,DEEP ストロー級 3 分 2R アマチュア S ルール,1,大森仁,,,,none
deep,DEEP ストロー級 3 分 2R アマチュア S ルール,1,西村凛惺,,,,none
deep,フライ級決勝,1,須田雄律,,,,none
deep,フライ級決勝,1,遠藤一心,,,,none
deep,バンタム級決勝,1,ケンモーリス,,,,none
deep,フェザー級決勝,1,鈴木覇,,,,none
deep,フェザー級決勝,1,青井佑,,,,none
deep,ライト級決勝,1,大澤伸明,,,,none
deep,ウェルター級決勝,1,羽江哲郎,,,,none
deep,ミドル級決勝,1,足立光弘,,,,none
deep,ミドル級決勝,1,早川豊司,,,,none
pancrase,ウェルター級,,佐藤生虎,,,,none
pancrase,ライト級,,平信一,,,,none
pancrase,ライト級,,張豊,,,,none
pancrase,ライト級,,鈴木悠斗,,,,none
pancrase,フェザー級,,透暉鷹,,,,none
pancrase,フェザー級,,岡田拓真,,,,none
pancrase,フェザー級,,Ryo,,,,none
pancrase,フェザー級,,遠藤来生,,,,none
pancrase,フェザー級,,名田英平,,,,none
pancrase,フェザー級,,関 翔渚,,,,none
pancrase,フェザー級,,糸川義人,,,,none
pancrase,フェザー級,,石田陸也,,,,none
pancrase,バンタム級,,荒田大輝,,,,none
pancrase,バンタム級,,佐藤ゆうじ,,,,none
pancrase,バンタム級,,バラカトゥロ・アサドゥラエフ,,,,none
pancrase,バンタム級,,山木麻弥,,,,none
pancrase,バンタム級,,前田浩平,,,,none
pancrase,バンタム級,,合島大樹,,,,none
pancrase,バンタム級,,白井誠司,,,,none
pancrase,フライ級,,猿飛流,,,,none
pancrase,フライ級,,ラファエル・リベイロ,,,,none
pancrase,フライ級,,増田大河,,,,none
pancrase,フライ級,,浜本キャット雄大,,,,none
pancrase,フライ級,,植松洋貴,,,,none
pancrase,フライ級,,小林了平,,,,none
pancrase,フライ級,,菅歩夢,,,,none
pancrase,フライ級,,山崎蒼空,,,,none
pancrase,フライ級,,本川ハルアキ,,,,none
pancrase,ストロー級,,寺岡拓永,,,,none
pancrase,女子フライ級,,杉山しずか,Q7499482,杉山しずか,40759,exact
pancrase,女子フライ級,,和田綾音,,,,none
pancrase,女子フライ級,,ライカ,Q5371137,風神ライカ,176295,alias
pancrase,女子ストロー級,,本野美樹,Q112762438,本野美樹,317479,exact
pancrase,女子ストロー級,,KAREN,Q25266091,KAREN,225469,exact
pancrase,女子アトム級,,SARAMI,Q22973417,SARAMI,93835,exact
shooto,ストロー級,,旭那 拳,,,,none
shooto,ストロー級,,田口 恵大,,,,none
shooto,ストロー級,,友利 琉偉,,,,none
shooto,ストロー級,,友利 幸汰,,,,none
shooto,ストロー級,,梅木 勇徳,,,,none
shooto,フライ級,,杉本 静弥,,,,none
shooto,フライ級,,砂辺 光久,Q11264118,砂辺光久,2558,exact
shooto,フライ級,,梅筋 毒一郎,,,,none
shooto,フライ級,,山内 渉,,,,none
shooto,フライ級,,岡田 嵐士,,,,none
shooto,フライ級,,中池 武寛,,,,none
shooto,フライ級,,鈴木 尊,,,,none
shooto,バンタム級,,川北 晏生,,,,none
shooto,バンタム級,,チョウ スソン,,,,none
shooto,バンタム級,,藤井 伸樹,,,,none
shooto,バンタム級,,ダイキ ライトイヤー,,,,none
shooto,バンタム級,,中島 陸,,,,none
shooto,バンタム級,,野尻 定由,,,,none
shooto,フェザー級,,パク ジョンジュン,,,,none
shooto,フェザー級,,齋藤 翼,,,,none
shooto,フェザー級,,上原 平,,,,none
shooto,フェザー級,,磯城嶋 一真,,,,none
shooto,フェザー級,,飯野 雄斗,,,,none
shooto,フェザー級,,ネイン デイネッシュ,,,,none
shooto,ライト級,,結城 大樹,,,,none
shooto,ライト級,,安海 健人,,,,none
shooto,ライト級,,マックス・ザ・ボディ,,,,none
shooto,ライト級,,大尊 伸光,,,,none
shooto,ライト級,,田中 有,,,,none
shooto,ウェルター級,,ヴィクター バレンズエラ,,,,none
shooto,ウェルター級,,エルナニ ペルペトゥオ,,,,none
shooto,ウェルター級,,田村 ヒビキ,,,,none
shooto,ウェルター級,,グラップラー脇,,,,none
shooto,ミドル級,,岩﨑 大河,,,,none
shooto,ミドル級,,荒井 勇ニ,,,,none
shooto,ミドル級,,沙門,,,,none
shooto,ミドル級,,HENRY,,,,none
shooto,ミドル級,,キム ジェヨン,,,,none
shooto,女子アトム級,,青野 ひかる,Q55406545,青野ひかる,265437,exact
shooto,女子アトム級,,徳本 望愛,,,,none
shooto,女子アトム級,,中村 未来,,,,none
shooto,女子アトム級,,杉本 恵,,,,none
shooto,女子アトム級,,平田 彩音,,,,none
shooto,女子アトム級,,パク ソヨン,,,,none
shooto,女子アトム級,,ジェニー ファン,,,,none
shooto,女子アトム級,,嶋屋 澪,,,,none
shooto,女子スーパーアトム級,,渡辺 彩華,Q119517846,渡辺彩華,376966,exact
shooto,女子スーパーアトム級,,高本 千代,,,,none
shooto,女子スーパーアトム級,,erika,,,,none
shooto,女子スーパーアトム級,,村上 彩,Q122945610,村上彩,373053,exact
shooto,女子スーパーアトム級,,片山 智絵,,,,none
shooto,女子スーパーアトム級,,黒部 三奈,Q53764824,黒部三奈,119851,exact
shooto,女子スーパーアトム級,,SARAMI,Q22973417,SARAMI,93835,exact
shooto,女子ストロー級,,藤野 恵実,Q5371059,藤野恵実,10006,exact
shooto,女子ストロー級,,宝珠山 桃花,,,,none
shooto,女子ストロー級,,パク ボヒョン,,,,none
shooto,女子ストロー級,,ハイライ ウーシャアモー,,,,none
shooto,女子ストロー級,,ソルト,Q135689416,ソルト,398309,exact
shooto,女子ストロー級,,KAREN,Q25266091,KAREN,225469,exact
shooto,女子ストロー級,,高田 暖妃,,,,none
deep_champion_slot,ストロー級,,知名昴海,,,,none
deep_champion_slot,女子ストロー級,,万智,,,,none
deep_champion_slot,女子フライ級,,中井りん,Q3242787,中井りん,18887,exact
deep_champion_slot,女子バンタム級,,百湖,,,,none
deep_champion_slot,女子フェザー級,,東ようこ,,,,none
deep_champion_slot,女子無差別級,,アマンダ・ルーカス,,,,none
