slug,nameJa,reason,note
tsubaki-asuka,椿飛鳥,未検出,
hibino-junya,日比野純也,未検出,
kenshiro,ケンシロウ,同名別人疑い(内容未確認・全候補却下),"hitTitle=""ケンシロウ""->resolvedTitle=""ケンシロウ"""
nakatani-yuga,中谷優我,未検出,
suzuki-taisei,鈴木大晟,未検出,
seigo,誠悟,未検出,
suwabe-teppei,諏訪部哲平,未検出,
sugino-aren,杉野亜蓮,未検出,
daiya,ダイヤ,同名別人疑い(内容未確認・全候補却下),"hitTitle=""ダイヤ""->resolvedTitle=""ダイヤ"""
naito-tank,タンク内藤,未検出,
arato-hidetaka,荒東英貴,未検出,
terasaki-shoryu,寺崎昇龍,未検出,
karino-yu,狩野優,未検出,
yamamoto-soushi,山本颯志,未検出,
yamamoto-arihito,山本有人,未検出,
ishizaka-kushi,石坂空志,未検出,
china-sukai,知名昴海,未検出,
higashi-yoko,東ようこ,未検出,
tanoue-koyuru,田上こゆる,未検出,
naito-shoki,内藤頌貴,未検出,
toma-yoshinao,当真佳直,未検出,
hatakeyama-ryuya,畠山隆称,未検出,
kurobe-kazusa,黒部和沙,同名別人疑い(内容未確認・全候補却下),"hitTitle=""黒部和沙""->resolvedTitle=""黒部和沙"""
taito-rangers,泰斗,同名別人疑い(内容未確認・全候補却下),"hitTitle=""泰斗""->resolvedTitle=""巨匠"""
takaoka-hiroki,高岡宏気,未検出,
suzuki-simon,シモンスズキ,未検出,
sekiguchi-yuto,関口祐冬,未検出,
nagai-kanata,永井奏多,未検出,
saito-shoji,齋藤奨司,未検出,
nakano-goki,中野剛貴,未検出,
sugino-kosei,杉野光星,未検出,
baterdene-simbaatar,シンバートルバットエルデネ,未検出,
hikaru,ヒカル,同名別人疑い(内容未確認・全候補却下),"hitTitle=""ヒカル""->resolvedTitle=""ひかる"""
aoi-taichi,青井太一,未検出,
tateo,たてお,未検出,
horie-taishi,堀江耐志,未検出,
toma,TOMA,同名別人疑い(内容未確認・全候補却下),"hitTitle=""TOMA""->resolvedTitle=""TOMA"""
im-kwangwoo,イムクァンウ,未検出,
goto-ryo,後藤亮,同名別人疑い(内容未確認・全候補却下),"hitTitle=""後藤亮""->resolvedTitle=""後藤亮"""
captain-africa,キャプテン☆アフリカ,未検出,
shivaev,シヴァエフ,未検出,
nishio-shinsuke,西尾真輔,未検出,
desouza-marcel,デソウザマルセル,未検出,
sumiyoshi-ryota,墨吉涼太,未検出,
cooper-makoa,マコアクーパー,未検出,
saijo-hidenari,西條英成,未検出,
soki,ソーキ,同名別人疑い(内容未確認・全候補却下),"hitTitle=""ソーキ""->resolvedTitle=""ソーキ"""
sardorov-koshim,コシム・サルドロフ,未検出,
hayashi-genpei,林源平,未検出,
hirata-akira,平田旭,未検出,
sato-ryutaro,佐藤龍汰朗,未検出,
okamura-toshiki,岡村寿紀,未検出,
naito-yura,内藤由良,未検出,
musha-kotaro,武者孝大郎,未検出,
barboza-rafael,ラファエル・バルボーザ,未検出,
kamiya-daichi,神谷大智,未検出,
kasuya-yusuke,粕谷優介,未検出,
suzuki-chikaya,鈴木慈也,未検出,
rajabov-otabek,オタベク・ラジャボフ,未検出,
arzykul-kalybek,カリベク・アルジクルウール,未検出,
kinoshita-naosuke,木下尚祐,未検出,
tajima-ryo,田嶋椋,未検出,
miyagi-naraho,宮城成歩滝,未検出,
takashiro-mitsuhiro,高城光弘,未検出,
matsui-ryo,松井涼,未検出,
imura-rui,井村塁,未検出,
tokida-takashige,時田隆成,未検出,
kishida-hiroto,岸田宙大,未検出,
shindo-genta,眞藤源太,未検出,
tanimura-taika,谷村泰嘉,未検出,
miyazawa-yuta,宮澤雄大,未検出,
sasaki-shunma,佐々木瞬真,未検出,
funada-denchi,船田電池,未検出,
little,リトル,同名別人疑い(内容未確認・全候補却下),"hitTitle=""リトル""->resolvedTitle=""リトル"""
ujihara-kaisei,氏原魁星,未検出,
chiharu,千春,同名別人疑い(内容未確認・全候補却下),"hitTitle=""千春""->resolvedTitle=""千春"""
mori-subaru,森昴星,未検出,
shimizu-hiroto,清水博人,未検出,
otsuka-tomoki,大塚智貴,未検出,
kanbe-atsubo,神部篤坊,未検出,
sekino-taisei,関野大成,未検出,
yamasaki-yajuro,山崎弥十朗,未検出,
nakatsukasa-taiyo,中務太陽,未検出,
max-yoshida,MAX吉田,未検出,
okumura-airu,奥村アイル,未検出,
asahina-ken,旭那 拳,未検出,
taguchi-keita,田口 恵大,未検出,
tomori-rui,友利 琉偉,未検出,
tomori-kota,友利 幸汰,未検出,
umeki-yutoku,梅木 勇徳,未検出,
sugimoto-seiya,杉本 静弥,未検出,
baikin-dokuichiro,梅筋 毒一郎,未検出,
yamauchi-wataru,山内 渉,未検出,
okada-arashi,岡田 嵐士,未検出,
nakaike-takehiro,中池 武寛,未検出,
suzuki-takeru,鈴木 尊,未検出,
kawakita-haruki,川北 晏生,未検出,
susung,チョウ スソン,未検出,
fujii-nobuki,藤井 伸樹,未検出,
lightyear-daiki,ダイキ ライトイヤー,未検出,
nojiri-yasuyuki,野尻 定由,未検出,
park-jongjun,パク ジョンジュン,未検出,
saito-tsubasa,齋藤 翼,未検出,
uehara-taira,上原 平,同名別人疑い(内容未確認・全候補却下),"hitTitle=""上原平""->resolvedTitle=""Uncensored"""
shikijima-kazuma,磯城嶋 一真,未検出,
iino-yuto,飯野 雄斗,未検出,
dinesh-nain,ネイン デイネッシュ,未検出,
yuki-daiki,結城 大樹,未検出,
azumi-kento,安海 健人,未検出,
body-maxthe,マックス・ザ・ボディ,未検出,
tyson-nobumitsu,大尊 伸光,未検出,
tanaka-yu,田中 有,未検出,
valenzuela-victor,ヴィクター バレンズエラ,未検出,
tamura-hibiki,田村 ヒビキ,未検出,
waki-grappler,グラップラー脇,未検出,
yuji-arai,荒井 勇ニ,未検出,
unconfirmed-shooto-1849,沙門,同名別人疑い(内容未確認・全候補却下),"hitTitle=""沙門""->resolvedTitle=""沙門"""
henry,HENRY,未検出,
young-kim,キム ジェヨン,未検出,
noa-tokumoto,徳本 望愛,未検出,
nakamura-miku,中村 未来,同名別人疑い(内容未確認・全候補却下),"hitTitle=""中村未来""->resolvedTitle=""太田未来"""
sugimoto-megumi,杉本 恵,未検出,
hirata-ayane,平田 彩音,未検出,
young-parkseo,パク ソヨン,未検出,
huang-jenny,ジェニー ファン,未検出,
mio-shiyama,嶋屋 澪,未検出,
takamoto-chiyo,高本 千代,未検出,
erika,erika,同名別人疑い(内容未確認・全候補却下),"hitTitle=""erika""->resolvedTitle=""エリカ"""
katayama-tomoe,片山 智絵,未検出,
hoshuyama-momoka,宝珠山 桃花,未検出,
park-bohyun,パク ボヒョン,未検出,
hailaiwusamo,ハイライ ウーシャアモー,未検出,
takada-atsuhi,高田 暖妃,未検出,
satoshogo,佐藤生虎,未検出,
taira,平信一,未検出,
zhangyuta,張豊,同名別人疑い(内容未確認・全候補却下),"hitTitle=""張豊""->resolvedTitle=""張豊"""
suzukiyuto,鈴木悠斗,未検出,
tou-hoiin,透暉鷹,未検出,
okadatakuma,岡田拓真,未検出,
ryoa,Ryo,同名別人疑い(内容未確認・全候補却下),"hitTitle=""Ryo""->resolvedTitle=""Ryo"""
endoraiki,遠藤来生,未検出,
nada,名田英平,未検出,
sekisena,関翔渚,未検出,
itokawayoshito,糸川義人,未検出,
ishidarikuya,石田陸也,未検出,
aratadaiki,荒田大輝,未検出,
satoyujibonsai,佐藤ゆうじ,未検出,
asadulloev,バラカトゥロ・アサドゥラエフ,未検出,
maedakohei,前田浩平,未検出,
gojima-daiki,合島大樹,未検出,
shiraijoji,白井誠司,未検出,
satoru,猿飛流,未検出,
rafaelribeiro,ラファエル・リベイロ,未検出,
masudataiga,増田大河,未検出,
hamamoto,浜本キャット雄大,未検出,
uematsuyoshiki,植松洋貴,未検出,
kobayashiryohei,小林了平,未検出,
kanayumu,菅歩夢,未検出,
yamasakisora,山崎蒼空,未検出,
motokawaharuaki,本川ハルアキ,未検出,
teraokatakuei,寺岡拓永,未検出,
wadaayane,和田綾音,未検出,
raika,ライカ,同名別人疑い(内容未確認・全候補却下),"hitTitle=""ライカ""->resolvedTitle=""ライカ"""
motonomiki,本野美樹,未検出,
