qid,label_ja,label_en,alt_ja,sherdog_id,tapology_id,birth_year
Q101200021,加藤ケンジ,Kenji Katō,,50244,,1990
Q101552912,“ブラックパンサー”ベイノア,Bey Noah,ベイノア|ベイ・ノア,386871,,1995
Q104012994,安保瑠輝也,Rukiya Anpo,,440165,,1995
Q104013440,萩原京平,Kyohei Hagiwara,,245811,,1995
Q104538734,弥益ドミネーター聡志,,,116745,,1990
Q104538809,牛久絢太郎,Juntarō Ushiku,,108967,,1995
Q104538858,芦田崇宏,Takahiro Ashida,,72327,,1989
Q104538906,魚井フルスイング,Furusuingu Uoi,,48055,,1985
Q105258056,SASUKE,SASUKE,,228117,,
Q105258502,大原樹理,Juri Ōhara,,54949,,1990
Q105258926,溝口勇児,Yūji Mizoguchi,ミゾ,,456413-yuji-mizoguchi,1984
Q105259207,鶴屋怜,Rei Tsuruya,,380465,,2002
Q10566654,カルロス天野,Carlos Amano,天野理恵子,48882,,1976
Q105704453,鈴木一史,Kazuhito Suzuki,,189573,,1978
Q105704467,関鉄矢,Tetsuya Seki,,153571,,1994
Q105711494,佐藤将光,Shōkō Satō,,36683,,1987
Q1057477,北岡悟,Satoru Kitaoka,,1756,satoru-kitaoka,1980
Q106478580,三浦彩佳,Ayaka Miura,,164697,68336-miura-ayaka,1990
Q106479447,岡田遼,Ryō Okada,,97145,,1989
Q106479985,瀧澤謙太,Kenta Takizawa,,131311,,1994
Q106993277,渡部修斗,Shooto Watanabe,,95987,,1989
Q106994215,アキラ,Akira,,63782,,1987
Q106994310,井上雄策,Yūsaku Inoue,,45670,,1988
Q107451328,大島沙緒里,Saori Oshima,,361683,250331-saori-oshima,1994
Q10748038,日高郁人,Ikuto Hidaka,ひだか いくと,4678,,1972
Q107621348,篠塚辰樹,Tatsuki Shinotsuka,,473482,,1998
Q108109301,ANIMAL☆KOJI,,,,,1991
Q108109572,伊澤星花,Seika Izawa,,375399,269818-seika-izawa,1997
Q108109936,平良達郎,Tatsuro Taira,,293975,145595-tatsuro-taira,2000
Q108110241,白川陸斗,Rikuto Shirakawa,,204699,,1991
Q108110564,髙橋辰也,,,385962,,
Q10854975,我龍真吾,Shingo Garyū,,235035,,1975
Q109287582,伊藤盛一郎,Seiichirō Itō,,105953,,1993
Q109287692,神田コウヤ,Kōya Kanda,,290771,,1995
Q109318886,石川真,,,,,
Q109594905,中嶋紳乃介,Shinnosuke Nakajima,,,,1992
Q109595024,竿本樹生,Tatsuki Saomoto,,201119,,1996
Q109597344,西谷大成,Taisei Nishitani,,374609,,1996
Q109599189,ユータ&ロック,Yuta & Rock,,77324,,1986
Q110402185,北方大地,Daichi Kitakata,,58645,,1991
Q110403105,三浦孝太,Kōta Miura,,397029,,2002
Q110403137,中田大貴,Hirotaka Nakada,,373058,,1996
Q110403483,新居すぐる,Suguru Nii,,59997,,1991
Q110403724,祖根寿麻,Kazuma Sone,,41120,,1988
Q111110044,伊藤空也,Kūya Itō,,124673,,1996
Q111111971,YUSHI,YUSHI,,397030,,
Q111112338,伊藤裕樹,Yūki Itō,,297589,,1997
Q111112649,宇佐美正パトリック,Sho Patrick Usami,,386853,,2000
Q111112651,宇田悠斗,Yūto Uda,,321191,,1997
Q111112674,宮城友一,Yūichi Miyagi,,18888,,1983
Q111112853,山本空良,Sora Yamamoto,,239271,,2000
Q111112950,平田直樹,Naoki Hirata,,381205,,1997
Q111112974,征矢貴,Takaki Soya,,107829,,1994
Q111113006,手塚裕之,Hiroyuki Tetsuka,,122523,,1990
Q111113537,福田龍彌,Ryūya Fukuda,,87763,,1992
Q111113679,西川大和,Yamato Nishikawa,,277109,,2002
Q111113726,近藤大耶,Hiroya Kondo,,262395,,1998
Q111489066,,Namiko Kawabata,,357075,245554-hime,1987
Q111679066,シビサイ頌真,Shoma Shibisai,日本ヘビー級最後の砦,93841,,
Q111719217,原口央,Akira Haraguchi,,337251,,1995
Q111719908,鈴木隼人,Hayato Suzuki,,112221,,1986
Q11189850,AZUMA,Azuma,,31845,,1987
Q11192033,Barbaro44,Barbaro44,富岡義宏,12072,,1979
Q11214259,玉海力剛,Yukio Kawabe,玉海力 剛,10505,,1966
Q11222258,HARI,Hari,張替美佳,5094,,1982
Q112237876,佐々木大,Hiro Sasaki,,337665,,1996
Q112237910,久保健太,Kenta Kubo,,327057,,1982
Q112238050,木下憂朔,Yūsaku Kinoshita,,382723,,2000
Q112238102,関原翔,Shō Sekihara,,308893,,1993
Q112238106,駒杵嵩大,Takahiro Komakine,,259697,,1991
Q112238111,本田良介,Ryōsuke Honda,,251845,,1991
Q112238112,杉山廣平,Kōhei Sugiyama,,192859,,1995
Q112238117,CORO,CORO,,82458,,
Q112238192,関根“シュレック”秀樹,"Hideki ""Shrek"" Sekine",関根秀樹,53587,,1973
Q112238258,青井人,Jin Aoi,,167105,,1997
Q112238430,中澤達也,Tatsuya Nakazawa,,50735,,1979
Q112238666,安谷屋智弘,Tomohiro Adaniya,,36614,,1987
Q112238745,グラント・ボグダノフ,,,385965,,1994
Q112238795,ZENKI,Zenki,,404656,,1993
Q112238808,雑賀“ヤン坊”達也,,,258823,,1990
Q112239204,黒井海成,Kaisei Kuroi,,,,2001
Q112239333,中務修良,Nobuyoshi Nakatsukasa,,282783,,1986
Q11227821,KG心斗,KG Shinto,,30409,,1982
Q11235896,NOZOMI,Nozomi Dai,だいのぞみ,201815,,1990
Q11242377,SACHI (格闘家),Sachi,山本幸子,19949,,1980
Q11252092,URAKEN,URAKEN,宇良健吾,7164,,1981
Q11264118,砂辺光久,Mitsuhisa Sunabe,,2558,,1979
Q11270132,せり,Seri,斎藤せり,10007,,1975
Q112762438,本野美樹,Miki Motono,,317479,208989-miki-motono,1994
Q11300096,グッドマン田中,Goodman Tanaka,,14441,,1979
Q11301795,ゲーリー・ノムライト,Yohei Nomura,,155769,,1980
Q11309232,ジェット・イズミ,Izumi Noguchi,,7590,,1975
Q11309833,ジャックナイフツネオ,Jackknife Tsuneo,,24406,,1982
Q113119396,YA-MAN,YA-MAN,杉山怜,397380,,1996
Q11312418,ストラッサー起一,Kiichi Kunimoto,国本起一,21039,,1981
Q113154354,山北渓人,Keito Yamakita,,364807,,1996
Q11316001,タカ・クノウ,Takanori Kuno,タカクノウ,14535,,1967
Q11323927,ナナチャンチン,Nana Chanchin,市川奈々,7000,,1978
Q11338146,ホワイト森山,Moriyama Howaito,森山大,8746,,1978
Q11341646,マンモス佐々木,Sasaki Manmosu,浪速嘉則|佐々木嘉則,3717,,1974
Q11344676,モンゴルマン,Asashi Saito,ザ・モンゴルマン,49598,,1970
Q11347638,ランボー宏輔,Kosuke Suzuki,,58924,,1984
Q113565685,新井丈,Jo Arai,,177005,,1998
Q113566744,"柴田""MONKEY""有哉","Yūya ""Monkey"" Shibata",,78899,,1992
Q113566837,風我,,,385974,,
Q113566892,原虎徹,Kotetsu Hara,,375229,,1997
Q113567062,中原由貴,Yoshiki Nakahara,,120707,,1992
Q113567140,菊入正行,,,226289,,1995
Q11358881,上山知暁,Tomoaki Ueyama,,30993,,1974
Q11360885,下川雄生,Yūsei Shimokawa,,11727,,1981
Q11361787,不死身夜天慶,Tenkei Fujimiya,,10742,,1980
Q11361974,世IV虎,Yoshiko,,244157,,1993
Q11363133,中原太陽,Taiyō Nakahara,,4784,,1982
Q11365314,中村優作,Yūsaku Nakamura,,58956,,1986
Q11365361,中村勇太,Yūta Nakamura,,10038,,1982
Q11365794,中村浩士,Hiroshi Nakamura,"中村""アイアン""浩士",12076,,1981
Q11367084,中西良行,Yoshiyuki Nakanishi,,24234,,1985
Q11367087,中西裕一,Yūichi Nakanishi,,4594,,1981
Q11369428,久松勇二,Yūji Hisamatsu,,1731,,1971
Q11372955,井上学,Manabu Inoue,,13116,,1978
Q11373036,井上明子,Akiko Inoue,,10008,,1985
Q11373137,井上由美子,Yumiko Inoue,羽柴まゆみ,9608,,1980
Q11379931,伊藤博之,Hiroyuki Ito,,2279,,1976
Q11380061,伊藤崇文,Takafumi Itō,,800,,1972
Q11382234,佐々木恭介 (格闘家),Kyōsuke Sasaki,,3385,,1979
Q11382247,佐々木憂流迦,Ulka Sasaki,佐々木天狗|佐々木佑太,63070,19984-yuta-sasaki-ulka,1989
Q11383484,佐竹雅昭,Masaaki Satake,佐竹まさあき,316,,1965
Q11383721,佐藤光芳,Mitsuyoshi Satō,,1737,,1977
Q11383872,佐藤堅一,Ken'ichi Satō,,4597,,1971
Q11384202,佐藤洋一郎 (格闘家),Yōichirō Satō,,30407,,1985
Q11384975,佐野哲也,Tetsuya Sano,,41738,,1982
Q11388645,児山佳宏,Yoshihiro Koyama,,13391,,1981
Q11388963,入江秀忠,Hidetada Irie,琴入江秀忠|入江大和,6663,,1969
Q11391829,八隅孝平,Kōhei Yasumi,,1285,4575-kohei-yasumi,1978
Q11394503,内藤征弥,Yukiya Naitō,,4737,,1977
Q11395094,冨宅飛駈,Takaku Fuke,富宅飛駈|富宅祐輔|冨宅祐輔|ふけたかく,669,,1969
Q11395119,冨樫健一郎,Ken'ichirō Togashi,富樫健一郎,2231,,1980
Q11399068,加藤友弥,Tomoya Katō,,31191,,1984
Q11399528,加藤誠,Makoto Kato,,1728,,1976
Q11400354,勝村周一朗,Shūichirō Katsumura,,1291,,1976
Q11401948,北村克哉,Katsuya Kitamura,きたむら かつや,394289,,1985
Q11410246,及川千尋,Chihiro Oikawa,,42436,,1987
Q11411276,古木克明,Katsuaki Furuki,,74780,,1980
Q11413174,吉本光志,Kōji Yoshimoto,,17290,,1980
Q11413376,吉永啓之輔,Keinosuke Yoshinaga,,31182,,1983
Q11413769,吉田幸治,Kōji Yoshida,,13343,,1974
Q11413924,吉田正子,Masako Yoshida,,9610,,1983
Q11418012,和田拓也,Takuya Wada,,1295,,1978
Q11418093,和田竜光,Tatsumitsu Wada,,28152,,1988
Q11418111,和田良覚,Ryōgaku Wada,,4080,,1963
Q11418595,唐沢仁義,Jingi Karasawa,,,,1969
Q11423250,土屋大喜,Taiki Tsuchiya,,29150,,1984
Q11427829,堀鉄平,Teppei Hori,,31180,,1976
Q11429179,増山ともえ,,,,,
Q11430022,夏樹☆たいよう,Natsuki Taiyo,水嶋なつみ|夏樹☆ヘッド|夏樹☆qe94,19634,,1984
Q11430443,外岡真徳,Masanori Tonooka,,25438,,1973
Q11430529,外薗晶敏,Akitoshi Hokazono,,3608,,1977
Q11432602,大刀光電右エ門,Den'emon Tachihikari,太刀光修|大刀光修|大刀光,314,,1963
Q11434112,大塚隆史,Takafumi Ōtsuka,,19056,takafumi-otsuka,1986
Q11434365,大室奈緒子,Naoko Ōmuro,,7002,,1976
Q11438201,大石幸史,Koji Oishi,,249,,1977
Q11438240,大石真丈,Masahiro Ōishi,,1200,,1968
Q11439822,大門まい子,Maiko Ōkado,,10010,,1977
Q11441900,大飛翔誠志,Seiji Daihishō,小椋誠志,13369,,1973
Q11443331,天突頑丈,Ganjō Tentsuku,宮坂裕介,7717,,1982
Q11446038,奥田正勝,Masakatsu Okuda,,8108,,1976
Q11451329,安藤晃司,Kōji Andō,,34270,,1985
Q11451382,安藤純,Jun Andō,,16801,,
Q11453156,宮下トモヤ,Tomoya Miyashita,宮下智也,6959,,1981
Q11455072,宮澤元樹,Motoki Miyazawa,宮沢元樹,13678,,1985
Q11456997,富松恵美,Emi Tomimatsu,,19272,19822-emi-tomimatsu,1982
Q11457264,富田里奈,Rina Tomita,,40764,,1984
Q11459799,亜利弥’,Aliya,小山亜矢,7004,,1973
Q11461703,小林歩,Ayumu Kobayashi,,24245,,1980
Q11462068,小森亮介,Ryōsuke Komori,,41766,,1986
Q11462300,小池秀信,Hidenobu Koike,,5850,,1976
Q11463825,小路伸亮,Shinsuke Shōji,,13120,,1979
Q11464138,小野武志,Takeshi Ono,,8306,,1974
Q11465961,山下志功,Shikō Yamashita,,1310,,1973
Q11466757,山口守,Mamoru Yamaguchi,,1175,,1977
Q11467979,山崎剛,Takeshi Yamazaki,,1359,,1977
Q11469277,山本篤,Atsushi Yamamoto,,9634,,1980
Q11469295,山本美憂,Miyū Yamamoto,池田美憂|佐々木美憂|井上美憂,231061,138279-miyu-yamamoto,1974
Q11470265,山田哲也,Tetsuya Yamada,,24901,,1990
Q11470302,山田学,Manabu Yamada,,742,,1969
Q11473013,岡嵜康悦,Kōetsu Okazaki,,10192,,1979
Q11473451,岡田円,Madoka Okada,,13633,,1988
Q11474180,岩倉豪,Tsuyoshi Iwakura,,45669,,1970
Q11474560,岩崎達也,Tatsuya Iwasaki,,,,1969
Q11477897,川原誠也,Seiya Kawahara,,23708,,1988
Q11477938,川口健次,Kenji Kawaguchi,,436,,1968
Q11479061,川畑千秋,Chiaki Ota,,9603,,1977
Q11479325,川那子祐輔,Yūsuke Kawanago,,22908,,1983
Q11479805,巨椋修,Osamu Ogura,,,,1961
Q11480055,市原海樹,Minoki Ichihara,,35,,1968
Q11481212,帯谷信弘,Nobuhiro Obiya,土志田信弘,5793,,1981
Q11481795,幕大輔,Daisuke Maku,,36440,,1983
Q11483432,平直行,Naoyuki Taira,,1525,,1963
Q11486234,庵谷鷹志,Takashi Iotani,庵谷デビルマン鷹史,19595,,1973
Q11487189,弘中邦佳,Kuniyoshi Hironaka,,2575,,1976
Q11490492,徹肌ィ郎,Hadairō Tetsu,徹肌イ郎,9578,,1977
Q11490810,志々目徹,Tōru Shishime,,,,1992
Q11491102,志田幹,Miki Shida,,3659,,1974
Q11492511,悠羽輝,Yuki Niimura,新村優貴,83988,,1982
Q11496213,戸井田カツヤ,Katsuya Toida,戸井田克也|といだ かつや|トイカツ,1272,katsuya-toida,1977
Q11496829,扇久保博正,Hiromasa Ōgikubo,,18883,,1987
Q11497200,才賀紀左衛門,Kizaemon Saiga,,175639,,1989
Q11503948,新美吉太郎,Yoshitarō Niimi,,13390,,1979
Q11504913,日出ノ国太子郎,Taishirō Hidenokuni,太子郎,8796,,1974
Q11511282,早川光由,Mitsuyoshi Hayakawa,,3742,,1975
Q11511909,昇侍,Shoji Maruyama,丸山昌治,18886,,1983
Q11513093,星野勇二,Yūji Hoshino,,1730,,1975
Q11513109,星野大介,Daisuke Hoshino,,23942,,1981
Q11513175,星野育蒔,Ikuma Hoshino,,3735,,1981
Q11518167,木内崇雅,Takamasa Kiuchi,,71317,,1987
Q11518463,木暮聡,Satoru Kogure,,75041,,1986
Q11518991,木村浩一郎,Koichiro Kimura,木村浩一朗|スーパー宇宙パワー,455,,1969
Q11519148,木村響子,Kyōko Kimura,,86296,,1977
Q1151941,長南亮,Ryo Chonan,,1831,,1976
Q11520423,本村康博,Yasuhiro Motomura,,28154,,1983
Q11521006,本間祐輔,Yūsuke Honma,,59966,,1981
Q11521734,杉内由紀,Yuki Sugiuchi,古舘由紀,11993,,1980
Q11522190,杉江大輔,Daisuke Shiraki,杉江アマゾン大輔,1352,,1980
Q11523135,村山暁洋,Akihiro Murayama,,8745,7513-akihiro-murayama,1980
Q11523346,村浜武洋,Takehiro Murahama,村濱武洋|村浜テイクヒーロー|村浜TAKE HERO,1502,,1974
Q11523351,村濱天晴,Takaharu Murahama,村浜天晴,1246,,1972
Q11523421,村田夏南子,Kanako Murata,,219081,129348-kanako-murata,1992
Q11531120,松本晃市郎,Kōichirō Matsumoto,ジョビン,22401,,1986
Q11531235,松本秀彦,Hidehiko Matsumoto,,3653,,1972
Q11531511,松根良太,Ryōta Matsune,,1340,,1982
Q11537417,桑原卓也,Takuya Kuwabara,,1202,,1972
Q11538094,桜木裕司,Yuji Sakuragi,,10749,,1977
Q11538691,梅野源治,Genji Umeno,,467326,,1988
Q11540305,森藤美樹,Miki Morifuji,,14524,,1977
Q11540630,植松直哉,Naoya Uematsu,,1174,,1978
Q11540727,植田豊,Yutaka Ueda,,58004,,1986
Q11543870,橋本友彦,Tomohiko Hashimoto,MAKEHEN,4503,,1977
Q11546228,武田美智子,Michiko Takeda,,11171,,1975
Q11547652,毛利昭彦,Akihiko Mōri,,10044,,1975
Q1154771,桜庭和志,Kazushi Sakuraba,,84,kazushi-sakuraba-the-gracie-hunter,1969
Q11548892,水波綾,Ryō Mizunami,水村綾菜|水村綾,,,1988
Q11552080,池田祥規,Yoshinori Ikeda,,15395,,1973
Q115528950,涌井忍,,,191593,,
Q115529575,上迫博仁,Hiroto Uesako,,91247,,
Q115530066,横山武司,Takeji Yokoyama,,401325,,1996
Q115530136,川名TENCHO雄生,"Yūki ""Tencho"" Kawana",,53706,,
Q11557313,浅野倫久,Michihisa Asano,,13522,,1980
Q11557401,浅野篤司,Atsushi Asano,,14159,,1981
Q11557673,浜崎朱加,Ayaka Hamasaki,,45332,25649-ayaka-hamasaki,1982
Q11559119,海老原まどか,Madoka Ebihara,♂ha@THE♀,19270,,1986
Q11559987,深岬パトラ,Patra Misaki,小澤深岬,40763,,1986
Q11560271,深見智之,Tomoyuki Fukami,,7693,,1978
Q11560791,清水俊一,Shun'ichi Shimizu,,22677,shunichi-shimizu,1985
Q11561682,渋谷修身,Osami Shibuya,,801,,1976
Q11562168,渡辺大介,Daisuke Watanabe,,1050,,1977
Q11565266,滝田J太郎,Jeitarō Takita,,3989,,1973
Q11565961,澤田敦士,Atsushi Sawada,,152807,,1983
Q11566182,濱村健,Ken Hamamura,浜村健,9719,,1983
Q11566305,瀧川リョウ,Ryō Takigawa,瀧川りょう|滝川リョウ|滝川りょう,19104,,1970
Q11566331,瀧本美咲,Misaki Takimoto,滝本美咲,6975,,1980
Q11566959,火若津将軍,Shōgun Kawakatsu,川勝将軍|川勝三朗|かわかつ しょうぐん|かわかつ さぶろう,1251,,1974
Q11569668,片岡亮,Ryō Kataoka,片岡幻亮,,,1973
Q11569782,片岡誠人,Masato Kataoka,,51011,,1977
Q11572078,猿丸ジュンジ,Junji Ito,,23226,,1986
Q11574165,瓜田幸造,Kozo Urita,,10387,,1974
Q11575371,田中半蔵,Hanzō Tanaka,田中宏茂,30643,,1981
Q11575813,田中章仁,Akihito Tanaka,,41747,,1983
Q11577091,田沼良介,Ryōsuke Tanuma,,30046,,1981
Q11577140,田澤和久,Kazuhisa Tazawa,,23563,,1979
Q11577147,田澤聡,Sō Tazawa,,8671,,1982
Q11584352,矢野卓見,Takumi Yano,ヤノタク,2280,,1970
Q11584363,矢野啓太,Keita Yano,,197367,,1988
Q11585301,石原美和子,Miwako Ishihara,,4233,,1970
Q11586348,石川英司,Eiji Ishikawa,,1727,,1979
Q11586411,石川隆彦,Takahiko Ishikawa,,,,1917
Q11586414,石川雄規,Yūki Ishikawa,石川豊彦,3157,,1967
Q11586726,石毛大蔵,Daizō Ishige,,11250,,1980
Q11590947,神酒龍一,Ryūichi Miki,三木龍一,13392,,1983
Q11596478,稲垣克臣,Katsuomi Inagaki,,667,,1969
Q11596724,稲津航,Wataru Inatsu,,15161,,1984
Q11598527,端貴代,Takayo Hashi,,11605,takayo-hashi,1977
Q11598836,竹内出,Izuru Takeuchi,,1258,,1974
Q11599379,竹田誠志,Masashi Takeda,,21212,,1985
Q11603564,篠原光,Hikaru Shinohara,,6971,,1974
Q11606322,組坂幸喜,Kōki Kumisaka,くみさか こうき,,,1965
Q11609117,美木航,Wataru Miki,,3388,,1980
Q11609336,美花,Mika,林美花,17737,,1976
Q11610383,羽賀龍之介,Ryūnosuke Haga,,,,1991
Q11613306,臼田勝美,Katsumi Usuda,,1990,,1970
Q11613309,臼田育男,Ikuo Usuda,,35398,,1980
Q11613575,舞 (格闘家),Maiko Takahashi,,9605,,1973
Q11615524,花澤大介,Daisuke Hanazawa,花澤大介13,7683,,1976
Q11616040,芹澤健市,Ken'ichi Serizawa,,1830,,1969
Q11617095,茂木康子,Yasuko Mogi,,14528,,1969
Q11619137,菅原伊織,Iori Sugawara,,,,1978
Q11619920,菊野克紀,Katsunori Kikuno,,16806,katsunori-kikuno,1981
Q11620755,葉山智昭,Tomoaki Hayama,,446,,1970
Q11622899,藤井陸平,Rikuhei Fujii,,19235,,1984
Q11629450,西良典,Yoshinori Nishi,,472,,1955
Q11632181,謙吾,Kengo,渡部謙吾,1049,,1976
Q11633891,豊永稔,Minoru Toyonaga,,320,,1978
Q11635321,赤井太志朗,Tashirō Akai,西内太志朗,1498,,1980
Q11638783,近藤定男,Sadao Kondō,,28153,,1979
Q11642215,遠藤大翼,Daisuke Endō,,26518,,1982
Q11642369,遠藤雄介,Yūsuke Endō,,7519,,1983
Q11645165,野口悠介,Yūsuke Noguchi,,43716,,1983
Q11645268,野地竜太,Ryūta Noji,,10969,,1978
Q11646330,金井一朗,Ichirō Kanai,,4502,,1982
Q11646595,金原泰義,Yasunori Kanehara,,16529,,1981
Q11648147,釜谷真,Makoto Kamaya,,19343,,1983
Q11648658,鈴木博昭,Hiroaki Suzuki,,392230,,1984
Q11651468,長井満也,Mitsuya Nagai,魔界5号|長井弘和,3352,,1968
Q11651878,長尾浩志,Hiroshi Nagao,ジャイアント・バボ,71288,,1979
Q11653831,長谷川悟史,Satoshi Hasegawa,,883,,1976
Q11653941,長谷川秀彦,Hidehiko Hasegawa,,5417,,1978
Q11655789,関忠則,Tadanori Seki,,54790,,1971
Q11657778,阿部博之,Hiroyuki Abe,,20221,,1977
Q11664622,須田匡昇,Masanori Suda,,440,,1973
Q11667858,馬場勇気,Yūki Baba,,22671,,1987
Q11670000,高木健太,Kenta Takagi,,36173,,1986
Q11670520,高林恭子,Kyōko Takabayashi,,13409,,1981
Q11675053,鳥生将大,Masahiro Toryū,,20516,,1983
Q116752893,,Shohei Yamamoto,,,,
Q11676015,鶴巻伸洋,Nobuhiro Tsurumaki,,1273,,1971
Q11677027,鹿又智成,Tomonari Kanomata,,5792,,1979
Q11678755,黒石高大,Takahiro Kuroishi,,36428,,1986
Q11679146,齋藤裕俊,Hirotoshi Saitō,斉藤裕俊,31881,,1984
Q116936024,春日井“寒天”たけし,,,49771,,1988
Q116936029,江藤公洋,,,139631,,1988
Q116936400,平本丈,Jyo Hiramoto,,422172,,2003
Q116937109,鈴木槙吾,Shingo Suzuki,,36613,,1986
Q116937230,谷山尚未,Naomi Taniyama,,105591,,1984
Q116937325,三上ヘンリー大智,Daichi Henry Mikami,,392951,,1996
Q116937340,五明宏人,Hiroto Gomyō,,404716,,1995
Q117037901,信原空,Sora Nobuhara,勾配ニキ,430071,,
Q1171177,中邑真輔,Shinsuke Nakamura,,6361,,1980
Q117844297,須田萌里,Moeri Suda,,373052,,2004
Q118697071,山本琢也,,,131399,,1994
Q118726934,古林礼名,Rena Kobayashi,,,,1992
Q118748153,亀田一鶴,Ikkaku Kameda,,,,
Q1188451,髙田延彦,Nobuhiko Takada,髙田伸彦|高田延彦|高田伸彦,293,nobuhiko-takada,1962
Q119345539,山本聖悟,,,192997,,1995
Q119517846,渡辺彩華,Ayaka Watanabe,,376966,280986-ayaka-watanabe,1997
Q119929758,高橋雄己,Yūki Takahashi,,382672,,1999
Q119930066,風間敏臣,Toshiomi Kazama,,373059,,1997
Q119930067,木下タケアキ,Takeaki Kinoshita,,329741,,1996
Q119930070,星野豊,Yutaka Hoshino,,128791,,1994
Q119930073,飯野健夫,Tateo Iino,,120699,,1986
Q120402600,高野優樹,Yūki Takano,,167485,,
Q121354627,ノッコン寺田,Nokkon Tereda,寺田幸司,,456394-nokkon-terada,1984
Q121355278,松場貴志,,,129427,,1991
Q121652802,鹿志村仁之介,Jinnosuke Kashimura,,364821,,2001
Q122470716,澤田千優,Chihiro Sawada,沢田千優,383765,,1997
Q122945610,村上彩,Aya Murakami,,373053,265120-aya-murakami,1992
Q123405825,樋口武大,,,46336,,1988
Q123408592,"荒東""怪獣キラー""英貴",Hidetaka Aratō,,342657,,1988
Q124096775,冨澤大智,Daichi Tomizawa,,468530,,1997
Q124096924,YURA,Yura,甲野裕頼,,344239-yura,2003
Q124097324,エスカル御殿,,,,,1970
Q124479932,安井飛馬,,,430430,,2000
Q124479999,芳賀ビラル海,,,403673,,1996
Q124480110,高木凌,,,390300,,1999
Q125324207,重田ホノカ,Honoka Shigeta,,422358,,
Q125481634,小野正之助,Masanosuke Ono,,,571855-masanosuke-ono,2004
Q125949382,ケイト・ロータス,Kate Lotus,,,,1998
Q126005325,井原良太郎,Ryotaro Ihara,路上に花咲く天才喧嘩坊や|いはら りょうたろう|アンパンマンチョコニキ|キノコ,,,1995
Q126005409,,,,400520,,1990
Q126005464,野瀬翔平,Shōhei Nose,,287017,,1997
Q126005530,倉本大悟,,,410628,,1994
Q126005567,力也,,,364823,,1992
Q126005569,RYOGA,RYOGA,,381199,,
Q126005793,高橋遼伍,,,84427,,1989
Q126005809,金田一孝介,Kōsuke Kindaichi,,47762,,1989
Q126005838,秋元強真,,,406648,,2006
Q126006289,ジョリー,,,272953,,1997
Q126934596,,Tatsuya Ando,,174625,76663-tatsuya-ando,1990
Q130725813,宇佐美秀メイソン,Meison Hide Usami,,404657,307522-mason-shu-usami,
Q130726495,野村駿太,Shunta Nomura,,393461,,1997
Q130726734,平松翔,Shō Hiramatsu,,218673,,1994
Q130726879,窪田泰斗,Taito Kubota,,82600,,1989
Q130726907,小崎連,Ren Ozaki,,398391,,2001
Q130726921,後藤丈治,Jōji Gotō,,220099,,1996
Q131010569,赤田功輝,Koki Akada,赤田プレイボイ功輝,461153,,1998
Q131225954,,,,96011,,
Q131353598,太田将吾,,太田　将吾|太田 将吾|オールドルーキー,410090,,1984
Q131758269,,Shudai Harada,,,406574-shudai-harada,2001
Q132431723,芦田和幸,Kazuyuki Ashida,,,,1986
Q132431879,三宅輝砂,Kisa Miyake,,246539,,1999
Q132432372,横内三旺,San'ō Yokouchi,,434731,,2006
Q132432374,酒井リョウ,Ryō Sakai,,88759,,1987
Q132432375,木村柊也,Shūya Kimura,,439389,,2000
Q132432395,飴山聖也,Seiya Ameyama,,422171,,2002
Q132462059,海飛,Kaito,,385960,,1999
Q133271441,渡邉史佳,Fumika Watanabe,,421311,,
Q1336512,須藤元気,Genki Sudo,,1227,genki-sudo-neo-samurai,1978
Q133826011,鮫島るい,Rui Samejima,武村綾華,295585,195354-aya,1992
Q134508312,浦川大将,Hiromasa Urakawa,,,245386-hiromasa-urakawa,1997
Q134992743,池内紀子,Noriko Ikeuchi,,,285998-noriko-ikeuchi,1999
Q135687245,,Shigetoshi Kotari,,,261371-shigetoshi-kotari,1996
Q135689416,ソルト,,,398309,,1990
Q135689441,,,成田柊,382139,,
Q135690020,エフェヴィガ雄志,Yuji Ephoeviga,,403678,,1999
Q136298515,北本隼輔,Shunsuke Kitamoto,,,503236-shunsuke-kitamoto,2000
Q136338017,大井すず,,,472119,,2005
Q136692912,中村京一郎,Keiichirō Nakamura,,403670,,
Q136692992,ゴングマン,Gongman,,,,
Q1376088,小川直也,Naoya Ogawa,,307,naoya-ogawa,1968
Q138642071,ジェリオ・サン・ピエール,Jerio San Pierre,,,,2002
Q138808941,福元健史,Takeshi Fukumoto,ふくもとたけし|Takeshi Fukumoto,Takeshi-Fukumoto-407981,503043-takeshi-fukumoto,1976
Q1395975,獣神サンダー・ライガー,Jushin Liger,獣神ライガー|獣神サンダーライガー|山田惠一|山田恵一,5973,,1964
Q15395513,田中路教,Michinori Tanaka,,71942,,1990
Q15984578,徳留一樹,Kazuki Tokudome,,26192,kazuki-tokudome,1987
Q15987739,鈴木信達,Nobutatsu Suzuki,,15160,,1977
Q15987743,高田浩也,Hiroya Takada,,1501,,1977
Q15987792,久米鷹介,Takasuke Kume,,21731,8848-takasuke-kume,1985
Q15987810,ゴイチ・ヤマウチ,Goiti Yamauchi,,48629,36559-goiti-yamauchi,1993
Q16566256,倉本一真,Kazuma Kuramoto,,269069,,1986
Q16769563,ISAO,ISAO,,36680,,1988
Q16770400,岸本泰昭,Yasuaki Kishimoto,,21996,,1984
Q1705122,鈴木みのる,Minoru Suzuki,鈴木実,666,,1968
Q1705780,佐山聡,Satoru Sayama,初代タイガーマスク|佐山サトル|サミー・リー,,,1957
Q17158832,山本アーセン,Erson Yamamoto,佐々木アーセン,211093,,1996
Q17160466,TAISHO,Tomomi Iwama,,6077,,1977
Q17221921,矢地祐介,Yūsuke Yachi,,44738,,1990
Q17224941,中井光義,Mitsuyoshi Nakai,,54006,,1989
Q17349970,佐々木信治,Sasaki Shinji,,14367,,1980
Q17349973,佐藤天,Takashi Satō,,147403,,1990
Q17361532,元谷友貴,Yūki Motoya,もとや ゆうき,66241,,1989
Q1739023,佐々木健介,Kensuke Sasaki,パワー・ウォリアー,2641,,1966
Q17686925,巽宇宙,Uchū Tatsumi,,430,,1972
Q18349579,菅野浩之,Hiroyuki Kanno,,10871,86208-hiroyuki-kanno,1969
Q18353212,,Kyuhei Ueno,,1183,9728-kyuhei-ueno-mikage,1971
Q18383496,北田俊亮,Toshiaki Kitada,,20561,,1980
Q18387703,,Takenori Ito,,1239,,1993
Q18390508,スーパーライダー,Yuichi Watanabe,渡部優一|仮面シューター・スーパーライダー|仮面シューター・スーパー・ライダー|ホッパー・キング|“仮面シューター”スーパー・ライダー,8794,,1962
Q18390562,富士豊,Yutaka Fuji,,10870,,
Q18392990,小楠健志,Kenji Ogusu,おぐすけんじ,11112,109159-kenji-ogusu,1971
Q18545794,越智晴雄,Haruo Ochi,,29147,,1984
Q18545803,金山亜莉紗,Arisa Kanayama,,390313,,1994
Q18683761,,Kazuya Abe,,1279,9638-kazuya-abe-abkz,1975
Q18686228,藤崎聡,Satoshi Fujisaki,,1242,9640-satoshi-fujisaki,1974
Q18686231,,Masato Fujiwara,,1222,,1976
Q18687926,井上和浩,Kazuhiro Inoue,,1319,,1973
Q18687947,石川誠,Makoto Ishikawa,,1277,5661-makoto-ishikawa,1974
Q18817645,シバター,Shibatar,齋藤光,78906,,1985
Q18817670,潤鎮魂歌,Jun Requiem,中村潤,79395,,1984
Q19364555,,Hiroki Kotani,,1245,3246-hiroki-kotani,1971
Q19364594,桜井隆多,Ryuta Sakurai,,1270,ryuta-sakurai,1971
Q19560557,ジオ大森,Geo Omori,,,,1898
Q19561045,,Jun Kitagawa,,1260,,1973
Q19577433,,Masaki Nishizawa,,1268,,1972
Q19578015,,Kazumichi Takada,,1254,3497-kazumichi-takada,1977
Q19578017,高橋大児,Daiji Takahashi,,1321,,1977
Q19578134,鶴屋浩,Hiroshi Tsuruya,,1259,,1970
Q19578371,,Jinzaburo Yonezawa,,1284,,1977
Q19666844,小島弘之,Hiroyuki Kojima,,1218,,1975
Q19666958,,Masato Suzuki,,1185,,
Q19668591,,Kimihito Nonaka,,1199,2289-kimihito-nonaka,1968
Q20011567,松田干城,Tateki Matsuda,,45607,,1986
Q20030028,太田忍,Shinobu Ōta,,378738,279365-shinobu-ota,1993
Q20038580,安西信昌,Shinsho Anzai,,47183,,1985
Q2069759,石井慧,Satoshi Ishii,石井彗,41887,satoshi-ishii,1986
Q2073061,長島☆自演乙☆雄一郎,Yuichiro Nagashima,長島雄一郎|長島自演乙雄一郎|長島自演乙雄一朗,19340,,1984
Q20736459,,Hiroshi Umemura,,1308,,1972
Q20744802,レッツ豪太,Gota Yamashita,山下豪太,62831,24160-gota-yamashita-lets-gota,1989
Q2080446,船木誠勝,Masakatsu Funaki,船木優治,671,,1969
Q2086223,藤田和之,Kazuyuki Fujita,,315,egidijus-valavicius,1970
Q2090890,近藤有己,Yuki Kondo,近藤 有|こんどう ゆうき,263,yuki-kondo,1975
Q21019258,中島太一,Taichi Nakajima,,84217,,1989
Q21621538,石原夜叉坊,Teruto Ishihara,,78898,,1991
Q21642647,加藤久輝,Hisaki Kato,,125695,,1982
Q21700871,長倉立尚,Tatsunao Nagakura,長倉 立尚,41776,,1984
Q22119284,高森啓吾,Keigo Takamori,,8583,,1976
Q22124707,宮崎直人,Naoto Miyazaki,,30991,,1983
Q22124860,MAX宮沢,MAX Miyazawa,,4680,,1971
Q22124940,松本崇寿,Takatoshi Matsumoto,,68682,,1991
Q22124960,松本天心,Tenshin Matsumoto,,5908,,1968
Q22127042,タケシマケンヂ,Kenji Takeshima,,,,1987
Q22127407,岡田剛史,Tsuyoshi Okada,,2359,,1979
Q22127911,平安孝行,Takayuki Hirayasu,,18889,,1980
Q22128085,奥田啓介,Keisuke Okuda,,213277,,1991
Q22128369,齊藤曜,Yo Saito,,47931,,1985
Q22129903,篠宮敏久,Toshihisa Shinomiya,,77347,,
Q22131111,加賀谷大,Hiroshi Kagaya,,77344,,1985
Q2271450,戦闘竜,Sentoryū Henri,ヘンリー・アームストロング・ミラー|戦闘竜扁利|戦闘竜広光|ヘンリー・ミラー,10217,,1969
Q2295056,吉田秀彦,Hidehiko Yoshida,,5920,hidehiko-yoshida,1969
Q22973417,SARAMI,Satomi Takano,,93835,29938-satomi-takano,1990
Q2370844,緒方亜香里,Akari Ogata,,415723,362906-akari-ogata,1990
Q23779749,ジェイク・リー,Jake Lee,,130511,,1989
Q24283701,華 DATE,Hana DATE,,207261,,1997
Q24340629,里奈,Rina,法DATE|法 Date|NØRI,207259,,1998
Q24859925,阿部貴広,Takahiro Abe,,155707,,1980
Q24875170,五十嵐涼亮,Ryosuke Igarashi,,220089,,1993
Q24875305,与国秀行,Hideyuki Yokuni,谷山秀行,31192,,1976
Q24876909,中村憲輔,Kensuke Nakamura,,61951,,1981
Q24896955,山本裕次郎,Yujiro Yamamoto,,25572,,1978
Q24897434,山崎悠輝,Yuki Yamasaki,,113189,,1992
Q24956001,クレベル・コイケ,Kleber Koike Erbst,,38593,3527-kleber-koike-erbst,1989
Q2525256,五味隆典,Takanori Gomi,,425,takanori-gomi-the-fireball-kid,1978
Q25266077,樋口黎,Rei Higuchi,,,563572-rei-higuchi,1996
Q25266091,KAREN,Karen Date,華蓮DATE,225469,,2003
Q2605547,川尻達也,Tatsuya Kawajiri,"クラッシャー,",1326,tatsuya-kawajiri-crusher,1978
Q262690,水野竜也,Tatsuya Mizuno,,18538,,1981
Q2699043,三崎和雄,Kazuo Misaki,,1829,,1976
Q2703841,岡見勇信,Yushin Okami,,5569,yushin-okami-thunder,1981
Q27917440,蓮實光,Hikaru Hasumi,,76194,,1986
Q27921254,貴源治賢,Takagenji Satoshi,,402617,,1997
Q28069011,渡辺良知,Yoshitomo Watanabe,,19226,,1985
Q28069164,増田裕介,Yusuke Masuda,,12925,,1980
Q280763,藪下めぐみ,Megumi Yabushita,,5095,,1972
Q28687318,永江真也,Shinya Nagae,,112219,,1984
Q289786,風香,Fūka Kakimoto,柿本風香,14525,,1984
Q2936949,宇野薫,Caol Uno,,283,caol-uno-uno-shoten,1975
Q3025614,永田裕志,Yuji Nagata,,3422,2032-yuji-nagata,1968
Q30502025,井上直樹,Naoki Inoue,,158487,60855-naoki-inoue,1997
Q3082436,宮田和幸,Kazuyuki Miyata,,11707,,1976
Q30922488,藤田雅幸,Masayuki Fujita,,157869,,1975
Q30927056,直DATE,Nao DATE,,209337,,1997
Q30931873,兼平大介,Daisuke Kanehira,,64836,,1984
Q3098857,桜井速人,Hayato Sakurai,"桜井マッハ速人|桜井""マッハ""速人",432,hayato-sakurai-mach,1975
Q3098906,ミノワマン,Ikuhisa Minowa,美濃輪育久,250,,1976
Q3108267,泉浩,Hiroshi Izumi,,52100,,1982
Q3136380,横井宏考,Hirotaka Yokoi,,1334,,1978
Q3174577,中村和裕,Kazuhiro Nakamura,,6943,,1979
Q323675,北尾光司,Kōji Kitao,双羽黒光司|双羽黒|北尾光覇,134,,1963
Q3242787,中井りん,Rin Nakai,,18887,rin-nakai,1986
Q3275696,高山善廣,Yoshihiro Takayama,髙山善廣|髙山善広|高山善広,2209,,1966
Q3291394,高阪剛,Tsuyoshi Kosaka,,190,tsuyoshi-kosaka-tk,1970
Q3343678,山本徳郁,Norifumi Yamamoto,"額少年|GAKUS|山本KID徳郁|山本“KID”徳郁|山本""KID""徳郁",1354,norifumi-yamamoto-kid,1977
Q3453178,佐藤ルミナ,Rumina Sato,,421,,1973
Q3514206,杉浦貴,Takashi Sugiura,,4837,,1970
Q3544327,桜庭あつこ,Atsuko Sakuraba,櫻庭あつこ,5098,,1976
Q3544655,坂井澄江,Sumie Sakai,,19412,,1971
Q3573150,中井祐樹,Yuki Nakai,中井裕樹,429,,1970
Q3783656,日沖発,Hatsu Hioki,,5466,,1983
Q378715,大沢ケンジ,Kenji Osawa,,6961,kenji-osawa,1976
Q379021,石田光洋,Mitsuhiro Ishida,,2225,,1978
Q38276105,風田陣,Jin Kazeta,,3485,,1971
Q38276186,スダリオ剛,Takanofuji Sanzo,貴公俊 剛|貴ノ富士 三造,375500,271208-tsuyoshi-sudario-takanofuji-sanzo,1997
Q38277024,サイレンサー,Silencer,,1790,,1981
Q38277033,KINGレイナ,KING Reina,,209339,,1996
Q3874914,永田克彦,Katsuhiko Nagata,,14811,,1973
Q3885314,垣原賢人,Masahito Kakihara,ミヤマ仮面|ミヤマ☆仮面,11464,,1972
Q4057557,東孝,Takashi Azuma,,,,1949
Q41152,曙太郎,Akebono Tarō,モンスターボノ|モンスター・ボノ|チャド・ローウェン・ジョージ・ハヘオ|グレート・ボノ|曙,11899,,1969
Q4120094,高瀬大樹,Daiju Takase,,226,,1978
Q41693266,仙三,Senzo Ikeda,,88753,,1982
Q42171690,武尊,Takeru Segawa,世川武尊,432093,,1991
Q4220449,菊地昭,Akira Kikuchi,,3483,2348-akira-kikuchi,1978
Q42302288,那須川天心,Tenshin Nasukawa,,241529,146669-tenshin-nasukawa,1998
Q43424936,論田愛空隆,Akuri Ronda,,116747,,1989
Q4352443,廣田瑞人,Mizuto Hirota,,12078,,1981
Q45207,アントニオ猪木,Antonio Inoki,猪木寛至|猪木事務所|燃える闘魂|リトル・トーキョー・トム|モハメッド・フセイン|ミスター・カジモト|カンジ・イノキ|イノキ・ペールワン,,,1943
Q45819117,中村倫也,Rinya Nakamura,,386855,296781-tomoya-nakamura,1995
Q45819137,河名真寿斗,Masuto Kawana,,387670,,1995
Q45819258,渡辺華奈,Kana Watanabe,渡辺 華奈,265441,168540-kana-watanabe,1988
Q461065,藤井惠,Megumi Fujii,秒殺女王|Mega Megu,11512,,1974
Q4673000,アレクサンダー大塚,Alexander Otsuka,大塚崇,5,alexander-otsuka-the-diet-butcher,1971
Q4700906,安達明彦,Akihiko Adachi,,2229,45686-akihiko-adachi,1965
Q4700928,郷野聡寛,Akihiro Gono,DJ GOZMA,1217,,1974
Q4701157,前田日明,Akira Maeda,前田明,5022,,1959
Q4701184,小路晃,Akira Shoji,,10,akira-shoji,1974
Q4701246,田村彰敏,Akitoshi Tamura,,1365,akitoshi-tamura-ironman,1980
Q4701279,西浦聡生,Akiyo Nishiura,"西浦""ウィッキー""聡生|ウィッキー聡生",13085,,1983
Q47465007,藤田大和,Yamato Fujita,,263877,,1992
Q47465008,浅倉カンナ,Kanna Asakura,,176903,79993-kanna-asakura,1997
Q47470350,阿部大治,Daichi Abe,,191861,,1991
Q4803483,小寺麻美,Asami Kodera,,7087,,1978
Q484409,金泰泳,Taiei Kin,,17381,,1970
Q4845534,瀧本誠,Makoto Takimoto,,11814,makoto-takimoto,1974
Q487335,秋山成勲,Yoshihiro Akiyama,秋成勲|チュ・ソンフン,11895,yoshihiro-akiyama-sexyama,1975
Q48749327,井土徹也,Tetsuya Izuchi,,414644,,2000
Q4921076,RENA,Rena Kubota,レーナ,209061,118827-rena-kubota,1991
Q4935436,ボビー・オロゴン,Bobby Ologun,近田ボビー|近田 ボビー|ボビーオロゴン|ジョイ・オロゴン|カリム・アルハジ・オロゴン,11894,,1966
Q50641980,渋谷莉孔,Riku Shibuya,,40488,,1985
Q510989,田村一聖,Issei Tamura,,34371,,1984
Q5154955,山本喧一,Kenichi Yamamoto,山本健一,236,kenichi-yamamoto,1976
Q5209148,松井大二郎,Daijiro Matsui,松井駿介,318,,1972
Q5209170,DJ.taiki,Daiki Hata,畑大樹,12315,,1982
Q5209653,中村大介 (プロレスラー),Daisuke Nakamura,,4910,,1980
Q5288771,三島☆ド根性ノ助,Dokonjonosuke Mishima,,1170,dokonjonosuke-mishima,1972
Q5349218,光岡映二,Eiji Mitsuoka,光岡エイジ,2235,,1976
Q5371059,藤野恵実,Emi Fujino,,10006,emi-fujino,1980
Q5371137,風神ライカ,Emiko Raika,来家恵美子|ライカ (ボクサー),176295,,1975
Q5371429,柳澤龍志,Ryūshi Yanagisawa,柳沢龍志,668,,1972
Q53764824,黒部三奈,Mina Kurobe,,119851,,1977
Q53764876,朝倉海,Kai Asakura,,226035,58234-kai-asakura,1993
Q53764960,朝倉未来,Mikuru Asakura,,113195,35200-miku-asakura,1992
Q542566,黒田エミ,Emi Kuroda,秋本美鈴,13733,,1978
Q54293170,川村虹花,Nanaka Kawamura,,270241,,1995
Q54867705,内藤のび太,Yoshitaka Naito,,110387,,1984
Q55406545,青野ひかる,Hikaru Aono,,265437,,1993
Q55407330,若松佑弥,Yuya Wakamatsu,,199349,,1995
Q55407343,堀江圭功,Yoshinori Horie,,227513,,1995
Q55524466,NavE,NavE,,115505,,1990
Q55536786,長谷川賢,Ken Hasegawa,,76908,,1987
Q5558394,ジャイアント落合,Giant Ochiai,,322,,1973
Q56345927,山崎桃子,Momoko Yamazaki,,253953,,1992
Q56354137,松本光史,Kōshi Matsumoto,,42341,,1983
Q5639983,大原はじめ,Hajime Ohara,レイ大原,17919,,1984
Q5686120,碓氷早矢手,Hayate Usui,碓氷ハヤテ,6783,,1971
Q57314625,松嶋こよみ,Koyomi Matsushima,,188675,,1992
Q5752381,門脇英基,Hideki Kadowaki,,1345,,1976
Q5752647,所英男,Hideo Tokoro,,2276,hideo-tokoro,1977
Q5752709,門馬秀貴,Hidetaka Monma,,2278,,1973
Q57538501,武田光司,Koji Takeda,,243733,,1995
Q5760445,佐藤光留,Hikaru Sato,,1716,,1980
Q5770376,北村ヒロコ,Hiroko Kitamura,,45331,,1972
Q5770440,HIROKO,Hiroko Yamanaka,山中裕子,20271,hiroko-yamanaka,1978
Q5770599,金原弘光,Hiromitsu Kanehara,,1441,,1970
Q5770605,三浦広光,Hiromitsu Miura,,10971,,1981
Q5771472,阿部裕幸,Hiroyuki Abe,,1293,,1970
Q5771594,高谷裕之,Hiroyuki Takaya,髙谷裕之,6782,hiroyuki-takaya-streetfight-bancho,1977
Q5772256,渡辺久江,Hisae Watanabe,渡邊久江,6984,,1980
Q5872201,赤野仁美,Hitomi Akano,平岩仁美,11994,hitomi-akano-girlfight-monster,1974
Q58886184,上田幹雄,Mikio Ueda,,402618,,1995
Q59135060,海人,Kaito Ono,,,,1997
Q59552216,大森北斗,Hokuto Omori,,,,1995
Q5965720,朱里,Syuri,近藤朱里,216929,128154-syuri-kondo,1989
Q5971139,川口雄介,Yusuke Kawaguchi,,21975,yusuke-kawaguchi,1980
Q60194618,平本蓮,Ren Hiramoto,,378737,237092-ren-hiramoto,1998
Q60987392,山口怜臣,Reo Yamaguchi,,315061,,1999
Q61057310,小金翔,Sho Kogane,,85904,,1987
Q61057846,村元友太郎,Yutaro Muramoto,,192509,,1994
Q6148257,YAMATO,Masato Onodera,小野寺大和,,,1981
Q62018825,パンチィー山内,Panchii Yamauchi,,21038,,1981
Q62085277,杉山和史,Katzushi Sugiyama,,4495,,1976
Q62085285,奥山貴大,Takahiro Okuyama,,467504,,1994
Q62085384,下石康太,Kota Shimoishi,,45947,,1987
Q62601649,奈部ゆかり,Yukari Nabe,,228623,,1987
Q63131335,福島秀和,Hidekazu Fukushima,,62834,,1984
Q6313766,生駒純司,Junji Ikoma,,2223,,1970
Q6314410,KODO,Junya Kodo,小堂準也,19376,,1983
Q6318684,中尾受太郎,Jutaro Nakao,,438,,1970
Q6378095,藤井克久,Katsuhisa Fujii,藤井軍鶏侍|藤井勝久,234,katsuhisa-fujii-shamoji,1972
Q6378220,井上克也,Katsuya Inoue,,6940,,1979
Q6378241,柴田勝頼,Katsuyori Shibata,魔界4号,10434,,1979
Q6381456,浜中和宏,Kazuhiro Hamanaka,,7684,,1978
Q6381485,渡邉一久,Kazuhisa Watanabe,渡邊一久,74595,,1983
Q6381619,横田一則,Kazunori Yokota,,11335,,1978
Q6381671,高橋義生,Kazuo Takahashi,高橋“人喰い”義生|高橋和生|人喰い義生,153,,1969
Q6381685,山崎一夫,Kazuo Yamazaki,,,,1962
Q6383637,山宮恵一郎,Keiichirō Yamamiya,KEI山宮,237,,1972
Q6383697,たま☆ちゃん,Keiko Tamai,玉井敬子,10702,,1982
Q6383882,藤原敬典,Keisuke Fujiwara,,22680,,1982
Q6383921,中村K太郎,Keita Nakamura,,9572,keita-nakamura-k-taro,1984
Q6388985,ケンドー・カシン,Kendo Kashin,石澤常光|ケンドー・カ・シン,329,,1968
Q6389247,緒形健一,Kenichi Ogata,緒方健一|尾形健一,2597,,1975
Q6405567,佐野巧真,Naoki Sano,佐野直喜|佐野友飛|佐野なおき,295,,1965
Q6406441,石川菊代,Kikuyo Ishikawa,,40760,,1984
Q6418717,國奥麒樹真,Kiuma Kunioku,,864,,1976
Q6419127,田村潔司,Kiyoshi Tamura,田村潔,1451,,1969
Q6419152,清水清隆,Kiyotaka Shimizu,,31882,,1984
Q6425967,佐藤耕平,Kohei Sato,,1289,,1977
Q6451952,堀口恭司,Kyoji Horiguchi,,64413,19983-kyoji-horiguchi,1990
Q64783910,摩嶋一整,Kazumasa Majima,,125811,,1991
Q64784071,石川健太郎,Kentaro Ishikawa,,,,1978
Q65095776,平田樹,Itsuki Hirata,,311639,,1999
Q65265424,岡野裕城,Yūki Okano,,58925,,1986
Q65273488,猿田洋祐,Yosuke Saruta,,28145,,1987
Q65275978,石橋佳大,Keita Ishibashi,,51273,,1986
Q65279887,芦澤竜誠,Ryusei Ashizawa,,437896,,1995
Q6535130,キック,Kick,KICK☆,,,1979
Q66480257,渡慶次幸平,Kōhei Tokeshi,とけし こうへい,74283,,1988
Q6735143,市井舞,Mai Ichii,,20272,,1980
Q6746572,中西学,Manabu Nakanishi,明石家学,7515,,1967
Q6760911,金子真理,Mari Kaneko,,6972,,1972
Q6782438,今成正和,Masakazu Imanari,足関十段,4862,masakazu-imanari-ashikan-judan,1976
Q6782587,金原正徳,Masanori Kanehara,,13767,masanori-kanehara,1982
Q6782803,河野真幸,Masayuki Kono,,13368,,1980
Q6782807,成瀬昌由,Masayuki Naruse,,1529,,1973
Q6809947,V.V Mei,Mei Yamaguchi,山口芽生|V一,21461,12035-mei-yamaguchi-v-hajime,1983
Q6837866,小見川道大,Michihiro Omigawa,,13005,michihiro-omigawa,1975
Q6845539,長野美香,Mika Nagano,,27106,10099-mika-nagano-future-princess,1983
Q6849875,山上幹臣,Mikihito Yamagami,,35739,,1987
Q6850242,MIKU,Miku Matsumoto,,11195,,1981
Q6884821,魅津希,Mizuki Inoue,井上瑞樹,71390,25717-mizuki-inoue,1994
Q6935945,澤宗紀,Munenori Sawa,ランジェリー武藤,19207,,1979
Q6959305,杉山直歩,Naho Sugiyama,スギロック,52522,15603-naho-sugiyama-sugi-rock,1978
Q6964771,小谷直之,Naoyuki Kotani,,393,,1981
Q7046040,朝日昇,Noboru Asahi,朝日愼一,439,,1968
Q7046077,田原しんぺー,Noboru Tahara,,15244,,1983
Q71984,上田将勝,Masakatsu Ueda,,14522,masakatsu-ueda,1977
Q73112038,鈴木千裕,Chihiro Suzuki,,226285,140868-chihiro-suzuki,1999
Q73112245,金太郎,Kintarō,,80347,,1993
Q7334037,福田力,Riki Fukuda,,10229,,1981
Q7385254,川村亮,Ryo Kawamura,,13514,,1981
Q7385501,村田龍一,Ryuichi Murata,,13413,ryuichi-murata,1976
Q7385531,上山龍紀,Ryuki Ueyama,うえやま りゅうき,1479,,1976
Q7403168,能村さくら,Sakura Nomura,,61634,,1976
Q74145738,雅駿介,Shunsuke Miyabi,,380467,,1994
Q7415460,菊田早苗,Sanae Kikuta,,252,,1971
Q7420869,石岡沙織,Saori Ishioka,,21463,4162-saori-ishioka-shooting-star,1987
Q7426351,しなしさとこ,Satoko Shinashi,,6974,,1977
Q7426402,本間聡,Satoshi Honma,,251,,1968
Q7446613,池本誠知,Seichi Ikemoto,,1315,,1975
Q7446684,井上誠午,Seigo Inoue,,24230,,1986
Q7477629,中尾芳広,Yoshihiro Nakao,,9397,,1972
Q7496341,大澤茂樹,Shigeki Osawa,,44501,,1986
Q7497516,小島伸一,Shinichi Kojima,,8669,,1979
Q7497713,神取忍,Shinobu Kandori,神取しのぶ,19313,21616-shinobu-kandori,1964
Q7497781,石渡伸太郎,Shintaro Ishiwatari,,15245,shintaro-ishiwatari,1985
Q7499482,杉山しずか,Shizuka Sugiyama,,40759,,1987
Q7505055,大山峻護,Shungo Oyama,おおやま しゅんご,335,shungo-oyama,1974
Q7674340,安田忠夫,Tadao Yasuda,富士の森忠雄|富士の森|孝乃富士忠雄|孝乃富士,584,,1963
Q7676422,小比類巻貴之,Takayuki Kohiruimaki,小比類巻太信|こひるいまき たかゆき|こひるいまき たいしん,92397,,1977
Q7676451,奥野泰舗,Taisuke Okuno,"奥野""轟天""泰舗",13389,,1977
Q7677355,中蔵隆志,Takashi Nakakura,,5369,,1977
Q7678038,佐藤豪則,Takenori Sato,,12196,,1985
Q7678115,リオン武,Takeshi Inoue,井上武,7718,,1980
Q7678183,水垣偉弥,Takeya Mizugaki,,12074,takeya-mizugaki,1983
Q7678583,中山巧,Takumi Nakayama,"タクミ,",1325,,1973
Q7706865,加藤鉄史,Tetsuji Kato,,423,tetsuji-kato,1977
Q7820181,WINDY智美,Windy Tomomi,風智美|ウィンディ智美,6999,,1976
Q7827434,矢野通,Toru Yano,,8317,,1978
Q7960773,鈴川真一,Wakakirin Shinichi,若麒麟真一|若麒麟,74753,,1983
Q7960843,馬場口洋一,Wakashoyo Shunichi,若翔洋俊一|若翔洋|WAKASYOYO|WAKASHOYO,13345,,1966
Q7973015,坂田亘,Wataru Sakata,ナットーマン,1447,,1973
Q79815670,江畑秀範,Hidenori Ebata,,422632,,1992
Q8012929,西島洋介,Yōsuke Nishijima,陽海山|西島洋介山,14884,,1973
Q8049996,漆谷康宏,Yasuhiro Urushitani,,1349,,1976
Q8050001,滑川康仁,Yasuhito Namekawa,,1462,,1974
Q8050031,玉田育子,Yasuko Tamada,,14054,11914-yasuko-tamada-ikuko,1967
Q8054530,安生洋二,Yoji Anjo,アン・ジョー司令長官,182,,1967
Q8054590,高橋洋子,Yoko Takahashi,,1992,,1973
Q8054598,山田よう子,Yoko Yamada,,7230,,1979
Q8055988,谷津嘉章,Yoshiaki Yatsu,津谷章嘉,326,,1956
Q8056079,山本宜久,Yoshihisa Yamamoto,山本憲尚,454,,1970
Q8056267,前田吉朗,Yoshiro Maeda,,6887,yoshiro-maeda,1981
Q8056339,吉田善行,Yoshiyuki Yoshida,,12073,,1974
Q8060542,KUSHIDA,Kushida,櫛田雄二郎,8916,,1983
Q8060566,辻結花,Yuka Tsuji,,6983,,1974
Q8060656,佐々木有生,Yuki Sasaki,,1255,,1976
Q8060664,正城ユウキ,Yuki Shoujou,,9577,,1980
Q8060747,坂口征夫,Yukio Sakaguchi,坂口 征夫,22195,,1973
Q8061123,堀田祐美子,Yumiko Hotta,,5968,,1967
Q8062053,久保優太,Yuta Kubo,,391321,,1987
Q8062130,久保田有希,Yuuki Kondo,近藤有希,5107,,1974
Q8062231,白井祐矢,Yuya Shirai,,9532,,1980
Q81031257,前澤智,Tomo Maesawa,,111831,34242-tomo-maesawa,1987
Q81783513,堤聖也,Seiya Tsutsumi,,,241478-seiya-tsutsumi,1995
Q8190488,村上和成,Kazunari Murakami,村上一成|ビッグ村上,288,,1973
Q83207060,マドレーヌ,,,,,
Q84580949,あい,Ai,,237929,,1989
Q926027,青木真也,Shinya Aoki,,10774,shinya-aoki-tobikan-judan,1983
Q959636,中嶋勝彦,Katsuhiko Nakajima,,8325,,1988
Q96273479,神龍誠,Makoto Takahashi,,220083,128155-makoto-takahashi,2000
Q97031503,岩﨑正寛,,,54677,,
Q97166348,箕輪ひろば,Hiroba Minowa,,211597,,1998
Q98734547,斎藤裕,Yutaka Saitō,,87378,,1987
Q98758004,出花崇太郎,,,261245,,
